376amcl0s661rQylyXqHIRBkeh4OLfjMlpxXPgVGmbFd0EMyjCDzbOjE4lcNPJjA,1645779348418409424
6ehTKCj6mzhmB3kuDvtpJb3NMdkluSt06aRRlBVV8BFJExDQs4D9fEV2rDllffjm,1645779348518233962
DABwJgPRrek4bxUT2fdft8fkLRTz4AlFIuCcYb3QGoSpjuHjZsPSy2AHTbGVlzl3,1645779348618223871
tvdSWhqkTGYA8puhhH7fJFwlqBEZAza2uESPtI7MWfWeUOJ9dOmvdhgRsu00sY2k,1645779348718239760
kU9dkHxGuSsNqBUSZHNAy1botZol8pWqJdU2sRGnt98iIcAstV0pWcdP9Q9FFd6Y,1645779348818220946
GaY9zpury0XGcf6UA7Jehv3qLA4YnA62id9hS3WQ13edij5sqPWVIYJbgN9UXDWF,1645779348918505186
qfvIgRghTJIB2O2qlWL12ccj0lBVwfjnKc3y3idU1tg3Hgr0CC1DmdwmM7GHmz44,1645779349018455243
b50cnb7oUlpkRgkbqkodNiNindzXc1ZB6Zos8tgbeUL3A3e1nRe991rxdoSFn2Rt,1645779349118256948
ZDji6QJiucl2fP3RofayfPtIBLVyNurv7bdBzutrWet92vaqYAmBXdRizxgKpWFv,1645779349218238782
5q62kytGakQcdyRA9DLernNoi36VXKQcAVetRV71EVcpU3zbEJF34cpkewFBEemM,1645779349318286246
7ODYsLZ6q9tKCttPC9SGjIyNCDXOpHkwfyUVH2Z79TQMKJlUQBiARgVbt2zjHidv,1645779349418201821
e8Qv800HROblgKF6WxEvdkXUmUB2ApxoxLh3LgIk2uViCingd1cEl7jWbuYmjVYe,1645779349518166581
oGfAuyswqMf24QhgRJuDQdjzWFlFiKsWYXeSTXMHtzIvPzbrIU4g7lfdyPrgjhCF,1645779349618211100
CrfeM1vD1D8QCiHSCJ8H2ot0DiguPr7ZgmD2n9DmMJDX1SzBk8RmuKn50RxNI4ww,1645779349718241322
qAwbH9ObTZ8S18elE3W8NJBNi8kzAev0osZ3zxfSWntWtXH7YnDv4OGlUykecfcP,1645779349818206323
VCST77vcto8mJPurB7kDUyyyuidXMFupPKIXQC9JyH5Gex5n3ozVmxThe4CyI6nh,1645779349918296657
O4CoEJ7CaBQD6Wy7Kxc4t6lX8vVQzG6OKGCWaIj8T7JXdIfvDH06LjdUf6seNw2f,1645779350018223973
DDCnVtvy0FTcV8XiOVphFQ9sV2WqwXV9kfwFWqBX3e7YleE981oNQyFv0jlwGE4y,1645779350118187473
syDMmOrp1yLkbarjZf6zdJsb0bYHoaFgYR0Lns8oqUYR2P8b3CZgVRIU3olrOyVu,1645779350218189530
PVFBLOzCqWbstkRww0bQStuThdI5ZlxxED8aZ5mNZLDT3eNydwO3pGWWroZQZVNn,1645779350318175752
iVLFb7aARnbUPxS2to5h2ZBtLjKsEhguBz7k5hsWSSyrPRsGDvvGV79qqTj29NwK,1645779350418212679
M32RiuvAMuzjJryUntkG0s4oJlqS6kkTnmsTfmb1gblxQjRBaARb2UNLFEmMwUni,1645779350518180680
HdBuPnv3OeymLQywYPXarst76fR1AEjPruJFfCI3rHqCfm8D9dl1We8aKZbSlKpc,1645779350618156180
F8puI6w9NkM0WSBf6wecamAsJmI467fJDUCWa6dvoztIQ4vW0a6ZKGPe0ig5nLM1,1645779350718332550
oYVMc8GO69gWEc0CC4jUI98JppOc8ibuF4HrDXGHgunsWl3gpmB7vHQi4mJDTu5i,1645779350818273366
zMZAtnRYiCOCxRrmE0r7HGqM29XT1cByzj8qUXMCjlNeACQOCIUTYKpYRK2SxBRu,1645779350918195163
uXiP33ZmmwRw8pLI5pmb7ZAYuAypLNhEtNdwQCgC777DvSW0FGcKpkqhsoWDABP3,1645779351018137331
Z2xxDd8KjFVefzcuFEE5w2koqF0yQP1xQyvdc3vJIQxxOZpdm1gi3RXrgVq4up2K,1645779351118146739
mvxMyqfEHcBf9yGvzxe2M9r0eh4WV4pHzkdxbIBqsKT1IjxFeZF0g7yIm3oH5dW5,1645779351218170924
M90xPAnHSGJjzEycnEcRJZj3aVLf7riTzjQOrDgJRz2QBz0wBbNUA6XkZqPgg89f,1645779351318117277
pX3gihx9e0YpzYlA96cJC73kyRQeXYHK5Iyo0vxcvVSs4B2BIcVSkWCivdKSBZkE,1645779351418146333
ri2peySXTsQV3QhL3AongyTabl0kKlx9Tzx7xPfPF3sITXeWhQHMOiuyTuglfdt9,1645779351518138778
bqEYDrvSumkMJMqzk8J7qD5I7j1nNuuyk6UvyONqA6CRQ1Q99jGxwJD22FpN9hLs,1645779351618181037
nonjC9YKFildjCmst2ooJ1qMEdjOK3E7p1p1ANJN54zpElf6mTu5TkPhL93fAHkz,1645779351718451851
HZyPuHl0JknWVSaFuUJLCi0Xp4CxJuwYSsyM7jMPT7vwaVASxTl99leznow7irdA,1645779351818290723
jbVrKpGlx9gVcqxXJigQRIPF6KKm9xvqZQhrFvbC2Hfc7c9OInok5Cx9UHwdCpTj,1645779351918186520
F9ZS2Ad3RIfWtns9agreqonK3hvGWPzlWYCWgpZ57Dby0T8a8zEym2HphC3Eb3x5,1645779352018203817
Z9cEy9J4Mt2MK8xS89Pu9ghrsl5Sm0XJA7X6Hp8di902HvVN2sFCYx3Og6qS4MjE,1645779352118189466
THJi6RMmYKoqFHBH9RRfMS42WsSbEBniQ6OUWkG243sHK2XSRy7nP9nv2DWGOKwp,1645779352218174374
OLHs3Yv8blNtnsLErRzGak9cxgrKyn9K6ODAw8GXrdRfUkrLBpZmZiMXMDrIzyd3,1645779352318159319
MqDHwRmn3DQXwGs75Pre5E9QPyiMwLQH9dY53Kr6WHdQXTXasPFvbOLyN2LHNjWX,1645779352418131893
K2aNLRTph6FCZmnP90JiMcfhe0x2hTX1W7PrXsgExtOUf9un9BVWn8DS6ASncxp6,1645779352518201579
2ExZ4bl1UAW7JOsRXMxKU8kbHAOr7DxAPsjURTVtdz0uLrLsDGBhNvIc6hTBsOLI,1645779352618180135
G3mhWFY7DWzYNJPaXaIsTYUZFvj6J2OX58CZLkeYHe5evUFS2VLV3p3HjmN0ojWs,1645779352718178561
riPCR4jigmKbEX3G2Oj4CmLtWirJPN9G4YQVc7BGtTr71vN1H55RrOKM4CfTXohb,1645779352818147525
K86vFFB9j3EiwajDfndWBxqE7VhfHPEcVJVkYgrFj4xdefpJQSnZNenV7V8PsMzN,1645779352918118933
fU5C8vRqzNTd2IwQijz6LnZTGfq81nVfFYrNTGDSdf3dvz3eh3i0oHT4wHAv4faH,1645779353018209544
BPffgq5HT9vP6y3lzlml0DpwVzrXcQpopSRTIWlmdg9kcCVavHLvT9py8eTj4IVs,1645779353118117396
kuL1Q6l2kumN4HxzXIs0PfwYJPFMgiEQcZP0eA2O4oj84g5ZxvXMaRsuo5EUnStN,1645779353218154378
zIObRO0TBjaDOfkJZHd9gU1UXFzJfqgf62GXPEzawZlICVZlmAtSeuuA8rTnh9Qo,1645779353318124768
AfJZrI7nps32Ncn7lgXNZRXfJ0Sy8rkIU4pLKw78oAABlvGWant9EPmVPEUX3EnX,1645779353418186045
GcrZYyhK6rTpkjJKUDRjcDCzQgVRtIz9togPkNkqCDexvxHP8h6iuJiIxBkoTjwK,1645779353518149935
VckF0U3Cfh9afP0l64UyNAHJL17mi37DerSeJToyByXoLVZRZ1NvBeCWfJHNLOYz,1645779353618150657
DybWSPSbLzPgUw52yRx759cjQt4jHdgUbFy1fQcyQ1dswguu7pzDwbwLU04jbjBD,1645779353718383638
y9EbYpawqDokrhczUcCRD6mg4oPgXZrUg35EsdAhqxRic4f6gpXrvHXz6vdbUU58,1645779353818245843
W9NOmV5bQVH2Xw9Ble2gwYd0TFbvjf3FoOcYsf9IAQLfMSq56rj2PL0qaalHFmV1,1645779353918276565
B7Z1khJt7cYS4PX9EF9daATAkCRxyuy7zV8kCQdK2Bk5YFEmULN4VqCD0eAxW64W,1645779354018207955
cBGobt6d2ogZ4sLWEhbhVnvWP3TwAVSkggWHZbtZPX8RQSye9ZJeKE8kGZeQ56Al,1645779354118166604
me1JFssfPz6nR2PYZjAuvJcBsGZxKhh4MgLbYBEvAJjZL67vpIpjbPuRfSNx921V,1645779354218449899
iM5EXJ7gcoFyvNrifeRE3Kdimyfv0ePgyUsTl09OmPKhkBONpnZq7CYrBBn9nAql,1645779354318233400
ciENgOjTl18VCUszIRnPbLHkU2uHAi2mQF75drWMscr37h0P6omh71Sc1KrB2sxQ,1645779354418155142
73Tiuz4kctnham6gaqLhqlHr5737zyW61zotzqeZjPGJBKxl8IRy4gq7nrDknjqn,1645779354518211216
icgfSIC9iSQtkNdte2piidpUU2EIj53Sfj562IFiigbT1CKfE7Lxl9RD9dTtiWJM,1645779354618140753
GOQGedyNJXoJk6ywBItwRIAawdTc8kwO9Mcl0Y6H5sanwXk8pb4EsComoGMw0JI7,1645779354718297975
futdQxvVqTHmyzulYxzQ7oCt4Xp4q5ATz37N00tqR8bO7T9dQ94WvEPzlF1ZIB3G,1645779354818243105
C8dD6U1Vcath43LSANy5bM2Lb3srDt7P1la5FabsASXCVqffDbinxk6WoyOzsVOr,1645779354918170588
GxxWVWMfwrqSiT5t4og0YkWKjuHbOgScbN66rQjoIXGy0Jr55W5cGZuzSCYqq1SR,1645779355018129385
MXVExC2FkGBkX1ndXqDlQ7jsJHg7G6Ybd1pZEpow5yeazSBUIODgWwWnCAvQHR1s,1645779355118104829
RoRddEZgADF9dQbupoaJj54vFzJUPJLq7kRjy0N8BcFn3qhqdF9MKDFYBY0arLOx,1645779355218188848
6ne2l19wcMhfBOVoccAupNQyvRWlmugqfKrQJ0LvM2YXP1J1dRtRoKPijwTTo7KU,1645779355318146885
PBui9FcTIAzfCIenkXEYpeGYah2OmMsBVlsc0U5Gc2vmLXa35obsSqR0VTPInFRG,1645779355418118645
0JszlvDOy7AHeiKhXvaxj1wFUJVFYwVXELUzEhNCoWTTElAlhkhOldbDw6QS1tzF,1645779355518099201
ERET9adx65OKqX4VHjs1MTCGYdiXWgkj7yAEWnAcqYvf5xALg0M0UWG07wXeaHLi,1645779355618149275
DVukG4K7dDmgAu1ovLoNs2NzzsbZ9wFKRA4iENnpYXWhRXVKtIhjK2iHuIp1E2Me,1645779355718172090
COKPl7EIeiz3GUM7k3q54WKym90zCMdMkvlU0ymcejfsB1zw3n17IL34T11fNez6,1645779355818232942
XjYXfI9J1nCCo96px7wDRyFszHXLtUPRDxysD6CCtMMfVTVSYPdzNtrNAMi1p7S2,1645779355918100868
2PtFT3PMPl1uEULluykHpaexuKzjPRkRodeHg3d5pdx17Im1FVH43t2xE1fdQP3F,1645779356018081628
2hUil6lYjiZozKoEp3GswIn8HSkgrnttUNZDTKlA3Jx0dlESoUIil5r0YbePMXHo,1645779356118072480
tq2M9lVA4SAhBM7zqPfZVWY15CQRkfEdUExdzQl4svj1Fry5GedlABmELBd5orgI,1645779356218363886
5ct32e5tXoumftqwXTffcQtxZX1NMheQHXTKCYBhM5U0wIwRjZ7LxyGWTHsqxWGE,1645779356318171665
3jWDFhtZnLZhdV9M3Ef0CvVgBNW8rkKsRr4gYxFJIpztI8FJMsKYnnCw8g2zQNpr,1645779356418206461
CtViol06Yzxo7A8R2QxoDAkJqnIH856Kzc0nL0srzpf40lV0BToMdZfRKvgQ1nky,1645779356518135129
NkjijbZiPCnNyIN7jAUMj7m13SR2F90arhIaHpJg2610MM76WZQDhCEiddkqmiRe,1645779356618152795
PjEgZVKbZJZwgg0CEOQvbcdCGL221TeQBt5iMNHwhoqNUqZgExbnaCzqX0qYRVxa,1645779356718085814
M0IiNXc4LSPoIxUVu6GSGEIoE7KdcHEwHUcf2FhLh79y2cRwghPwvfk7m3lMKzGa,1645779356818197147
TrDT6uplzwh1Y6wEoJBhwtnhwY3FVIpw92QDuDws9ergkluW45C1xzitVj80zxu8,1645779356918203666
xIJsTGidsZJcLB7NFHOCE45joChn7Zu5sDvLTdwLADwTP1reGFoUIrB43qpBPjEH,1645779357018102852
v9bMkXgujaO8bFkpSWJkNUoRIeahLoxGxYdh3HZmrxsSAcHd6YLU0AtImTz5FuMC,1645779357118078704
SxrWCQI3MBTWlk7sGTKEbDWLeTQtOk3ofuKrIbuckN7T5ELJhfXGq3bUV2NrkQfQ,1645779357218149148
IyHZXABHXIkbX4uChSRWT20y2MnnmRD3NScucl984rjZtdjb5A7XB5TDRH0CiBF3,1645779357318174093
cpxEa4Kcv39pfrOkzTHAYjOy0MAgWNj8AeKiifJbgSOLHm4HFJRm2nk28sgeDNkN,1645779357418102667
145hhOJOpfj6SlLf5nP7Y98gzoKCC4ZB7dtozAAopstFdEvizIoYSwEPkXcuZ96g,1645779357518099408
kxTk5bWuTP85c1lbJZ7jTK9Cpl6OsA3d7ULC5r5XFDcpCLQVvWFMoOYd7dzxn2Yt,1645779357618175260
Ut3aj65wHflT09ztfCGTao4fR4cD494Z257jCAfTpQvpaujD4zhcljHBnrMq0QP1,1645779357718103056
VUkfeO7To2GMuzaywFaiwprkgDafbxg6POk1krUXtktniRleeJKb8BJmOrRzm54B,1645779357818204112
SoACfejWMbJ202hdJzERBVDXMdV6iXF8JPJw32SNbjQaj5D22PTBuehEFAKwhZ4y,1645779357918140001
yNuzOMKx3iXmlioo7Fz1rgF7oX3V65T2TL1pfKmi2IUo0Ga8TZ7LELS2sTWxYxzz,1645779358018127946
JzmyJXhLp97nOhtrF1CRMcRC3x9av9ZC8KAPrpkezqRLXJCkKNBezdq3Y0dR7AdD,1645779358118090372
UmcJbKxYAPtgi6Q0TacQDSRjQ2BVBmidYKx8duenHYTxcsx3SZRd0rMOtVu4Iaio,1645779358218464629
tfuWXZJp5lmhbki1H7eFyycsSUui4aWxDRTlyla3UKi52Q6IXiXWe9M6bEogpJb2,1645779358318213686
i5lgoJjIeRLepRwK7UolbAsBPerCxSCdVwJJF0brPwWELSXSuLCUU2frgU1cwDFQ,1645779358418146909
9XjNXJCxDi9Z9gz109TSB6JqaKSVVfvdCc0kvCf7toe0Td1RlTtwZCk8UAdzqWc2,1645779358518185297
6ak0lN7eAledMd276v2g5moZxPWlt7lzhUzSr641pgcCKeHOZH2e4oBzDii6pT4U,1645779358618147075
v3vn8zmvgP5y1NMZeNBgBNdN3LTqnVKiXDTdDGYrdenez7DbUNGgkt3lDUb0ytgV,1645779358718104539
7A8IOe71IudFzprUC78uy9fBbE9Z5o4AwAQKpXJ5PwJPl8tvDzpB8SLjeSHkGJsC,1645779358818127853
UJWHqpMEkddVlURyTEAZfTIJvX1CruMLDra1euFOYqsJKHInTQK8tdSo8RyzLJIW,1645779358918168594
AsWmnj9La1csGugjI0qBbGyihuh1DyVLq16bjFuHEX9UPpBio1rNFp5xilyvjTFX,1645779359018109928
TJ7AY1RmWaEuONcANTXcHbXzKVs3x5YOOfYwfzgBXs5vEf5Z9bBOAhNUADV7J3Tf,1645779359118077872
hzaMwEXU7bNJGTsN21jCi4etI9yZASErPmBM1ho6IBPWeFseGbqxgUqwboVmEhbc,1645779359218071872
UlyVSkbivyCYD4CRg3OKVCG5zlrDQQnu9lNbVwHPuUx5Y9VCArWe4kj3VYEuw2o6,1645779359318146150
nCfH8xe1Pb4viZ8rRcVTNEWqkkigmXmYhSnpNRom2thiQnZpO4IjGoZ0ZIhJnRrU,1645779359418178242
rcHE36y3xekNRJDpMTYcI6bpMI69hwbZYslawibtMLFnfQd1t9b9FCybS3iAzJhX,1645779359518095613
AQ768jyU2DGfdteU0GeGQaptdY1cpg8z4D4Du2fxDvcomHInVu1vTqm4MlfAPn7U,1645779359618114854
0BfvBIsOESAyhRjALk4mZortaW3xJBPHK2CWL2sXT3TAUDJnvNaSBPMjvPhCY4Rt,1645779359718130187
7cNSeDx5GQEidXUXu2z5RLpKjUWHYx8dXV3Aj0FxRRe2y8ZqAXwZsjtZDNpjKxNq,1645779359818181242
RQ08RF3qhhqdnOUvvOUl7NLIkA135MtUntcC6e2nLqP7Et29FXvKsEcdMbgRyZwl,1645779359918105298
QWxWAxIUnhZ2Yb9n627zGhccIG2EnyzDSuhdpz5deedCDmxKn2J3jte09gEucC74,1645779360018125039
6ofwmkXQM8basYsfZBhI2LG91V3dfAflwLfg3A7QIgyBEqqlzX41sIArlDSQL8AH,1645779360118093057
TpwU03uGhsRvgIhfnjgezoVl1wBM4LcV9Yz7ZsNGip9P5o2qVjUVXyEXuPrwjRPq,1645779360218314167
xMxUEIiv5qI8eKz83RbZPp4HCvDtNcjIxenBxV62LOByh84kZfHzSJEcFQWa0Fsx,1645779360318174168
sd9p9DpSayQH4Uze7FbZYpClFiLEvCBnnKawWOP4KnJPII3PXex4R9pfp9tkL4W8,1645779360418118409
N43rSQvnDECTUDt0pq4Exttm2kULnySA3TzTtuE66OYYbRYOFcdCUWwUFQo2NGAQ,1645779360518189094
h9ra16e7SCf2bEQqo30GYujlLXnilx6S6v07zeCSrrUS3sHquF4SAnDTIy91vDTz,1645779360618123760
8T686Gax72N9ucxoszE0nPT3Nc5GpYFv0J34Zb1fdMmWxhKpgXnTwGVIqaYd6mY4,1645779360718390500
3a8dB7GpU2JPjdEPAzr5FMN3ute0fA5jkDKwLajna2CHdOemNTrapEdj5FijPnQA,1645779360818205149
0k4JIl6qnG7OelA1F1Z2DAkHPS0pDQzB81VQmZGZqLvU66UJ53KJC4YbUYQhyNs6,1645779360918170593
OLUAvkhj3dD9hfRmhl3tnbUH9tw5EoBd8fl1NTkQ4xYlbxXIgb9TAbkKUgPjSZKa,1645779361018310926
C5bYWLwaHULqPr65QFYaqGsJwG2NpKv1PVZwoWU5yotMdzR3Cyb3EUK9kMWXePY3,1645779361118219871
u6xjaQmYEgsrdKsqGRrUvBddV7A9XhAPn68NWvtiZmXC4P0Kqrmk2ONXVWg0DrOy,1645779361218164871
xWJRPA9wwg7y37Grz3b1RxXuRBtc2HaxltO93V5yBCuCKB4HCdGdYnVzzMbzdBvN,1645779361318134889
2HW4nZ0wmu743BJFmZqLLKKIgwFI5Af6Q9ADiA7S2EU6NnJALAVeUpu8j9QnK5tk,1645779361418132648
C3vvB0LDFoJaZbkulDWD1QLkamXspOa2RTvcTEqg27HcizURB1cCPwuzgQpVoNVG,1645779361518100482
qOqKde0fmFFSDksOjSa8OU64stYhH1v7OlR1OQeAduaqcQELtmRFFVI7PqmgphlD,1645779361618138111
RBCpZrxCjV1JwFcn032FXKKw87awmJ7DUK039vEsRFBLUn6Uo6hLP2FV9pRt9Z7b,1645779361718136537
r5f0ztsQ81jamn3atkuIk9orzDl6kqhbvKbuBRIHSzsCmtnebhwMqiDnwwremXGg,1645779361818120833
ppY1HrIho8uZ1fDdK9x8q8um5lOpGeV6U47jtNQfWIEVxR6FZ3OPAI9D1X0IAWOe,1645779361918116444
YTLPqj4K2JqxkwDHyZg6rpHqNH8XnU9JvSimBn4D4s9mpK4ltkriY8YvPhQB9XS5,1645779362018081648
zBpAwtM0mTmZlqIeZ9K7Fs0cXQlfvEksNX0JQKHAn1hYszAR6SWJLWuqufVprDhC,1645779362118091574
kfV90kHlmzIcwQ11tXKC3E2xsWmhjRuS6Nb48qqsn8UkYVjR23d3Ge06Aknr9fHD,1645779362218076481
3qI9h81UEVCkyvAyxn1BP1FXj0Nsge5jVLqATrefKpQIiaGdLFolG1Gx2dpiGsPl,1645779362318091129
EFtf4XLOKjg1Juec9RNNScKUF7AVxZE9m7pod8Cvrqw8ibkr26CSiUxvZ7PXfbeP,1645779362418196165
jREKZODOFAUxjDnlJxBzS8uzEJWrv9EcaQuAp7W2HzxyCkjVgtS81M5Dea2XjH7J,1645779362518090610
h1RU6wWMvUK7C2asv2yuM480eAVNPce5b6Zi264xYO2kOcbJeXE0bKzDUUYs5Dxg,1645779362618107943
HWOJaQE8nGrBsSTUzhSZ1RmTuLLzWGdnn24NQIUDWLNMnqokVGJUg4vaNHXrXAeI,1645779362718146128
Agebw8mST7mEvawQqEsUIo4d3ZUYi8rsoTRibCA2HwEDUAbKOUneGrHJPlr7tgxf,1645779362818214331
9PLiZVkqPy3t7fCV7zANoPgBBVI2AEgJb10AVk0uh2mofwHktP7fplr0E72OLggw,1645779362918147738
ig4DO3555prij9ScWXILI7JUEMrY0XSiBXtXazbdmSJWZl86GOPWVj0i3rE3MgmV,1645779363018090812
Bd3laeMN4fteOzieM78rq9XtylxLShodIrNtThGYL7Ah4qKQxSGmbndYXYtxFhYY,1645779363118095164
XtP0bfWukeboUtDQMTCvEnTlMKiZ0H5X8UVj72brgDe94rZQKjKWWnIq8yQ6DVdM,1645779363218080997
06378fxnqbuuQRLiAfEeQUVWTtceOD0MK4SQhPBXy5RMWk4eNGJolmICfvq16pOQ,1645779363318087589
rqpYD0594UTYDXDalUMWEfitYZueMG3D6slHqoOuIrRTMe486OeK1LDXs5AEMBRQ,1645779363418095626
3Cgry4kEwBiInkOt63D8MOfETnSnyrEz1srzwZDqiv7VdVOkWZssxV6OJWCFLOFM,1645779363518069107
G4LAdX1LS6q4bCo8jgyg934QXEgtatFoxZza6ytW4haftOlc2kGClIaIVEB57Ru4,1645779363618085218
ytc4pVatCBW3XGda0rklAK1fXDieccjaTLeIpC9zLe3tueRsWBbeTcJ0pzfRcMz3,1645779363718139644
fbKSoTS75T0z7RrbaSF45W2uWfK61J9fvR7htXoy0ny6CphnIxrLTrFxXX3WpDBk,1645779363818116921
cHPVmBUnyStBFYwXVlqxc6u9bygQ9p8l4XHrjjcfBToQ1kwXVmS8qMFSItqRjzBl,1645779363918213087
WQaD9ArIdfifQcAtNa1BwHdFASerRpbvD97MKyevdLa1xivIIuUDB5QKX49wsis3,1645779364018097384
szQCx47YNgYJMTbdN5oX9EpgGyd6fTAXSahNcot0SRJnssOGwCl5QajgWKnBnvgD,1645779364118093476
VNY5AS5arMNkDly9xhELFv0lElvzgbD9xjE79Ih1c3jpmfyiMA3b63KIoDHSnSbk,1645779364218097791
CqpJ6UIiX1YKeW20f3Zj5u1r5IKslvcvjPEpuXWPW4hBYh9DljwqbxhgE1Zzv9uc,1645779364318118549
X6QRdwqAyYJWDSiy9cmkaUPmTylM5dxcjN1LHsTFOmjbCPYM2K4amTMGR7aViX7R,1645779364418131364
s7m9zFMLz4uCTSWTla3X4PlTUMwCr4ckBMr8aCRXGLjhmD9XoC4qaoH4AEFzIpjR,1645779364518095493
BZXjlwHzHye1CnYy0boYP5cXJpWZeEyqnTXWPoTfn7gztDvrojPBm1g6rCdTQcHB,1645779364618112363
3pfTd88OGmL9zGylzNukMaqBnRfB3wL7l0YN9ejNQ5UQLS9Jp43BerNPI2ZKwuPg,1645779364718172825
sx11bkM1pqP9IZQ5dRHFIcfYcEqY6FCyADyjyKjlB8sTfGZGhoWxQ9W2LKYRalPk,1645779364818179862
wNUuiDerJUIxlpDQdhO1qs1BCYakJyVFLx818kqPE9MxyYOaFmb4cbDo9oZQm2d5,1645779364918115584
xl55TvSg4pd3N1dalCeNnsAuejKQjyTghYjBUBrWyUXJUAuFLWb8Ol30ULQBJsr1,1645779365018141862
QaAsjzPiRw1v5t9QQkWmTXnxtB8A3x9SXJKEGhwicwbhpk5FSZ2v5nqwyw60tESO,1645779365118110972
VkdmSXU2T5hJomYEJYAOJ0KIvPGmbiB6SmssJKunOb6CLcQf9Y1SXKiShwEIeNO5,1645779365218100898
9FvRZoEvPI7jsWM12NSZf8zM5CehZ1mhGg8nUMjtcoaUKwULIwux2sI74wpdxZIB,1645779365318077250
FQzjkibMWBpp8J8OD0LFsdLwY8YThqfxFcezKFKoP7bVQjtbkEqcq9XOH3rzrUu6,1645779365418143119
6Y4OmMB9TmetWXUEjIoZSLvjMlgEFaKK7Mgrir0Bee289UKsl8QBSLso6Z2K7LeC,1645779365518133360
fI3OA1XodYum2EdlK3wmMpbROblTuNgafhypjTbM1T72fkn0lkk7XJYtvJMpe2PK,1645779365618095841
iL7RnhloAsooacmLKWTrqzkjH4Wv5wDnFJE20zp8qduQFgkXDDM1A4kR9GLEAY1O,1645779365718070433
pDQpADw0rqP4X9aiKwjU1Rw8fHKqnLCdWaQgoKhf94hgDHMXC3zDUvJ9Adxww9ZS,1645779365818199340
ix8WIn9Rrq526PXISXTuQm1bNxXJ44lmztIHfPgUEjXK84aYb1S0nSbAP6RT8CG7,1645779365918085229
3WNiw3DAliSrm0QM1qMmIvuhzLB7VRCYxZFrbQzM8RBsPbCQQWCiR6OOPZVuyiTt,1645779366018051599
Fglq4kACAM2ZvDyLjA29FQXez1XvhyoweZliItsSDsz95xSn6SwJsRvpQSk7QZ22,1645779366118074154
6lkOcaqqToxWlNJpqD8if4Y3UIBvpBxwwgIWE7MfvJCefTUVhaDKejN70W2pfxjb,1645779366218072209
b26o9ST4kdiP7Auml54NpPUpwUcbQMB1MHpVhHXRuDozOgj7mlUbBxO5R0grKprg,1645779366318193689
4e9mveBosylEeTLQEnzPiNU8M9zgyoL1TSlM7w8xsuBXNUxbFxzyIT6ec3JZscYJ,1645779366418124800
4Jf9Do66gFd1hYcxVbtm3xQdyhAqJi7M1lTDZYJDnuETSoQwOHiRC62AoDz5v6Rv,1645779366518095633
rv6ORPbEHnhhc5d0KJRWQTfCeeHYihTYaZu1wUDBHtstwUtHlIl9kOLO0bwjINFs,1645779366618086170
u9tod4zvxqmuIg93wsDgHY3H7xyPLDFDL60yBzr8ne25I99E2KvJqwaytZNCkdQ5,1645779366718222335
jQ2sNt19V1EnBL2DfvUWr4UibpvKQJP8hP02H1Bm1OaChaNNVrrKtJ0T8vnXCAft,1645779366818182057
afupf3beP9o7jBSC0JUtaVKgO7DbGsSoWKd9OCnnMbu3kKEkdgbBBwsY157FwZ3Q,1645779366918117576
seZGrK1DvuEdESLq7w1Iqroqxv5rT7HLloZc8an1S0ehQzVXtUoiMcYHYb8ziNKS,1645779367018131816
Bt2HRoIuowZEt2mkWYSqAy7gaDfGYxijojyGXG8LAhX3jHoDpE4yD9cnLI1tDib2,1645779367118128260
RZIyqQH05o2m4oxt21pF9S0Ui2Nviyx9WF5MdMKg8KSA8O49PrOWJN01NOx5KuCq,1645779367218083408
8HAlbTQhnssuGu3elPA5m947X1CpuMe2dolCHBs32kxGcysLN3Q8ATFfUQUOm8OO,1645779367318222277
vAYALQBL88ci6U4SVUafvnKQDnmytBKmJsxcH6yPFa8J2ClYeJBa7UyIHiEArYxA,1645779367418184554
Pslgyh5BHBTHLEnyWzWbRUriA6q2clA1dthaallpuE7GRsEvpiWGALyKRnK4YT3A,1645779367518142610
MlkxUTmOgre5kq0ZYUoipk3HXLJ6oMEB5y6ZRqy5iaAQRAxxelgUUhj1205pKJ0O,1645779367618101350
F4xfutkaUvyt5wqifUA99t9ArCzBWxZl1VQtO9Uq4Sh7MWp0yz78qEIhRFrvCOgB,1645779367718089924
t54GEY4GzkNJGDJEAPK1dag4pXz1weCnhH3tn69kqW46hLIskdrODXQ15O2z2Dmj,1645779367818064127
SocFujykF2ovL4n4feQr9qsEEsBE5yxXkXleGjMUj8N2CA6smWjvNZ8ZRJoXFj2z,1645779367918047886
FnbVUxxD5IGGQK6Crn6CMClnVXIjFLiU8KxdFvoJB2XcNdoEQsOm47ZYfqHuBxOH,1645779368018039404
HLsVEhoQhL24woGMfe8jmfFPVWHgUdwjwoE9T0XBJXDFJUZy6hgqLvDqSUVu5Rb2,1645779368118075088
DqBhogs6D5JWXtTca9Qv4ekU6DMCcyCpmLWa1OeCSyixr9ZPI0JLc3niEAuq86fs,1645779368218097439
RCSQY5cy3JwsSTHlRa43brmnzed7jJx8TQZ1TB0WUwOvNdepCisnXcZXHCc0Ta8w,1645779368318144179
yfyRpwvJqHCDuq26Wts4VRbmbBk5lr1jUx8Jt3djKnvDevHAo7CKWn48xnDicCQ6,1645779368418141642
AYQ3c1luoe7QZNbOUlg1Xi9UVKC7WcEg9eildTdR7jse6R2aCgbjPiDu2O0ZyCF7,1645779368518082512
qxqROUsTBi8H98rKpR1E9D6Ab6jXIwf6sTXEvOg66oLEuBYhcXtjk0rL6atNVWRN,1645779368618093826
zzZtLFzR1LdwWBd6jXnRVfnZFewi8M55Ldyesw5uHjolsRrZwe1PHmzXOtDWFHZY,1645779368718065566
uYCmUGgjxUSpuHNovMED6BiU4vyKAVs433rVJVCGye3svOepkq0o1gI6ZEOkkEol,1645779368818129139
HdFa9Ro74sxxGZmzQknRQ4V0Gti08UkP8zyFOmKScHQroAoEvbeLd9Ju3zs9UcYc,1645779368918089787
bUryFBQpQogCzURu45DhCVZFUSOy4vYeNNcaW2Qup67oZYidbtIlOsztKLpMEO0c,1645779369018052268
laCIbcCQhJEGpurOn7ACz75HSuchGcJ2BTIm4UClmQzZKow7t4HrBM8dFkKVLbVW,1645779369118045342
3nG7GSq0qnXAbTFUXXLgrSK4AcYTE1xHnDM3dC1TzYbY0p0VKKC9mWEu6kMIlJXY,1645779369218081507
VtZ83Ya27BY5yZaIrmSbGeVNOpf99Dgc6Fi8mIAtShwQEWh5J9gZl9u9zaG6lwip,1645779369318113247
AOxwf6n7njV1FA4WJk44tyBqWSwHMc7W14QeADlvuEuAPyegiijahsODKLTfvaBu,1645779369418104432
caYlnHggWZotXSXEBEoq7C1PVU4R4GJfqsQb94Hfd5W9W4NfG9VNLWnpzrE15Xgt,1645779369518050580
P4VX7kAiohrKjExzNSNhw8Utziv5DZybeR8jAIRyzHGgVDgrd1WX90R6gM9tv8UX,1645779369618073764
XcEhtgdsxrZQ2DFfClBJjcPPwXHpfjLAKZqDFT5AJcZLnozzaAGJmehiByVofqyz,1645779369718089356
QoCdGGoZqLuc9tZh3qznUgTfczTFpPFFCPrSfdzUyr67lfnmTmYvQ1a001FoPU3b,1645779369818027930
uu1XVy1Tp5bYjMJC8r6YsgYrgnf3GgeAZdf4bfYOk7xRTGcZ5i5vMdm0OP3e4fmd,1645779369918076318
ISfr7BGpGBFhRrGUZLPtwCuJZxxddkEtAulF3z4KAJzZ8E3fXSZUcTnCOip1Q4va,1645779370018041206
wepzdsHn9HMIVNx2pWUSxFeMyRLOVExPsmPVceGmta4OxzPlWrDR7pl3G7RmLMBC,1645779370118040520
9YfjDwV6UXTSXqB1fOSmBEnRJDBcZLogtUQ4Ot9sRaIwOTx3pNo0ZbSsmdVMwH2o,1645779370218068853
lQq9Kz0jXIftkcvXxjYXIyN5ZsPW8PKtqA188zrdFUXz4SV193YR1wUYmr4uHOm7,1645779370318104018
XlDfk4IxWnvaFQbOTAoS4G0o83hPRTUwCfbuhsrDdmntCOFdW13YG4NO74lWVDTf,1645779370418063777
s2ZXsOkUBXNLtaxOa0wq2HC9Jveo85Ry50VwPDQYkltbJqztpwhrBtzVodJugjql,1645779370518047276
jLh6W5eGqWqAKp39jjzvcyQPZhHFQ8y8ReEyjrCaN2ifslnZUmU5ksSHajUyrS6J,1645779370618109757
4JFmARKXU2AKlxrEjMJRClikSCjKdnbh6oRGFllhnwzZtrnbB42Nnj8FvpXWa6Ch,1645779370718206108
udx8PhpCdpjUeW3pY6ALpGbi56FgDRL74GDRx3cYqL1Sq4HOAPkxgJgjPtNaKigM,1645779370818065997
ztouuOTijSAXWPwfpecVvGEI9atRIZoFSaALyb3f3EDZb7EQlpte36wDgpcyOQEp,1645779370918103329
yMAuxBa0NnZzsmNdZHHcLBn11QxNo9AlVIfSUFSp00mskATHPirkudjt3gEpqPaJ,1645779371018044328
fEm7RCxQAjIurk9GQ1yIeh9fOOUCl3VQFFYgST6cANV27eGVdFoHwxwIJPS4QyVf,1645779371118046272
D1LdSQEcnhesJtLx89E259LOYnTwjwbvvuWNIkz5PcvjVHgbOsdT1wqXiHTRD2K6,1645779371218515621
vrTDZQHz0AgTRM4qCgHEa5jIMBiZD0d6r6KPVZMVj2xBMzzYfEkEKUWgfCEqDrx2,1645779371318420565
wFPPoluXlrg7rdeUqMiAoDoTN0IYqDZmSy9Gi3lTtQbi3DArZrzO2opPm7wcIVMk,1645779371418161028
RVy9XidO8C69NE1w50K5m8TZDP9WsWGJ1DRYv4w3E0AbD9VGAoMuwpR7Ebd67sN6,1645779371518154565
5odyqXz2W9bjJ7zRtJJn6luIMWMROkXRYAPNgMPCV1vm6sBzATmGEeZYAvzWdUxA,1645779371618110879
dKXJguVAvOuzE4yOXidjNAHV5E2hgxrJIMawE34APz7e160YmdH7nWbrkdWOaLiq,1645779371718080230
fGltIp1hm9JnDILxta5f6gUoH0DpLtey9PrPEt5z0OmDe6AYgDBltfZ8dmyyfcun,1645779371818136562
1lADcFCcexpG3yohBzS3c2BFm9BQj5BipLwRb64D1rT4pGm1DC4qCD3zLFN4IYn7,1645779371918085803
thZSldfnU7pINbHYmJMyWQvrdIuvqf3iMcA5DqsfvgxIFEo1VB02bvrCEl72QAkk,1645779372018078302
mvoxjedeKauanibIrZISVAehtkjIuS2fLoc4TFgnoaNZGxp8W8YzGBe9vMRnoSS9,1645779372118038505
E3BhGrT2PobdlPlGVIFlTuuMGK92ka9ydKet97wWvV9hstxNBA8c21yGJ5I3fRzG,1645779372218067856
jdAqk4MgXULQNGnWQw6Tv2jE70FlRE19s9zaBKGjoZ99pudGojhjlOxqOCZoPbxH,1645779372318082910
iwpuG4d2dkBTcohRVMAEk659IexhDuwuomo3qP5R7Fsj3ZAXvJlePqnfTiLeaFYO,1645779372418074687
zKPnjTFoi7YjfgGYx2CKsxyJfHwFWScUnzHUSUHAcpuFT8nPAyj1vfIZwEmRhOvS,1645779372518067520
MAuofBxFypUQxFp6DW79CPg6cSXHpQjBbdxGnsTlhvBdA0jMVoTfB9lnbJ4QjnbK,1645779372618081537
PXYCPzv5u7g35NPYBsDM1zAaIC1zyaIL7oVVoQagVGjbd67myL6xKEYaRZZP7pkF,1645779372718075592
eFkQdI69Woi9upttAzoSCM2dta01PiE3vwTYEYfkMNrGBi7LhwmrGoUAOS9o8Np3,1645779372818077239
JJaVrFFBb4RmmZ5RTrJhelr2CyoKLcOcvw5k9KvkMKW8raYKPr23ar4mqq59STkN,1645779372918072016
Np5W8yHUJlbAJ7TjwTmWIoH6fMG7nyVAlYetXtMqfvyw2RfysQUBEjHt5V1qTU0F,1645779373018048812
2f6XYSLBNK6NjlLc9onOX2HbYGR1kSEl5LIblel7wrUfaqHkc2895NkdcCcKcp3f,1645779373118025478
8MEryxysmRXNFn5rnD0qYjR8t4TTrW6zqIqmGne0EANTvSKidIXAzyIq0jJrENo4,1645779373218036347
gdpuORucZG3UgLBKbiSbgkRhSjWg4JikwXcKxVuWlv1RGAjrsBQWuqBMXg2bzkKt,1645779373318283623
GwDDP5hA0icEqJ3iVSDPIOln4lO3Tgwjb7u0AcB8IlK94OpXo2w4PfrTQDVuuPbT,1645779373418131030
VUTf4cmKL6RQSFvGHsKgV98wNboF0NiVp99rmvC7zbVSqRg6H1mm8sgVTUiSqOxf,1645779373518136640
Y4VIxhPxGtN7K3DZ2xLBo2gFUNhKlfyJhTbf8zcOszTA0ej3a2EO2sdXFLp1ynKf,1645779373618108399
EuIMrsjjrArspatPa7ldzOAFhzGdlYHzQZKHS3yHDp70N0Py78b5XjKCgYqR47PV,1645779373718071546
gjk8kjOvYVwuUJsbSRgxAy9qUzGZ4f2lMkr6TF10jvuDDkmfBRaLPj9shPRl4RUQ,1645779373818383618
BMUdZUbGPTTcDGFOfph4XquCGJvIkQhukBVHf6Y5ZzfmFt8uipxDfrPtBLCtjtlT,1645779373918295432
4GkiKGltGQdTJjO0YJBC8b5HuF9d8u4B9otT5cLJ2wmKgAIERTOY2UnwjwXqpb1y,1645779374018163950
QsRTUkmUhYmNh4Z6YyeaSSV9M2zBey92oZTIJDlylXLQcvV8r7iHZBQuEO5sMDsB,1645779374118077931
kLR1YC0HiLgKEBS3I8KqKjiY7nORyEaiX0i5CiKu1yCE7cHOlcC5LubQfxreBSKi,1645779374218067486
Q2lai3Vk0fw7IDV3ph68bfYHaOtjoBRECAouBHcBxYHDmmEZSKg1xEGXa9GOLfcX,1645779374318071133
nPPyg28bYNoK92sZKYbHkroLz4jIhKnUjCRNCXzlul31otb8RAQAzCVyFCEwU1PB,1645779374418112632
CqZMNW5HH7I50rCQ1aazm3vzFAui9JtJ9SgUyjjEq1JprTFs3npoqln3vhl20fM7,1645779374518111964
50b2jKEYKXNBza12Lrq9ccCVJwXIZrPcrzcbHq7ZMSkL2kNLZCU9oee7Y9N71lkq,1645779374618059075
iKRzBWZXyHsyzFJWRlfDQHLyPg4QRmG96g7HAeo9vg7tuPPJA5XYKqVjWZ7wLO5R,1645779374718075666
2CjCqVJkCPb4o0Nw3uVOi07FZFBsbEJbP0lFW3xgSYkGX5Aayfwgd2tAH22qHKPg,1645779374818158683
KAtoDrSdNAruG2TChPqJRkTgkWU1otf82XvDONrjYicmk5yQSojuWAYHe3GSwuZy,1645779374918060035
RUCnp1WNj87UB5sesZWMj4bO7so2mNyDr80h9U2tbALmDBO3kuQRz1n4rc4dz3or,1645779375018089774
9mWJFWAqgTasezvMtJnqLbtADxmCya18LVPa2ZOi0yYexU0rnlf6MYHXU1iQZjWu,1645779375118039700
DvSFSqvSpU4my2bjoFo8l3eF4Med3AWG4yVUpPvctzMp0yWoBKuwNYCPso3wyXA0,1645779375218042902
VeVI3QswNFjNBF9Ma4IvaUJTGMNFrXDMBidE6V8Skrpv5xFd1YWZ0p2H9PU0vhN6,1645779375318050216
OyJUTRwCHk7MhNxgtTFtJGASdeTYKodimwCFL7RcpXwWstAlNNcedl6FNZlhLOP7,1645779375418056178
IaLehmEUHB0728qNVT19E8MZf7H1Ug6mERQtCdNToNboTRCzsD64JSexZvy3Z2om,1645779375518043621
UCfgp37dOiSs8crypx39Pf4wY0y52mrWyXAoaIPyypq4Rh3Fc4M1jQwHQuMSgExc,1645779375618052565
j7QJNoHMd6O3lRIOTePC2JRSDmurypUhvsyIgFcIJ1L5QbTsDq2FAUhLEZDCPfrK,1645779375718051508
XpaC2BSMClRaMsQZiTosvTE92PJR48jZxIlxTBHdwiDIacpH5d906L77kQWmYGMT,1645779375818082433
W5OzHgcDOnUxPJEUvLSzfZ6NzdAVrWwNbLKq1w4NhWI7pWZkq2iVZosXP22GWxb6,1645779375918089024
IvwHpycXUvcIR90H9ikjVdGudG98BiERe8iR5LwZGWpfgqvnYfW3Gkwsz50AnCaP,1645779376018062857
KIpPblxpImTwaOj91EAGy48v964vIeIau70UtvJ9fm5G8mNA0VOxaWshcwcuYtUT,1645779376118064837
0SvtLE0zz3F7qaFq5dnd7eLjYvb7o4YpUTgoffnei0kYazNdb8HikaQJVzOI1u7W,1645779376218035040
NlI0Q5d75NddK0Gv7Xcr708bzWt1QyVlhnm6qPDtkqW4pkyuGalLaswXOnWpj1YR,1645779376318046039
mKXahiTRWxUJiSDy0xHapE7Dze0jdZ8OrdyXLQwpLQ91qMzqHFQ6TWIQ8G7jnF5d,1645779376418038575
s4ABS41nVApJUmAm1YqS28r8NysAExn4zvGP0FBTNymriwbiVQAXWzgtyW4CRpEP,1645779376518042592
lSolhzC4vyuevTMOtUtQUXJS3LcTBqsuJedycp1XntBgMX2E0weUTvuVFWwOKoIb,1645779376618054683
QvY2iZaTSj8mFAyF6ahYWb1j5x7NjPz7IVAy4iRURZEgkDtonaKHBL0EG7cxUZ5m,1645779376718048312
4Di8vAaMhm1RzuElVY2es3t68V2d47N8I6EDGmXxYWNWRbHu7JYzKR6Tw66yDT4T,1645779376818170292
ZGgn2BlZi657fM1mdXkyzoPtuVq5wuYUBCHBN0k34pAj99WnhGje28XwbN1XGZzR,1645779376918076735
lFa6FLAK8I1IQX37lmjnsGjTciysHyH0Dr7QAFiJVkZvFc0zMjkEySfYAdOQZfQk,1645779377018034161
UV9dkrwEZT9n58kPpUdlwIJ5thVTKvBpRKQ9AKNjnVUqbEFQjsCd8Vi1BDSV7eIW,1645779377118006808
yif621qpWIf7XuVGkhrqBasMlKrswAOtq4zt3ngZ6KedC9rxpin0GdK2w9uqHJj8,1645779377218025492
Lj1OUfvazZBCg27TjuRzWl1SvwICD0IWhJsBxlmwIx8yyFSh8tgedi4YcKinK1Hz,1645779377318025602
I9BFsxAAsI8qWYXeQCG3sIZSaFFtEUsXd3kTyudrBjfhIBJgNXhFnEhNTuGgO7Dz,1645779377418053748
AvS7o5yzobg4mxk9UPMHd3c5vrlJywI8riDfnBcalGeXDNffk1uO3XTyMCIK8YQx,1645779377518070025
Hed2nDcYUF4fcjLKkDini9k4L2OTYnRnR2qCFSlhfpNFWgaGtI2cSmelm1DIoe6D,1645779377618055357
ewPrM8Z2vuHRariR8i1YSgJChWUT8YgmS3epCBp754ZdwF44x6aNktZPO1sWYWJ0,1645779377718062337
Zvnj4cr9hOkbdodYsDtc4QzSPpzxLGytBlcFMRM1p6cQsDwlQpLUFLxfAwcUAYLL,1645779377818236521
IvYeNudAyFZqSVZqJvIYEFBM9moJK9cc3AEQ2rYy45nUbMKuFbQRqcmyMaFgisHl,1645779377918116057
0T91JfxLlkqM58EIjckYCWUY4jDmZSXYveXCKUY5DMPGUbYCDIkOmEwrv7bVZ91T,1645779378018065575
lYf50B8BXXR060CIGwg38au3iVWFcXiM3MR4VYF33f1AfDSv96wHgqIMKpcuMIGQ,1645779378118022666
cgS8Ef9HKAPxNptUvpjae1uwoUo9n3ZNjzVvecAxkau7PlZJZGrBGl54GtD1wkOd,1645779378218027073
jsWMUhJFFBKcxsvU8kfMWkRkdclYN994zgOULfharzCmr6GyovKKfj4GMnmhvwju,1645779378318083238
a8Ovn3Vc3fOsjeqYXBqAutPEgBvb7fWhlsaYw39xhXpQAgwfplqheFwKQruWUQBF,1645779378418072329
GmmCpv7UQxvYdpEQa47EH3XftRBNpLb55LGsGNNeKIDv5RLgTRskUPNLoZjdsIhx,1645779378518051587
bvppICTbSgUY5oCYF4GhSe3EBkq32XydSnSiytHQYmwdY8AnBQUb2XpDHfEHACsa,1645779378618045919
yIJwCaMkKHLsNVdYw67wbx8taM8lXzLVHcRRBlBV0XMO0xwu34rfzzWZJeIqbeJt,1645779378718051751
GiKRUUvSzFqzCnuGpjvmiRJz3cqfG7WUqquIIpkF2bDEM7U9oNvWoEVqoJV2R1XF,1645779378818061269
pPX6CHLEqYSCdxLRIEv7RPvFgQI5PnKCCpGO7aav828kxR9Gg3L7SGK6ecC1NUDZ,1645779378918086897
KUvP4VKAWSsRs0hY30dTExZsYltvG5TYXMxZqHhMiYlaYR6bRh4gcdW8NO4bRV9w,1645779379018081507
p4VfLAz1ilZGCfpbKrFxTk5q87PXaWTQaw5t63vnmS1w8pXSglN9VTxbYK69qZZO,1645779379118024561
TcGXf9KPbMLjBrApcXz5yueXFkg3HDSkpiHTrasSuEA53IsfnrimkMHz4x2LAS3x,1645779379218028634
AIQzsHQmTYpWqiBdXrNHDeEFZFYjhbfsr5piMFUpnILbyUFVJalUFzjoEHWuqBkg,1645779379318060577
EZOZnsMY8gA6ANcUxLyAIgxVvTPmc9SqiqPTgm2pSCtaZT2Uozf5fcaa3zKf6kTm,1645779379418057742
YrGDdI03StbzNeT9b6EEgoohl7KrroeOfubGAbJcUubpW2z77BLly8TjDnZ2bBQE,1645779379518030741
31UDaln3gMsAMpGT1bFzhgguTDv3OLHRLkevVPw9lnK8caZb9oYpUDhwQczpwEGH,1645779379618054499
wtASI7b4utAURj4ZWcMyp3uGgr3a4Jr0CzSV62XythRJOVsu7EtvFl9tdCTfVIfg,1645779379718044887
I69M6gLzLkGjF8eKKVFYGORtYtW2BCiTGpqMT9JotaV8g7SzcgXt2wkbpHbzRHSh,1645779379818297477
6G1ZPKLGsoOZwpYWT3NVz84nNfmmwCR0TSZsms9fhVCdIi9llXFidHTyxFkrQBst,1645779379918112606
bPjNIq0zMCacujMdEZKpqnll1VbReTKDs3b8sZ7EkhocPAGbhYPYLAHMesnIL5WC,1645779380018082068
75KzcQBM5zxS8B2pjRL4bdRFVCWpG01N5JMfhX0lUxDa8DOrejtGKIVqVzdjzc64,1645779380118015123
vSibxiMPfXyllMaN3TdOm7CF6py6R28KSqtNWFmBlkuU4Ur8yTWiYivcVriwtpEL,1645779380218014362
d8iALSJ6BCYFgONcptINZDz42gyvTDE6JuEeLWjWiHlOd7zSyHnYTlaVRXPsiby1,1645779380318284378
WBfphOLPe4lFBkgA0TiTCGwbnJTVvSUPbAEIWXfAbQQn96x7XdYkrSLdmp6fFb4q,1645779380418127710
lG6HnlQM9q9Gu4NRhv9XOVA8IGnVrpLa5RqqAGCJ4KayOvN4rVbDylLG16lrv4Ry,1645779380518110857
THodXywZIUVhQtlFMKSK5la6rJvkNNiqcURASLhjqDOE47TQRtkWcIaTbWBwrtkT,1645779380618046356
NBbnUJUKWsWaxz0OsisS0TvZx4ToxBHIKt4oAY7gPdEMdCjTubws4pP1usnp358N,1645779380718051410
wAB6gIk5uyQXA9y2ksspiHoa9cPAfVVbfgfMxPPrLpMVyIVjBNWtcIRjuqtXKO8z,1645779380818090076
2nJxAhmVW8yVPTCaogRQys9ti0Q2OX0PIHMTy9yVFxyeO8EDodbmVldCl2E8ZCXp,1645779380918074111
StIQ0FtGCpsax7llkNWE89Qr9czgpWWFOmfO1ZcDMVmKaX3IuZW0hwqqZpVMK1bg,1645779381018019814
nE4nlh08AkQkIT2A1Z9gTzU0mzK4ytkk8nXrSVzcGNMWpMeqvnUNkwNVwiXsbGch,1645779381118001257
39ZTfW5tuPPjl3Xfpz2XvP0r5YifoKMpStI7QL0IkNzVOW8DVAjQYjGbHwG3Gbsi,1645779381218006811
UAnsVl8D87hVbpi4yRTWBj5QfMUtvMaNVLGy7MCDUti3gP8eob8zICOvYsoRCMof,1645779381318036643
i2epPq0rhhuL62yud4svGEqo4fFG12wh4aWTOVK3CFOGHK8vPyofCfSGIfXHhRzm,1645779381418036438
zTFLyYO8nkM25VvSTk7gPZuhFRwwqvinNw8JUUQFDmHIFDkjvpNKPHzchvYVpFJC,1645779381518016696
9RTbwto9g5PvG7cBwzTJFQvuKSP9fiJm8kN4eBBKEYDTdocXl6r0WkuqAIxp0Eb8,1645779381618042842
zwAb7JtKr6nUuP2gTreyZXmkpkZpw9wt54UBONVDSGgMdg07Xd56ArqzZOmWVgPa,1645779381718018508
lsj7FEKhS026g0DBdIGl74khSVBxBYWuQF1eSMJuKL0zKBAxRQhZVPEvuNr4vLwK,1645779381818001710
Yyy0IHtabrZv3iqU6X1bxDVpaKtWfooDmmC215cawAVxsMQyrPYod1cDLVh0HVB3,1645779381918066690
FN3HQerLoLIgfgeW6AJjBvwWOcUg7ehN1leQPTlBo1rTgTymeHTnAPIW1mC7QsUQ,1645779382018023337
b6q0ZZBMY0nERly30Rr8r9fqtrvKjPiKVWI33RNbPAorumuuEl33sirmXn4FAkXe,1645779382117992409
GohHD2sdCeU6ROzd80g0gXkBIoQTYw7mkm3xouY0Y25xP2aX0GVgmGr42GVbAcLs,1645779382218016537
OPnCJMBrMEplEPGEeksO0hS0vyZ5YvxvKl5d5ESRQFDedRqHBif9O5AJ1jNYeKTy,1645779382318090869
3YZ8n0aDFlqsCg7ONmXlqh2pRPN3iq0lPXsAXSNnDDdNsllDVJyJyy9NMWR4NRnk,1645779382418007831
wfuU5FFITseJbPW7gSQfQZ0m4RoRqcBlH5FNKUdlKH2wfY1JyPyPxx91MwSBYbwn,1645779382518000718
eB8wdkgxzireFsyDIucDpkECeeNCFJxtS4n5oT0lCsORiKc0EDD2xPEZ3blIsg9I,1645779382618024328
kvNWOLIYDgxw0auCn6EiVQHXz0npgv7PqStCo9lznivlGoy3sAjLZ0sY0gOfbV2P,1645779382718033215
wvbk3Mjq3dcJRYLJg4eF5Vo3BAgkdi9ZciHf51V6e5N3diKIlwXoRJpaRWI5EPco,1645779382818002806
8uTDvxHX0eYcLsu4mRsEjfmAB5FOUsCckgnfb2AbhiD0Y74KXuWGZJOjMc7qUJRC,1645779382918027342
xErYHz8whJuFPwXwo4ALLY4hABVcVwmQ9dzOa5IHOCUn60hu2rFNOI2WTX7wUtNb,1645779383018343580
VKz5PFLnPnZVnGNp8aCUsEyKk5GCxbnQvkVIxo6McfrPtCD1mNTfaSzKVDWSpHqi,1645779383117988043
zM1wA5Iki78bJLb5g2kGUhYyv4OiJFQIZPEhSWS8baiutH0ZJiomQMkJP61iLP1u,1645779383217971690
nDcDi2KJa2CTHC0asoKGB2ZY9YGSwFLhRvu9xEQXEcyVmy4flMvuPTSWzgwvwHcN,1645779383318012854
CVU7huewXaPJXRwIoqCBHchGIbAEtkZ3F3BvynpTOEmvehBSXNboxG2FrCSkx1mA,1645779383418028575
3x5zksS67C1jtA9QXkCS0FirP8aM9MVAJY91Rb6Wo7FfIO6n8GE6Twxt4VDBriK8,1645779383518001036
HT8i3EEpJTUZpYLvpZ1GVw9XSNgJ30QKSY0VmEK5fofSN0NAXOQ2JYXlvD2yCSHe,1645779383618011294
yH9kUTo7FRaaPxkwK9wdhTMceOYqpnSn5bWX2IeGjEq6AZ2Siw3PPPz1lVqaJIMM,1645779383718110774
sstuAX8rmzxuYxMGtNdGkcHV554OOQkGGd8OBHFvEAnm7700UdGEDVjIblfxBPBP,1645779383818050735
3HnCW25kCsUHzUHT5VfGzMZa8EVJbejcvUoSVrAhjfxg7E7DimTh90FHCiYoMFQH,1645779383918113048
kDhF2sumVrQc4YpkKHPRFegSMFEgScxAnfPqVIa070c9WQtpfIGuuxKEAYuc9snw,1645779384018009788
VAmySKwYLYhpwbeZrvUmqmy0LtcUjNOCYBAyV6WocEeXnI6cBaM1LL1gEc8xzW9V,1645779384117988213
fHU9N0xxCZUzqbaz9w1UH0ATaGQalX3QoXZ9YV7i2bgqCGqMCrqSpzvQFKyyr1Pe,1645779384217969952
Zwn5PunSWRIgh82sxrInqDB3V92NAPzhLmmlfYB9zTpfaqVXfnIVyTWUaWplvoSF,1645779384318269893
YD0Dj9KgcALAyogdby6aQa407tj2fAFDLDR4Mlkxt47psnQSkW08726EtoEYyUlJ,1645779384418083633
fAN2u5zl74bys1OaWOgbQknJY1pWTan9j89dE8OJCxH2xfaT1G4R1riXqX4I6rPp,1645779384518015595
0YQCeoVqklrhQR8QgCpf1YCp3G576Uu42KGe7jVrUMWtleJRo84neHcgVinZAgdB,1645779384618022945
0tp5dKu5eOyQ2FpoOsb29EgcuUA48nF8f5CGN4L2TIQVXDKv5vwC7cnz4x4CkHJN,1645779384718023462
MTdiXxk0F8UmJmgPhaZnAMmFJoP26gPQ938fyqfDw9xGvddbDCMMZ6bqvyszfIPm,1645779384818006164
JWRHK5SHCPX63AfEM1at59ky6cxjsLTBrvQ9ysQAGvGJ5vVQu4H0B1yFcuyUFSe4,1645779384918043792
L2DJtcR9XiSbbvzUxGS7IOMsIJMVlyZ41lLuNm3sSTT4MSWIjyPzMjpf2BAl8in7,1645779385017992698
R8zmv0eNT8PnYv3FtQCEA1rABzuJhhQ6qNsjNV4odUb9NdPF3bTDdIMoHG5xxT3l,1645779385117957122
quSDPXz2za9KDYXF8ySjGoVY4aV01YjpSC2rh1rgZ1ylXW0dUQMlDrJHPmFOKzDl,1645779385217972454
9DaqCSUkRSVwwTaRruA4kRK9DXWXWjGdxrT9HvtgMMcInAhf5rhpI1wVZS13CFh7,1645779385317997304
68GL48zQUaiIkOvnFcaWcX1Bx0C7GtEK0Te4bdU5DALyWEjmrKITpHcmGouWg6og,1645779385417990821
ZSiA6AEJKXFpmxbbHr266eqMQkq4rfiO5QZBalTtGgi2dHbs6dyCFpXeXNiM0Pl6,1645779385517969320
pIHO1iFHPvI0CttIXpSmczQ8L7ULWDRJThfUPsmmn4lxxeDSRgD4dbCyieKCslUL,1645779385618009651
Q7oo0YYnaJjVvwyNcBPGmbETDWf5G7PgFBUDj30JKjmGekdGt0UgZh7mBkqRsD85,1645779385717994390
OaI5bGMwy8CcrnqknJQMyX89Gyb8BhBXHTathwpf51Fwm6eZN5vLa1Sqy3w9k7f0,1645779385817994629
YFrGAgtDf99RDnyaqttPsLDqP8y7Dd5mqw20atDD2KeF6anuRgHK2TAPb8UojaYa,1645779385917986165
UaY5SkIU4vi8TV3vCKFCnNZMW3BDbjn4IK7k4NC6IuFkQIfaaukMHJilKrzuZkyp,1645779386018081959
45X6QjDjeSR2i6aIyKeDbLzvCwnjgjYjm5pDp2wRSLRAR1TPL5cwQZpbVdKAMtt9,1645779386117966513
wgMjjGABbbK0anPvqzpHZfq2G8Caz5jwm3fTHocsNwsyhFrYFfnmIdoYj16j4ofo,1645779386218308287
rIH96szSoqOW3D2Gsp2AQpg9qnqsbVhQmwXqoXIbLe5Os7dkuftIUZPIKG9vjqKV,1645779386318221564
krKZOcAhFD47KhrCKiUnIr5c7CWp2qKlheK4FSjUfnZxSO9n7baNSdzaqTPqHhbx,1645779386418090266
Kv1XLkzyWYvyw4j1dJO6xMelp3b5iD2261ZSlWQF4KCzMvy0DN68jktWlUbThbUm,1645779386518010191
c1EMYcbaulXHhWHstL0a3t4oNgF3Fhpsj1EFbpnWZLnGp26gL6GOzKAKyNLE584m,1645779386617994060
9Izj5mFe50su0yYJ4of17pK3AfFDmJxtbwcfhpJknCdlAB4DyjC3WW6fAKsubqnB,1645779386717993521
kOqPD9AzLnkUwpfuWpx3M2iUMYOxM987XyUl6ckPNUrKHWEoMCrgCX8Y5WTSfaXB,1645779386817987630
Y1weee216tJOOYAki1OuWWQb0t3dTYo0aicCMeBTYVpw1zehy0ZUUz5Us75KfsID,1645779386918119165
auNvZXM52Bz1Abg6bFa5EdX4icMMSeX3Zvy6SK9ST6Rbh7hIMHLYsscbSzxvbSwA,1645779387018046756
NuEnCNFfTeG8lxO7Cjd4ZGd2DYvo1rxMj9AtXNWy2m5nhTtrDWtkkXmx3fk2UfPD,1645779387118038532
oZ6JwcGyMLk1odqz7kksFUnGAVJeAiqxHuGBVU8rpsrcThbYPLQeqCvyfEaouQl9,1645779387217995457
LzKqUQfHIUtjCVIbogEeq7aWJBIDZ3Mu0eiU5MmNqd528LcxzoZqv8KEJcPsdlld,1645779387318018103
PR6UnqqeTteaEGVB221xAJ9RtYIWH38hUE9I4xuVqY52nYEpbDllXuDQTVviW3Py,1645779387417969527
FXEJU8mLfqLSOZFzn0lIvwgMPZ4vcStrx88REtktj6J7dZ5QXogQkLk7un0XFrMC,1645779387517970451
xTbCMM35QNA3uFUR38slTcqOPqtciDmfgOp0it38EEB8RdZTmPCD03ZNtQyZekDI,1645779387618007635
62JovMu9Y6FyhnPRCbfAcEYUfW3HGGZLHq7CB2Kh6ZfnK4FXgshG4Dkhjoyy2WJJ,1645779387718001374
MOUVOmDULsGgvTBbLqpN4a5nO1jOX0isPANnwaGFTWtOx4xGtmdxMiiikS5FSl7p,1645779387818063316
vVdr5t6WNysK2pataBquuZbczgrPRzFKSsBXjF24DuMEiw7G5wAzTjZQNRpmO46q,1645779387917972444
uFNbTNfeI1s0vyE1sOyL6YlTxYGLdK9VaU73skfAkY8fUMeMibfm7OG4wUNXmW3M,1645779388017955628
08Nqs30cZ6G1QuL7T0taM7cIZxqMTrgSz4Gr5FSeLidkayr4yicIqFaNCOjeFQ4E,1645779388117949830
SK4XZW9tCmdmkSqgARyygWKqt3S8RULrpNMMrVD3FqpxGebP5XLj4fXxh036UMyH,1645779388217943680
jKeaord3gR1u5aJ88drCIO7zMA4rV28EMknAaOCEpB8slQ0t3r3JE8HaHLRmNYyh,1645779388317954270
Glqo802xB9quXomagntswASDTsxqOvWefMRnMRkVaYP7NBf1xXttfJ49B1zZwVCb,1645779388417957472
pdOB47edd4i0DMzAtq1YA5fJ6dt363cwe15i6kJjm0izMh8FY9lgDPzJ2sK8tx2X,1645779388517970841
w8E2qXjcXRZr9f6fnqL0FKHHBcN4XQcRWoRKJAurcTij7nOubhuq1B5AlQFIophK,1645779388617978598
d8cwHWlt0Sa7Dwzodtcc2fno504upmCQunKBJ62HWaMjWLV7E7kHkV3pV7hKtsim,1645779388717977985
f2vw6wEaWaH3wmA8rsNbNQPsW6APws9Zt3WxzkYVIpWEahNRXi3v9SnfWw2TmA2f,1645779388817983817
DWbCE9fXwClWr6yOpzHwR3ZxzZOlhPPuv04A7kh3uQYlVU7KTPEuSlpRKEA2dZuW,1645779388917995296
XzgehLgbmCKHgRZ9ql1GWqhq4sqfPlCxiqZPCDywPID5hkCWVDm14Sp6IgmhPyc7,1645779389017941054
oAUyNSuli7oNp1tKEeLG69NOp73C5eJrmnq7DkstqhEfg80skJ9qQUCFbDReriVb,1645779389117961904
TJje2bVsGkVwqTnanuQBOaRxnqbdX4E0OxdQX8GlslgiFTI0NgBjGag2PHdwLruh,1645779389217972698
nX5IgL3Y5jHKAXIXETES2uSR95NTvHAipEyVZ11ejGwtoEP0gdSiYt9fyU8tjHZW,1645779389317953678
VX12X1fGHb73oW3U8UAeNHJLlSDSjmzCIyEpzt3FTAIHfMjlotPBAiUt8fLpSK1i,1645779389418007435
JGXG7YVagorJ8a4wRT5bCXSKDmAd69LNPqeVO952vxM3VQzxu2W4axMnjUQnelB1,1645779389517977914
ZnWxwczqXLt0krxetSgTP2E6Xct9N2AuphrkHpao8ToqKkUCA8dXBsdgUWpqXxkM,1645779389617974487
ea6tNghVAUMSEoeOvIv48Wkc0XQXSBu7l006fgbnAvFMisid8bhG7Pq5uHdMSVRB,1645779389717944318
TQH84qtEk9YQzE17piLu5BxxQaJs3j1X9GdD5XPpevDb9Egwu1qxAnubMBRNuTu1,1645779389818066890
hWEm1bZfWmGdyuZsvNp39jeTt4qnXlpEF1zGbYt5J7jH1IAwexxnfcGYe6JBp8N4,1645779389918072814
8KIjrBoAIXRHoZBSV9FAjTiNZ1WN8tPECix3rjD8FcP1AbTfkgpR7VoeUK1aBRoN,1645779390017953794
7lQyTb4gEUhM381looCtH0XlIZMTyAp5uF1Lp411YiNZqOKcAWVRU2CkZWDXh2aZ,1645779390117988255
Gau5et4AbRjPn11xVUOxUYh25uXkv8J9gBCI4GSdh92SA1PdTlaxJHzO9V62bNBH,1645779390217935975
YLZaZzBE6DgEC5rfqRb8gYWn3bqeyztXJS5sPH7VSnjfrYIfxtndQKRTvF6rCzMV,1645779390317955399
QSOphVJ9G0m7Z5nWwa8MsXolkudwrxSHPo56HMEVM0dt5OO0wWMn18Wl27hu579U,1645779390417946730
tEZAangvlHopdApXg9KhIpQKw6C1BMU5Y1D7or0X8oMjxBHdLZJbOhtLn6KzQo2w,1645779390517914895
pF1b719DoTxlfCMyjfZ8NQR8Ul7sY7pNNqxUq4feXaPAml8WPfck63sYmyRK5GiQ,1645779390617960949
4duuhYYE8vPthVP49zoD2elmaC7eSn4VQxP7VwJdriWWCtYLsMYszJfZUmBuXGPx,1645779390717960354
Dn2ijLJY2q3EjbXaw3QtM5SopcjMs8H3vJlcd49fsCralMAfPaYjezYRbHmTP3WJ,1645779390818111000
LFtyH2b8CSiwmqbBO8s07QSghE95FdMaqDY5E9DQZtKLjuU62N67lWnTkuWyVqYL,1645779390918215941
35OHCagkTy3BsYHutNzeum5cgZYBN5UR8tgKTK2uJ65BcM4Vi37aoBAUkje6o8Xu,1645779391017989663
zBEQWHLnLQyxl0QR2Vzqg9IPquVc30W0BlRf0mSLAPGtNeKP9JDqRUDHOiuPgQQp,1645779391118024605
9rV9bvSjKgdiKv5UDJIelVt9BnZpCxeLo9TN3t6Naj3ud9MoQcSB7JIG5r5Hoiaa,1645779391217983399
p3xsv2GTjHLMQiAoKaxQsGex5iEsQmSFoO6jQKC7bXU0DcoYBmw32ay5GAxgwOuk,1645779391318020119
m0RAKdHt9jtMKgsTSoUSNSXbcTGYrAHb8ilQM0HTiBp0rgTHSxhnPCP1ffXWno7v,1645779391417968766
XqJrpaKXj7VYlypEvU1IhOHM3orqbwj8n0xabF5IKar6YeIR9HjqgyAjm1YNyFTj,1645779391517991615
GOHpdM7ywy2SdKtkbaaFYkxIkVegk7PyUgn70v3wr3OSLFCvnmALV7bFaFvLLIHp,1645779391617998595
w5uwywqpzCGLRSEEDOXgU8t4OmNj2fWwkQsgMgTKsjfHArTLF0zj8smUe9BeohaW,1645779391718008389
8QCS6gmwNPDXGgqUgpDmhxFJ7Qvt6VOCvaezEPvao873mwXSliDRgSilqeew9283,1645779391817977424
bl2nAwNw2VzpPWFAFSZtsIehwId3Jk6uT7hd35Z5YZsx385Gaf9Rxn8r6juNRzHu,1645779391917970422
6yV713AXa3UdBYsjD188pEztwtGNsVGwRj1TmA0KDTyMzq3CpAIeOHVK8jgzEwtg,1645779392017936717
fv7Q55kGWgaVUbfKlxwACQSJ98IM292g2765AoLhVtAxVqHElCOwcpFlxV70e7gf,1645779392117949270
CkkNY641xCzQ0EfmQ1g2qtmoMrm0zQfBAOWgSYgPlfqltTVKUBKJ265OyrPvF24N,1645779392217952842
Ob3q9jGsM4eGX9YzJsILxNktE7oR7qoWRqMZZaRue3A9Bg9UWRnTpVK1c8RizFCO,1645779392317934840
5Yvd7LXlOfvXL2zpTnHGGbGtkhZhul30HxbOI8Ael3C439tUuAlBmz2Ueb9YKAWb,1645779392418012578
770PD82y9C0CLueG2NPmMRGy0NXKY1vf7t3Kz3H6FHGY9vmCIBwdaBbaY6u68okD,1645779392517965650
flXfooj140XDtKPBTMm4VOc3SX8YLqlybJdN5LM9JtNCBkLf48hZUJbwojT7ZE68,1645779392617971593
VjTb2piLi3XuorXqzCORVzLKgoPF3VLYFo7FdqbJt6BfxiUuusJOrfgXT5kUb31o,1645779392717963461
p83QwcjojvRebvXUlqsaVW5zZpRAqSwfZy5VYnHFihuJaPnMFdwj92gjp7rgamJ9,1645779392818023107
iNcGAsWsZO99nxT0YQjgQPPFXEt5yBCgYoxigRYDphLacoaBCIrcfEqCQhFPsR3Q,1645779392918177567
E08uRg6EMPmyDN7OdyyIAoTbWiyO81nM0vGPaKewjQsvl0HMyFf748gYoeuwdhIb,1645779393017998769
dX1Brd7Z1xSlxj7wym10shYhJTdwAwWlRXuGAzp9xFuuy2ovmpvfWSMntxi1rElI,1645779393117989990
lfZtfM2cavWYvLRh8LMfngSecAfTMQk76HyjbzLBupip89UHUpuFVKt5TZXpxHv3,1645779393217961932
Wtk7s5HktzZz62Ebr8oMRiQsFxfCEaEkSypI263t5asCc7lTDXoeFEUSBAfNit5A,1645779393318002152
puRrzUk22bCfix6vVuYi62BFAoatff1UYSKXu2XvdkaLheHAXnrbp2ryoRrT5qxb,1645779393418249463
JH6BKd6xNeH3HWDoJ2P64E4qevJjkHK3WOCo1HkPt1SAXdyqgMuiazZCssvc7Dde,1645779393518039573
bqSb5A0yBQ9g35UjRPS0OzCEr6rzHUbrI1SLCQKLqR2tWWbwv3uH04Wr8NoQpPH6,1645779393617997756
PhRb7jwxAwofTPbOQTeQXAIgV44KSJOr0oQ5XK2gHqLkEu6eLk5suLWNNYipr4ep,1645779393717941477
q4uONu2ejLMxDSbYBeQ3zvRNT7AJBp82r1OEvOqcjCZwd9UonsrllG6DNEWZ3cZt,1645779393817952049
bv5VJw726fwjoOVZGLI0bMDzbhWcJ5VtybOHVVHbABLwZoWn9onlB0ikhEMzHqsF,1645779393918073194
PEWujlTuwmqVbKIk76TG4B0kNKheAXtZlNRU8vM2hBXITo1asSqueoez9LeJqXrb,1645779394017988359
tG4zBO2tXX91J8ZBbO6DAiCJ2qbsMQUFgWCsuEjQmqP3zwFaKJnV1xm3oNw8lOLS,1645779394117938190
uXKmm1AWrZXqUmOm39H5726tN2z9OKbGrt3bsB5jjdYDNuzR4FU9Ha2eb1lzJMGA,1645779394217959651
DHk5SnnBOJMkDM9HbdQqDQSmREmkY2tkHbphMatltDT7ZcO8FnyQDRDdfxLBxCvE,1645779394317987001
ljv8JmrD0KIXweg9ReXd5kEihZseknqVWmbqWS1WkH2evinLMJyQ3A6jjyLRmCxG,1645779394418009239
wY4Sz5xjKzMGh7b1QXPShWBOUWqEglTcHX5Eb2yvzIBgPkfqF5IubRJ3x7GcqjE5,1645779394517936107
GJKpJGlGYuwxdclsh3lGS4JO9X0xGE2VWMKnc34Awy6ZarPFtATLCljJIjGXwJ2S,1645779394617977568
fKFIMHQIGWpoOE4FNVaZGItZz96vQ6N6QbMmsm28Hrvd4xsRSQyjipIixMdNSzRq,1645779394717957696
anbQYdXpTSSXPKwpksYRio9dAkyajQRHB0gjdBY4dyZ0IVp1MMS2AZfJHdr13IGF,1645779394817948527
Iuwu5VyiTYgk1UjNqBPyi2Fzg7yhNDue7rYDKUtl0YT22CNqLlo3n21R9z7WCz8K,1645779394917952413
ogV69Os9wJ9wWVmpEbt1bsRkrYE2VNKK1pQADGI8aP46srt6Qk61cXjS3xUYIosK,1645779395017938948
dJSoZiu78xB0m55CpBBSisujnMH688OlPqXwZQ4fNFd9IiJ8tSYZKQI7mYBueZd3,1645779395117908483
Q8xxWzctDD0VwHbnj9N1Xd7J9IBlsmmGvkBPjnJu0HQuZziG93IgePymh7XXuKln,1645779395218015647
4wClhTegl2aK1GY8HqnwFlgvsDQkXCXZ8kJoDxUwz2EyJn7YduSrd8mTMCErMlPT,1645779395317964941
TgHfbjbYloW2bdbCV338AncUyqLKZil1O0gzjFVV12Vcd6n98qHIctmah5sHmeIA,1645779395418049790
ew8M9drBdKlHPYQXPhn1ZXZGcPXO3nXghd0rEp0s9l9YKX3jCqilNF2yeXKgJpK0,1645779395517954826
QKpf9pVIbcpv9scLhI72X709eJpv67wXRlAYZfrAHe5OWfhDxmGStEbWVPRcWL7y,1645779395618007138
5HUeuLoBxrXUUEfR1vts8SOdroDO9KKEboqV8ce5R9XvODMN6DDEeasVO5rVO9iz,1645779395717954321
yYT4B57cFdWbqsww499ij1B543bSCJQ8prAyuIZ9v5ijvedzmmfVlrbqsAG4ReDE,1645779395817996800
TNDOdmVWpCFkqtiafN6PCfF4nT7E6IQXfdtHNNnCZ1xNsdyV02uBh7FSZKefc4AG,1645779395917969261
i4X3RIG0JBN9oJfmLZx2hBSGV6t8B3Or7tuW9AWRJsa7BFsXnpXUyyiU4baFcw4i,1645779396017924111
pzEy7jPRbyWkDOF0ClSAjAenjC1K852v2GuAxHZWF5HRSWPeFsoy0Rmidl2ko4fr,1645779396117919275
IX1GnYm0d1R3WrhlhUkhtUPUDRE1TssmPr0APkB1ka4GRkz8Cho5BDXMfmO6cEq1,1645779396217949606
4qARZLSJvVXLFWTPEHUNT1k6l6CNI3NMrXoOqEhljE6wjYLxnnKEn2KW6VuPYFjN,1645779396317942159
kXmakRLTeQONwjIhVawIbGohlg6HtofdLPD5oXXQvvnrc3Y5eULFjAuUozkinNJ8,1645779396417979508
mXCY2hzxckmCoIIQldfUlXwYWgEJ3XSn2cM4JJzt3l5r2LFnxsHiQDEwsSGvyij0,1645779396517933710
I55bO4SPoXFqrUboNsUn3jjv9zp7fY8vbBUxDwMzUZnJ4O7PEbCGItBSryXUWdQ7,1645779396617939763
ou20rNzJwnc0BhPQGZeZTpzImUmI8AOu5QuunuBiflioQ6EgfqF6gCOQh9ipJ4jM,1645779396717945038
TcGGUPw98fxYlAFO0STefr4M0l9IpqeIQtXuGT1P6xvp58E3bfiEWkYVThnHVPZw,1645779396817947758
I4qZWqycnrSs0evZJbnnKJGny14TRcPjeEIA2Enp6Df4pad6AOrUh8Ff7I8YuWGW,1645779396917988737
iYhklSXpfCtSkUYusNMZVaCbsI9koPGUwvEhNlU0vNSgryYhMtEpTQQJiY1VxFzt,1645779397018034420
BCYYv0ZrN1VCy3rKu57NVWeE4fj1vgt6sPemQBdlB6w97nR2tYPO22a6hH6cyxgo,1645779397118091843
MJakUBUfHQmPDDP4kmRmozrWHx6DunzE6axYjRE1pyO0Cn5uZUeOTVskSyvKjvXn,1645779397218241303
VUMCvYDkWZkgMnYuHDGli8T94PRoKybnSvxLTB3yime3ZDxrOBa4J3BNQd9ibjT2,1645779397317975469
eRL8aP4IBiLktGZFR9KiBV6b8DKiwlkbC3hmSj5dROMJfvY43snCMrnU45AzrsY3,1645779397418241409
wDoOwr0LFMesFBxG1iSNXEqZJ0Y8t6ApHyBDpBZ4VBvlKqzMYSh5gVexWB6NFGCX,1645779397518000612
CNkzXH12Twnnml7IDnLrIyom9s9M6JtIfcHCtJEKD060lDGwycnHab3hSB3YUxr9,1645779397617981646
X6LQNYlbWpZH2pBzRyEzXHgzQkYvfN4CROapuJOQ8xf9kq8CoMBJbqJ2apvDAxNb,1645779397717951792
LxODHkdNhIWS6ccsylCYbVa9IVMSSj3mfQzuAbHqroIyQsqNd2vDVTMnwhDOOH83,1645779397817978123
f6xpfDfWzvSNlHkPHdal6wW2dkP21V3ebzTGC7l90BWmSHBislTzfzzHjMHisKMT,1645779397917972676
HoiRvRavc7h3MqlEZEDDBBUvXldP3yrJmXkhyLaYQGbm6M0eYCrkNLds4GG5C7Oy,1645779398017921211
c9daSE8sSkeY4cAdo1L9Ky2OCGSPNqLzxzXPBdHdNt9QWK1KLMSeIS2UiSr3JD0G,1645779398117900505
CXgLAvwWp5uJPvbjF3NXTN1BqtE76ENGj1ZsvVOkaG1yBcfQg2x9NwJDnVItig7R,1645779398217901873
fgHa9fIkvJg4wLUaNPhiK0u7UCzCq6bWlt6uYNcSgIUabxAwMqfeoZmIllUap66Y,1645779398317927833
zARVX1vEIQmtNxqhlTMZ26slpMLcQPBNaat7bmJtC6lX1bDm4XL4bBnQW92wWBI6,1645779398417989794
lBCNvVE6ZzdaYoKcJeeupSKLZLG5WYAIhMfartgPrIzP6K0QyeIl4d5bwJhSppkU,1645779398517918810
BN40FlP63NV7fVXb8oMARPmNiRnVGYzRv4P8nnEqAixpDTQJHkUgAE1qfoMvMLKG,1645779398617942159
NhOAUbyeJwTUNroccGIkUHa75w2QGKeb12mWbk8ueaPzRBb1Rrjt8K0EE0cSIG4J,1645779398717940342
GqnsYumBU98tKivjZeagwasBYUbqkf80Tts0nd9HmHB7z4oXgPDdx3mWXNKF1QFU,1645779398817982747
K6U5hbNTtWYqYLLCkWnhZZB6vULwuZOEdrKISflJ9I8fdTrL0f0ZCCe5exzYUOl5,1645779398917928874
D3Nfg7xpP5S0YJJWwJ69TiE7dEe8aPBnSZQ6gNt3SL11cKXZbbi5HuAv6o1gDCTd,1645779399017934668
jujNHcOkvPjYhE7JqnO5hY0oLzSYAwAtorF5UdnN3Uvij01ZnNeTudFFahlkbvcP,1645779399117893388
nrTFUEaVjWESWDzIZblRCygnfPVFJ7e4w5JPKtu1N6TsIQAp1tGEru1UJWhccMgY,1645779399217989015
PxxhpqiAuB2AZCzb3Fpu9oNTI43sOiRodMTSACb5LdFvoDWrSJkc573L94EYmfKO,1645779399318013660
znoAxPFJ3SCrfgi6xQg2XhNflZDWEVuCGiMC8ZT9zf0dLgjI7PIc6dHpDSLPvDbA,1645779399418049824
wvM2UpBSS95lno1uBJVFuk47BOV6b6EV0aXUNgwnpzYbnZVwqy9lhEssaNwBSBfS,1645779399518027674
jAu5rpseoRFayjUpfeaMqSEQoBZEKEe3NY8ELzqAQ4iOnCBQqlngCz40AeCSqqWD,1645779399617952931
McPgbGozIWM5iXVXJGBTGETOsdrgRNslxFRXVFUllqqSMKxdY86oMXDCA2rZNjKK,1645779399717937539
ympS1KDl82DUKA5qGBfdgqnqseNFLiXIUNiThtEptRIBZN2qXhRDVE2LrPaC55SZ,1645779399817921333
SA374FvxhB9EW943oVFJiFeZcCjiFCFgMInOWgKDrRPOaSPOvefdrHAURuAg6PMQ,1645779399918229866
i8nCo7PgWm24ERSA45ntMwNnqXRuxoIdu5piACMgwOkBoALsF6lZ27KqcmiZY1AS,1645779400017985346
4xAF7Xt4tcFhmYZ0cJXdOsT0cAYABiaFekSlFMp7y2oiaMgBdEo14F1gPZoYGOou,1645779400117934362
6GdKaTRYVFF4ZtDC51D9GFnembC2xyu4FYMn1nMU0ZWaSjmYi0fxDTbz2l20ku2x,1645779400217924434
SOkR94w9dQj48WaqWFnjgMgj8ghqbhn33VVCaPLBn3DvZnk33XkjsQQy77oimZjp,1645779400317972579
4CzcbLmNMzIvn2yoYgXO6wMB1ArojbdlnbONuAkG90Bu17iXnEvrAH3BRux8TZtF,1645779400417934855
AHc4PKKZKVTLaAsNOlEW2FhRAfZdERqMgSQ6kkf5D6OnGFAe0MA1cqSkT0LfRC17,1645779400517925945
eRDP9qSMxo9B3Ho2dy3FmTxDTJssVry7GBUP0wlvju6kBumprn2dH0piHfZmXXtn,1645779400617949201
gODgIyb1rim2aWpRIq3XosD5Xmr4Jiq043eNzEMqu6rUbgwtWzOKpbNMOCPfvFdz,1645779400717932180
GIKDWf4QjtsKZoB4lZMa9kxXwKApXonl65yak0yUtqmTfwVOTrzcbu7WEILj68UA,1645779400817901900
EQkwRiOIW9jB5EYW6X9fREBdWVKaboknESkd86wfFfoIuMpyrydGCnthIDFtzyfC,1645779400918010434
ONpXTlAjPw1JHqH6msNxfEcxQrpPnUbCpPhI8pzXlzq0n57aySVbg5Z6uMWio5ud,1645779401017923136
UbvdQt89sz8f2FDyhiaLl7SgTwOH1IsUrl5FeDOWAWCDjP9O6jkroCXH6tW79MZ0,1645779401117890226
8eFmscJ06TDoqLAu2umr4H689bGIxnJ5SWsI69IBaUzQp7Lr05g2KnBTOPmLC3Pe,1645779401217895482
XFucMDnwfkMUrfJrkys3l3W7SGQeHnHn2BPOMCK1ufTlKlb3jT6SUaZwrxY6lptn,1645779401317934794
zIALSSLM7o6QZfTI6Xka7HUwF230qwlpDv8fMT0TI6rpjI8ppsNx8rtNruNhp6U2,1645779401417974791
0bfM4fnKjfASxGHl6eiETZbLUw0H3VJ34yN6cAPLnZojn3UtiC89jjUBeVSfylg0,1645779401517975678
i36KDVdz2RipVCjBMrK5YnHAGjpETVE9WIRko4hqUPgxbN6xEQ0kBHvRzidQEpXk,1645779401617922971
8ySw07kUWQP5nV0zw1i5GbXFJAdV0AE86e25mmXGBxMwSMuMNcSeBzrU7Ty5bADg,1645779401717895988
mDlYyIn9F95iTx4rZWTiTIBbl9gLHs133ka12NAIUEyxB2mjXFPyWaZFhEay4Z27,1645779401818028466
Ja7MxFcRRaObaBI5Oh4uIbAzniyrIyxbY2vVHXuj5GKePcjmJlgbNoZAXX0nTvO1,1645779401917981371
xKUEpMvvcFZ0pGm92QiPFHXkmVVDQrEN9gaz2VsdlPdYfNhhnO40daiO5DbW5orE,1645779402017916239
SRDTx36gShE82unpGqqrQWFTkpxpbp13EFWBGapjF2rHuc78QvzqPDI90Fwb2yeH,1645779402117890366
B9QRjGAxGzEAcJI2CFrcS7lSMi3Nggern4IUKRRYQgi0zy3AEsmgzX7JD8groIgb,1645779402217896844
Nz4fOVEoBup9tqJ7g3lfYqwmzbdltKNGHPufu8R42GBt4SykVkN3YInXtRJkjezy,1645779402317920268
3tbxz2zzHAtJar45ZR78hufaJwL0aIydBXZAYW9ph08HsALRaSXHKDse7BciTZJc,1645779402417995950
6qkeNrR4sYJkic9I2faNsQzzZZf08zaFpKrCBJE1pWjX6to9YMUOkRLH0zH9yrMl,1645779402517902114
9BwISAKHe3plubsSxMohl8yl7Ds32CoBOkRqtl8VpvEhU6ARQw6B42v9FnCFyzOM,1645779402617925408
hpAaZG4MBI3fPB4n88zAAuINfUcbRyx9o6hLMlhW2k9RwCE4KBCV3UqjxRIOPGVB,1645779402717913757
KDWgwDAyyKNuUcwol6HpZ8WWZosw2M8MZc1VqBSmTpexPYkBe10B7UfgIWbJsjfR,1645779402817925235
Jeu9qMtHAXDZ3xkgwir4AXiT3Jkv0PKK4CTsXL7hqIGuDzYAfPCquuHvE1oEO8YQ,1645779402918047325
J0GqLMV9ej3sgZ0MzCAr6RnKQbXmi3D13RpMnKWS1XIi7I44UCvabit1IQn0RyzV,1645779403017884101
QmpD4Jd5rvnwDpyh1rGcY9bqXNoyLlRjXHvZaYePSQJdDFLD7ZnfgPVDmH952bnX,1645779403117901986
qi6OEkmg83KKJdXQAK5qha3RrAVrjIOZ0UwECitJlBd4oAUySXmA5pZux4lhM9EK,1645779403217990224
dAZosQ7cbkeNs7JKe5Sku0ep4QWPXlj9vGxmg4MFm0cc7vwm0NUsL8iPWEm4xWDr,1645779403317931407
kAbPCxewvHY3CSnDnF38NlWsyIwvm9mXHNwRIaLEptF0L0B9FEFa0lSy4MtoTeLi,1645779403417993496
zF9IoUUdLjdhjoow13U1nxxrHoflSzTQCbi03CcPtD4a0qW1t00evxVDl9yC6PcI,1645779403517916827
0IH4UtRN6Vx4LR5CP5rL0KYmRUwVrYosq5uIwLd0oY59zAJOE8hETDysfuOXQAPG,1645779403617909973
DHW9c99QfCXeNo1ZxgnOukGZec65kTJxkq4KxEidQDFl2EIxv6LnqZMSARXuspsd,1645779403717902618
fwvc8eDXpTGrhZmcd7PRfktp9Ph1EZcrUYTcAf7z8OppxZQYhnzKVq7eFogTMGIq,1645779403817905597
okQwPYuXuhKpGiNvWKD1AKeQ9KrVaAJNujHJF9o7o8w5rHyLbCKkUyAdGz6p7PC1,1645779403918175241
7RIKZ4SNDMQ2cPLBZfv3e3fu3jjA9tAEJQYsVyFgJegv316ae0bI3GB60sF7mNL3,1645779404017997387
nrtGo6w7kc0lb4LG4xW8BhC9aPGKmZLaPEqDKlI5LIqxMABP5hXGNhQv7eDtEYRb,1645779404117931829
mGm4z49KKyFe8Q3B6aRTGpONUZEg7eHru3vt53BPzR35p7GtfhMtViEzHTdM7sDz,1645779404217900512
t7qyA1L7QMCERS757SycADZQeAkj2wiv3WrBXAIwXUAwuH11j0csB9GpK0YMwEGz,1645779404317993397
k58FEQBlsLfmbhmKfOCqXSdrRBCNNQL7TRKhsWQip6VQlHlQdvEAMr0n0A8NYRS1,1645779404417983246
tmhjG7R6BuWwBFMo9axVPvGP5MkdmCcdxJMDRlHcgmXpzte8SZbpUpFXAx8w8kZ3,1645779404517915392
4tGTeW3IIa8FSkOsJxhlnuGvsOr08O3CFHfrljA1HIHj0fbHaJ0LDGG3e51mT2xg,1645779404617914019
IcY3Ji5ZyMIyzuDZBDvMTBQ7HPtiSqPkRvnidqHZCYV9QijbvcvMlLT0lKjB96vY,1645779404717911127
1gEcXUBh2grSMY1FAwbtI2u1KbCTh5zglEIGiRyk5nARJBeT7FKNFEMZpY1Ud0AN,1645779404817949717
ESdwrbewMoLfzz65ERSRfp1TL2xx28KFYx9QXoKtcgZafdfs45JiuIBEK8BLEVYl,1645779404917930751
Sh9xVTr67Oen1Hf4MwmFFvTX1eqG7OzX68VZZKdhiHUhY7lt3V8IQZoSDegI3fp7,1645779405017882211
nKeMeG1KXV04alveH3ufci7nLn5MSuTDD5apLZAr5AtftoH8rAoRqvEBjHX9ByNM,1645779405117878672
4vCNUMEXU7BLtSUiaI9RBLauc82m4P86IKUmegK6mTSfvuOUCVvNrVGRbGDefKkx,1645779405217884020
cChFtzLfSlIMfeqpAjBzCPQmfcQKu8FWLulCs5pIq7eUmSHu9StKrH6WrUola1It,1645779405317896925
u15m6s4v0hNk7ecH5VZukfRc7DNhDdb5ferjXtcVYxDganvfIUZ07ycEAytNZSSC,1645779405417928626
7HwcAW5hSGN23IhJkGJrFu3PqwkPPAcUPW4X27ESNbUQrBjbQ0QfuT2kQkAnskFH,1645779405518043955
GHoGO3jleD9UPs5psUSlxSTLAb62LLJZa5qy8XjlkqF7iIuZmKIikl3uLAugTBG4,1645779405617923027
H40Nbi8JYLRHcJoOe44Op8H8GBphL3jc5kzgS6z0ROF3i1QM5Uitaz1o9oUUpD4u,1645779405717893136
x3YN7WMZuZacbyweRdVzcXojJGD9TH1PJamQ66x0gWbFSVtt8PrjufSBveKMtKlC,1645779405817940669
uWbycWwI2XVV1NM7kDqeqHnjv86mSpzKLYIy4EE5kiaj5uqp8fRwwEgpKkbkZY2t,1645779405918100610
6Kp9X1EFjmyogobmR2jNFNAZ7kIeIKXNdMUAOiP7ULu87VtZWaujx5G2pYe5rCQU,1645779406017906349
Yucuc104KuBRN2yrctaXypXlNBoCLFgs9ImkHmoZex12zzrZqS6oFdXcnMn8ZT0i,1645779406117915161
klS1XFZAAaAAX1jORoAgRgHC24JbXJHF2iFaxoi7OsFttzHLnQzC6GN6Kgfqxw50,1645779406217897177
eIYZ6GfS8uMzrbIczIn5Y8BroofllijN1Hv7XaadSudIVtuTBfYiniXZWCJFu2dv,1645779406317929025
KW1p6bRYT2qwvjP7Myn8eKh8U0OM1zIJVJ8ZsZ5LbuFXbfcxbN5FflL9jhVkel37,1645779406417994189
2AgshkBJeRoF6OAhjEuOzDVgvyRXiSficJbI3mbfBNsFj3wSFooC0JstFHQxk5gK,1645779406517982241
NFcOzB4BWwQFxLfC7TO7kF00WPvGUZZpo9EmLIxpCL58ekKmChruwqsSFohhLEX8,1645779406617934646
Nlug1pWBAbJpJcZTHQOBGGdT2IBOWiWuROaQD4ZLftAxThOk8mvM1Wq3nzPJftB6,1645779406717929421
HkUSo3oSuwNNej5mWy6VVuYItyZYpjc7R4ZD6Nd0K0MwkPgEOmjtfF9YBg71Ph8o,1645779406817970399
mf2s1fqJeCFMcvayfHrKUytgcyh2dnqPQqFRW6iAGxUqq4oWJdqnZhRCd6EHr2eI,1645779406917907749
ruhNyQVENz5E1riIVW34CVGpZS4RTjhKdOfZo8nA5qM6i4MBaPDksSaSserLLYdw,1645779407017865616
wGVjOJtT7FXnJtwrHAc9aAZSmQm8wP4tgac2rTUyi1kztgo8oOFOYprJDdRA0V1e,1645779407117889039
3bfu49rk8Zj1FX92uPQQCFjNqAVreWTh58a7HPrQyaPB6XD0wcQ6r8TgIzXuTyaX,1645779407217882129
7AeMXWkV4Ae8hq6bSVfHd8xt5SoXRO4WWis3CdWFl8LQySzQvegWkdNq4BNVXP11,1645779407317991051
7r2ISYXBhqZdIY2BAifvJ3jNE4skRrlYhmo7KJJzAsdQPfcZLHSeK92XBsFciy9P,1645779407417979011
kxU3Hn2Redr3GRabh1E1AGWK6jwoi5BQ1gTIRUh35W6Myfvfg9eoN98Us3GY8Sx7,1645779407517954434
6QPXs4bybfIZIBCwJolgxrAouRK1rH8xgWSWa3UBhkizuswDhftcW2OPRhOIyWDc,1645779407617888005
2f9bhbkMKTJELFR0sKdNKzmlgA1deCFfqMGXy0rGRAUlQtlGDMdWKNF0XHbATrpH,1645779407717896336
B3o71dNRopCCivSuG6QaTfYzuA7MzwdAxQGw3dNrRX39TW3haTH17py1x5Nwz15w,1645779407817949555
PLrSwEKNkNXDrYsP09R7wP8uVUoSTtNsCEK7QcUAyzLpYDDYKefF1l9UDvxenKWz,1645779407917883367
Wp6wPZ5NYOB4aOcu2F91zGWCCTrxlLwH81BYYEt4d49DSl5SzFUyTyAdPzaAJVPR,1645779408017903382
UYx2lr6OvDZMxcmwpEuJC2wb0XjJ26iWdgWOXakQoJmlvXfjlZ2yZwXZTFsTLbxy,1645779408117869842
FTMk26AqNvZHSE0Bn07KwfuQukrDLpCYGWIIbR6wMfBmtBxe95z6irUabLnv8xTN,1645779408217882469
Smf3BkzXPBHHKCtUFsYxh2XJLJESGhpiRSjcCh7aqOpAZicoZ8mGAHZUalwrRjXs,1645779408317868132
9HTMyYuovjwUPXIyf4FoKmIuYCjzvFp4WGOSpGEkzAEPfWLLZY9tJPlpbVmUkbWE,1645779408417919537
qvgf9uN92bWi5p3cOAVhZHW8kIcSr8gh1KKBEhIEGmwMZxwx5Sceh6mPMMrCTXrU,1645779408517898219
rAd3rtH6dCQD7M8DmjpTpaqAwhKPCBs3JT4BNKHyUfBb1Kmo3cFqC6y6lIUySK1l,1645779408617890401
n4u8O97soGRqaEcbqrS0vO4hfWf7qeqciji4snwf4MVca5EOueMq2OXhvAmjodLV,1645779408717923972
M4ZCpUrtqKWOPkmIM68OUd4Pnq9bRS6lUeyK6nDw6hITP2ll8t8cWC0J07tSZxB4,1645779408817846376
b9MfvXZ1FrUctGO17Wcegcvgjo6GkIKJPezKCYJPQo1J2NJ9rvlXXhCETIUDanX0,1645779408917928817
RWIb2cySOykQL3XByJgTyshR99dhwAfMeyvgYu7wsrKBurMqA3H8twY25Bk0JPMv,1645779409017860778
LHZt9gn1V7DNzZD7aUGUOoWUxEUGcoBv3kpDPaCuiPIfxTmVw2zKoUojgGxI48E8,1645779409117852608
r1LEbV8HvQwqujLqjJAWnxFTDDkIJyO8xhMWCVo5tivlPFZ9YifJfsmq5W8NSUVN,1645779409217884568
BssMLeRCMLymaVv6DYPsQBhUgpp6IKSTAKnTyFgKac4A7xGLVfBuosMSgBXwTzNe,1645779409317922249
HB5FQlZ0Lc8RZMm5zvxlmJCQSjMvgjXxsdAIMhGiJM9titwfmtRWAducKGXyy5tq,1645779409417916320
g372kNi4kpvQgr6RiVxs6sUO6zM22FriGyjyJR01HvQvkWMSzIK5AmTEknFm04VG,1645779409517894040
0EEJdFJs8jotDALCSeFaQinAT2vT6Oj4cvND8e6HNu8Y2TiT5x3Wdoe6oXXsvGwX,1645779409617964647
AIjIwpXIhfqj7XCCSEg40L8psghowcJ4u2Nqps8WYxGfUQrucYydr7Qhn7Thhnmb,1645779409717874515
n7SdzY9XVNAxm0sOWozNvP2gVWOCHAm2HEfGknmE8w9uwzHSoEnjeqQ7KmHbw3dB,1645779409817947586
FHP02BC86L10LIR9UEq62EDM0TvuWX5kmVimeuuiDvjWBAfgMUmNi0hhRdbx8ffs,1645779409917861713
8NemFYVTSCzdMdJg563l4lSVM2QUh6MpRyZfU48wE5YagrHjvKVx3vQPxrtevDRK,1645779410017840987
91ze35YI96qpw7XpQ2nTxDrt4kVxwxI3wHhzLEHUI6HEDo4bor3k2ud5c82W3Iaz,1645779410117846595
YFztRENkKcyWR05Dr6xs0axbhx7kGfkotjfKv04Ec3k13nFtuClulgTSdZCtEuf7,1645779410217871962
bIQXIUltVTuXG7OAI733nWTQ5fIKYxP9GngWIPPlsII9PgJhnKiYrBzwpHENCcWQ,1645779410317886440
PBvfaKRTcha0Mrf7CMg3XfxKuCh4mCTBNOpxgEOHvyHHquP2E33mg04YAmcwy36J,1645779410418148566
RvG69fN2dcKRUhTjiWVOVZwfJWcFaiYzbn5iSQk322VXhwGPTjnwGjbYEBnotKlS,1645779410518110451
7pAXFtaGv5lb210TimPwTyUhAGT1YFUf2cCHVkVPoG0qHyHxkesEcKtmYNo6cIjc,1645779410617914320
sttOePlSfjGvfXqQ9icl3TYbqMgQcP2UJuqvHZLuIbpy6eMFKwyLPWvEqbeSyhvF,1645779410717908187
ZlAqLVkb4YZ8CtNUnMqDqlRhK37Ii2YHmi77CsiGOGPa7k4v4s8tdXavafEJimaU,1645779410817957609
SgZcWFruVGSdyUW1Ncuy9Suh760pqZHGDqtj6kbZy3AwXgxsIprPHj7Pn5CdcUtp,1645779410917945699
ImWOU7wS86NenKW38LTP2YmpdzSERK3j4Y6Zd21m6OQthwvpGMCIuz6VwYjNql4v,1645779411017898011
J8UwAVgHs68Z11MFNYXFVdlRASm0DpvUxNP6r5NjATIBVcQqAv6eXp3hHqfVdZxa,1645779411117845397
wMgnS1WaVmlyO9oX2sBZhCEz2sSdRPELms7CsdmNOVJkc5FcyOCfbOebG4FfUR1E,1645779411217935615
J8QBjAW5dnqFt3rrS1U3Q9ceBrKfIJraRFl8PGE232Fu57lV6GYUN97Y0RCJi3r7,1645779411317933501
JcFgqRjsTwmX1W28mZa7ihdi6nzorot8P9oFYV70SuXRQXZA68FmpqTweQiTFcbe,1645779411417873091
lNrHtzHJrmkFKINOQaBFQe942sXHU6vDUnULkkcZWMoqc9F2jQG92PC4FhKjmDuG,1645779411517856754
yPZi9BHfV3U8Aj8t7M17kD9zsThehbufyRM5cbj8dDEnuMhzjg4RtDQjh7OMhGzd,1645779411617898954
iLjIxQQadcLVz0SggW7XjVHObfiItivb3cuy2IWdvs6ssYWZ2d6m8L8hyrzsZtRa,1645779411717875488
TJZWc57VxCLokrLnUPXaldIjUFZ161caK94uCBN8Niw6ZHr1gMaPzs9S5gTCh3m0,1645779411817854578
CouPxGXJyRNWiEXMa7mXxtz1ZRDHSxFdl92gPXzMwMscYPy6VkeQbbRB2eQTZf6I,1645779411918213628
m6zAbyWXJO9rl5yEoafPB6aCjyfIdlZQrYaSU4xlQ6d9BZOx93NK7vWqu97Xuevj,1645779412017891108
CT9eX6QvA15KaTHhUe1bYWQSfVzY9tFJMPvsTJneKsysLDZnsZNO3nqiGnENgSe3,1645779412117888716
rZvKtiwBZu2s8Zgy83MBoAs2x4PeW3fLaYeTGadnTdgZCMVJNrSBzIBwNaYrbDBB,1645779412217903157
lpf0PGnstTR3nwMAlpJk5UfQ2DIdRTpAISAfiyYZPzcDuxLfmdOr73IAGYnfzaqF,1645779412317909765
20uiwSFKQsXIpqxZTJOZMejbCUGB56O57Jo1j3L7tqPghLF8eeh1IOcTtqcwx112,1645779412418080520
Kn33pN9iDYPstczYEgXV37yuxYouZpwrbytQL26WaTNU6M0K0Xp3elvbKjUrXOj8,1645779412518056128
KcWdecAC6XgCteUrBIvn1oNLYrD5DwBYWhBAHJKNq1Xhd0ZpISaJGxdmmoryi0WE,1645779412617992588
ffMxzgInfqTJo266SgNgc0TMmIIUJoiwS2tPjCCO0ffoflu5QFm0EFK0VdVmPBjr,1645779412717922011
EcGxmRJm4zakiSp6gZ6umRsI4N2RXlJlMXg8wxt1uRlbuYhY8oSuDKAHgDgByzuI,1645779412817946692
VYPRVGSOhBzZkg7qSZkfstuW6bh2YZJ17iTcytyd5vDncKb2sJiiCcCIBrJkQclX,1645779412918098855
KC7G66t914ubNTeFmKvzu7F6yYoMAXtSkygo4Yv4cndzGFC2Z51SCFY8nKUwrLOb,1645779413018069889
K5PMdIOD52DLFNOpTNHdcnmQ7EMyYiYslvCMEbaJblfq61dZOuDzfxPm9jjhPHX9,1645779413117906571
AiVOJ3gumJitKMSgGdfuY2eijNN9ctIlbl9sppmb6UUOov53Yix5lblUx6bXztIY,1645779413217865846
fQQSDA3KdWiRRlUxUP0FzljwsJRpCiOp8mHLvJdWpMvE7O9ZnAomtWglp8Zzqvpy,1645779413317940657
h4HaLv68F2KKQUuBcgyVCeFzkozahmWOomx8f1Gu1bCP34bdlX8vBLtu7qUoazBM,1645779413417920987
l8UQ7lI9KSYNX70Ge6BoQ2iXsAKS9VpsbHGi2YpM1OhYVfm8kxwAyefqmxHwQ4m1,1645779413517907299
L3iObViatO6N1sTlqPto1XcnSrhtvUuHXad86JhxfnIhgjQU8IG7nstFka8d41ub,1645779413617891036
ZVidpNbSAr9qbYKhoYnbRgq9GxmLyfuX8aBxxkO6ZVw83FqrndQCJHJXC4qAjjfr,1645779413717858644
HonFW9J6eFEiS2XEdyQuDkSPmGXTzAIHz3UTCnZr2mXTm4hO27IDpicZz72yILFF,1645779413817921714
OhiZUGQV0xyk1f82kPFY7q74x81DTESpwBOQRmvPjt9jWIjFhwnmksrg0stR4MH0,1645779413917984211
VdRuQKJ7CSqikXvPUiAEZ1uZro1t8GudtJXHdoNpGBWzjPMD8WPhVIEK4FECT8nL,1645779414017889245
PIa26xqK9KJsjg3pAQUgijykwCwOIhjhzJi3FYOOqhEXLHNUfp8MY66TJ3pZiYHi,1645779414117837057
pzl4V7SJpeq8vDaZ1ivXp1062pflLuRBrADKIed5IUDCfolgWgEJfCPi03TJvsUn,1645779414217853424
2g5KKjPaBbmoPVTtBfBppaXpby9XqbIqFNBZ4aAD9u2WQTQZ8ZOx7tljrsEfRWWh,1645779414317848716
rfEuDM7NH9tfaHEiqdeyUNfMFtzeNTJE8Y8MsGj7Namys1egcIe6dJQsAOVXrok0,1645779414417847491
MsKD61KSb7OR628gJkku29lCXGkO4SMPKgcPhwpH1Bg5BolSXWNZf8jAORYQttnC,1645779414517807451
ZPbFKOUJZAPkxADSeYzHgiR2AyS3rEFObobvC5DjEcS9kdbPBaepI6rQ4HUtVjH7,1645779414618179056
Yt0iwDQ8nsHWVqveQXThdK7fbZW5HoAnfAVZMvi7lxdGoWuC4NrffxJFWpKndUaG,1645779414717954387
c4oyxW4jRhxDEsQIDFvrCE6h4QSfs1wS3kR0EVjdAfrOVFeiUaZfodKs1mYtlSMo,1645779414817847422
ClpOEW1O9sle7PLaxsFmWXcXHAP3ajrkUe8g982I0nx6BGe88rseOVAfdZgEIYyk,1645779414917934103
A5QHDSaBEVFNltVtkMW6pgkSDQeVwdF7gdOt3w2HRIeA982sSYyHCihP7Mu3x7Ad,1645779415017893914
iXUlTW1tmf3wl5oDbkSnRAAYU2bR9m2pHUbk0cblFdh1iTCIDd3elECFGoeOYgDp,1645779415117844596
AoX8O9temYdS1niFQmrBy2OCo2aMgm9oYexxloZVNCwMxeZOORXMTuZHw7bdriRQ,1645779415217829426
KML69ubW4Xq1AQNYrvtInQXjV6KNoml866CF0mj2Ha3RyRypKr57Fcqki95Uvqaz,1645779415317897700
wlFuXwwoW0EUPCHj1KqEwewcn24gsdgnOtfvnchKatmz32g4MWGH8DrwFua5XEsv,1645779415417875993
5Yot8TBgNvdQxJTInjXvuMp9GQDlc5eibQZhukNFf0dbJ4r4mM0gipoxD1iq4NWe,1645779415517843083
n5LfnhuSfW1xaq1MC13vppq0qYostKWfNqKAVDbAha7HR7ed6fWvSMwItkAm3fRO,1645779415617846672
VkZyv88ciEt9LVnR8JLaeFqXxzHyehN7Rw5K4BwmPnwiHh8NyRycgm7blPaN6xSV,1645779415718115519
tVpvhjf4WZllGt9FI5pyrxXbM7wQ4PvvukqZRUcx3NhIEqXWtKSiHzJb5G19du3V,1645779415817882053
er33Lf1P0ghEUCiNU85k7NLAbLKCFLhsCkvWNuvNaaZ4kHPEPTyVoIfNdxZqIGiT,1645779415917817513
zezKYsi7QH9AXZMw0JRoZ5BC2k2JyjmvNjGtbwy1B89ihTdfm2TL7cV8KWRGFBCa,1645779416017867306
uQRVKQUVYdCD6psrrJCxvg5DCWTPfdxZ1O2LmWpK9zVDoN4deFaXvdk59CUmpPLp,1645779416117817265
nN8Ytxs0wOCijGKMVutOYcTfovSbIlQ67ZeyUUzPq95YPPutKlFqLhT7ctjvf7zm,1645779416217823318
ebi73fWsoZQEzI5H1K5N1YUcSBV5HSpv1X04DUw14KD3cIIcbNzavRCNbfQs7Fl8,1645779416317872573
nmD0G7zIQDL0Tbc4yZdu1pFaVgQavBjgvugAzeSPrmQIN2LMcyEblR9E7Zp1kYhe,1645779416417902847
QMmP0CppyD5KFQepMqO8HXMP69Opf5R5PDTNPGAMTGeigGW36s9LQTkUd6HIAgMZ,1645779416518075602
tpvH35bWLDC0Ti3XbAszdbREhjVpPrNHeIWhN5BjINjj4kGfs6cTf1iNkDA82XNe,1645779416618069469
prJBwUsEpZvtH9W9F8cvAKGsVQyVwJ7lAQu6smIiLDZcM6laCMVMejD879d3Tlnd,1645779416718125891
9hi0U0gpEFQYL98YVbsAK3ISDtVeeGHmyxmQyQDAfdiznpXIQNQjRiBcceGEvVyr,1645779416817917592
TkHP8UZo8Fnt2I9RdaA2IJcsvs5oM3fnmuCuPjgVwRMzhVOL5YLMryCmoHZALEv5,1645779416917826608
95zWmezj5Lgnq46uaRGPPS9CiiK1xG64L3Y6hXpnqTaeVgY55oUTFdfxKzwHF2JZ,1645779417018118584
5rfnMSaCt8qMmPRrBtKOUzJoxF3CFKjLBM6VmehfmW1WtQL2HgRkdiWawYlBsSU4,1645779417117878007
paXZEFFyjEUcfocuU1e5k9eghNpZpKbcs9C7MP35dWfGKH9mJnp1uTfbqUBemkEf,1645779417217871948
tQkDnnIRHvfbDoLUaBVUeA6TcF5PzJ2rim4VXLwpGaQROkvwvORXWV09k3WhNYY5,1645779417317905445
IbapwVeC53cRnXOgunDQIEZ0H3fcZEhrnGhjlJtoKVD51blvOzJeBreQuK3UWiJJ,1645779417417897460
w00fIrTaNheMGPFfMYHVPwwKExmid5za4zFMohuBMYVcwkFGJXmiRg0ddmLEsKow,1645779417517830179
H2G5j8F5fkfbVtrmObUpHTSsFl755v1KvFPeOch3NLcqERac32PIVpBlaGqf9qx5,1645779417617823564
5KhRxPSIi26wUgWVitnEiwxICnvMbsRfC869VXPDZV739bYsUK4CG1UTmNpOFE3S,1645779417717860227
K7Zqez1CS9FcimSD6UNMTqnFDabToct7iSxKPwWq3kQmUqzaKKunAi0MIap5AgCq,1645779417817872908
87BW3fK7PktrYqRs8KdJ2bfI9SLK8XAEcJigz2nMkeCISd8avjrvJWESwXk43tHf,1645779417917847053
CzL906UiigzAH7jDpa887Ka1qL6tCLYOIsWIwyzfcynt3W4s7B0CTZDJsHC4cjQv,1645779418017809661
buBXsAAS6yKASO0ZXzlzYxIOETQpAoijjtGZ2P26LMGniHLEG4Dm1TAGwY34Mln5,1645779418117802398
c2dcRfjkzzVfEqtSv6EuaM8UuBZFwMKZMvBnYsVXs1B4r4XkBjfj6nByzkDt5WSR,1645779418217803987
RcD0UiVKjgPZjuJudwbhkmehVraYL1xlb8j3rEOYtl5cdNUGJ3w1paiIPJolImWt,1645779418317841353
uDwjPIGI3JsggKv0Nr1BRiTq1IZH23AuG4cgNswOBp3q9wqVnpgCX70WNYnPbvKs,1645779418417833905
ywWLmShvHilPeZuPPaZuhaP38ASh6kZ2e3LOW2Klj38Nd2l0aKsGsHJySjgWUDY6,1645779418517785198
HrVntnWaqfyRfhRG1KUsZnqzWWVyi13zsYkkLEK9tGbZx0nxIHps2frWALVqKYnB,1645779418617809991
4VtNjBWdS5AN6xKOC7EEl4kvNDjfjWon1hAktfLJkVeoQzBc4NqpRZkmmTSWxGHy,1645779418717817524
wShn526nWkcwhlXm8LbasKKflm9j1QfxqMkvPojtWJnE4IyCeXkWp59bpIIojvjX,1645779418817836391
IRRfF8WkRJwTcudEPOiFRsoEA41rzkNHAouNwQ7Li3oKvRWLnEaC6MPFQQ4PARfK,1645779418917802406
DXg9ynUerGykgU5Rgdcnz12NR4nZWQsjxYrtJJXAYTtEvydcaFNXEPvfTgDx43f1,1645779419018142530
bWtsnO3LquZlsBLQQiyf5rIXXTSbW7a5bRyPqzkgtIPjTjArR6UXxl2SEU1jcboB,1645779419117862250
1karjJVabsK2bUr1aMWV5YxJ2y0cXpmYZMNHfsrEjBGKd8JBSpgXNboOZpy7ckf9,1645779419217824061
51QitGxaPDt3LCCn2rKNS7j2wg7YOkfRl6AdK7DjK4keHxPHokcGpKGlyLHM6wop,1645779419317882427
0ySK3e2Nim1xjREV9pmw70f5MwPQqDFp9g9CKBY0yXyfwAB3zvz6te9FYZdPktEu,1645779419417910794
ZL4rVarR8p62yF6x8322gBFEitbTknNH7P6c0x36l76jLAeTEeVsoj4WcgzKRKbY,1645779419518045364
ifAgcBkLJq2e1h5DJb57K9cunbEFunncSwI270MOqO0p562Ph5UzD6ryg3DaozAG,1645779419617900027
vQG0QcPE1P44V4RAAu7L0yJe1VCpUM3NkIN8skNrARwdVLodFtyEsGsrl5fDPga8,1645779419717871024
yvGpgdgo2cRWwF9B96PzMGo5LTIi8qq4l7tPiaDlAfF6sMGzSfymtlrEE7vMxjPh,1645779419817941279
qI6XqKG1zV5rrLrIzn4sYu5lzy5xhUcWni3d2Jc1mgrdzityTwp2oslnqqiXLK36,1645779419917822683
36h5NI57ywjxccu3Yh5MZoANfquyBy4C2jFO1KVzEEvornsNUvk1ksOPgINrEP1F,1645779420017818309
8Hd8Z65oJ0c8lSVFODG85cVmvqb7DdMLsxRR2XDLVqTHGwUeAjkDLFxE5XMI8gc0,1645779420117781991
c3PeYdx4ROJhKnMSU6eqKZ2P6MgE3GCdJcFqDAseYBLqwfHRmvF4UHTbe7nfNyIf,1645779420217783598
YVVlfLPDWk1QOIp8D4CgMdFyl0d8ytlWOGH1ZeC5NDUlUJtfO5LigagRZJYXAJ2W,1645779420317836131
YHX7wjBJuf2Owv4KyP2eyg6Vxc27v2dTKAZErkXmNZAJSEeQce2YJ63Gi3Oc6z3Q,1645779420417843146
AcczK9lhgw168dUkFWGYbJpJNBtRAxpIZRIuY1ZExaK4DooRI3ztMmBhx4661vMZ,1645779420517863790
KcRse06ZbOdmAQDTTBKpxVVtabzZVJ8pwZiaam799ltJB5kcG3RDYu46U3gzNooH,1645779420617818842
MUpwHw3Qfwhq1QSHTsT1kX8EZmDua0BuUyqjut9aopOpFp5ifWhN1pcaZnS8lb2G,1645779420717768839
ZtzUk72WwOM9BPrqvYEwMoVvZx3LZ6Z8xWafbaCVxWe8tVxo49iOxDJU9LpiRMoM,1645779420817812538
tNzUv90sfczW8wKA51Y0CrULAI1bcovV9vy44wviYuEeoXotWMriCJ4Mb3wErphy,1645779420917847664
kd3nXwT6ohkcCXVirKP1dRMDUGRK56IokJbHD2L1j4duZ6aQQzS4QoHv2gD7mTvU,1645779421017828716
nUk0W30E5d8eki3AiVC6HTzJ7COugKMRm4RJ6RVB3donJrvzM86bZ5shGGZwYtNL,1645779421117782842
ymc2C7DFi10zstxCz1lZ4dEKsnGOgbjcMJcYOql4pl2gezqcycB2DPN5AbUoBBPX,1645779421217817468
T15prqsfZuLBrBnplwpzJA2TmUIvehS5gVuYJmBseU1TdnGPj6M3GOU0rmvVRLY8,1645779421317829982
qSe9DnzpHzJumZHVdbWu01splmIB7qHyGt5Rg3Hv2Yno75HjgmdenTRWFjfNXwJo,1645779421417823164
pOFVPUOR2CD8HTrvFSY0vzU9hAWE6n0uBENZimyjyCrDfg8s6eqzeK8JUcXZPWTZ,1645779421517901345
kq8Sc69YI0lveslkWbk8wqROTxxsTORBFZbpglOwj7qOzb6WBoe7f4T8zR0SpSd2,1645779421617825526
zEqfxCahJO3Hz9nAyPFdRjjQ8jsv9Tw9gkmdwKIDiLSiVFqRd424llTrSJmangjR,1645779421717815782
QT2KoLWWgyC9C1an5apoJIfmcPKN63mUUopI7JnmHzvR0UE344rMKW8wwQH0T3Uv,1645779421817846056
qHExa1jqydHz7U09YsVsMbnG14GS6jOwyarZbbNXEeUJ8VSeLwVhXIyXKCzQtNKs,1645779421917809867
xCPWlm2zOWGV1i9Mce4Au0fFAed40ywv8JQt5SqTy6y0m6KPiMXdMCqVoTZoPTkV,1645779422017808400
m8OpaCIYGFW3LrQ3BveY7U1vwaiJ1QpnYBc6Msec79dQy3S9y6h3ZixVGdmF3Z0Z,1645779422117805322
jcf5THfYQJxOKPYHTDK2uFV8sIOtpOSYz5bSNFynYvCsKi7mvSopfIyYYMRNksuh,1645779422217794263
xT9Ki66E1I5K0C6tcshIAfqizF4h7yP3PWN8cTMejRwhc2bEuIW3vMlsapZflwiB,1645779422317814092
T4H3VdhF3buddTrWjOXeiGUI44ypyeyRiFVErARsmJVNnMrWiO9RfdhjfdWeIT3y,1645779422417863866
iWAXhbPRvsmgDcCvyJKbv0IYdpCtIGqyk0WRatqVmb9xDJs9dBlWB34mqFe8VU5D,1645779422517851843
Ubd4STXC2g9D00Nb987KB942Oi8rAD5fmihD9FPCtXPrXmQgsVy2f043jAvtM0W6,1645779422617809803
iEJpRh1IER8lBYP24N4jL6m4GfwadQhJcy91fAKtZQcjy1l2MpjitUk79ein5N6f,1645779422717853984
LDhzOzqvPTeNSNOpC7V3bFBjutUxEYaXmHWAEN5doizG5L5GQaJ0oUjgLDbXlB5V,1645779422817888331
TZffujJiPGxUb2kzb2zNUi3oteLdnO8EymusTBZsRWM0W5z55xSZfTLX5h8t5G71,1645779422917940568
01sTARJbvgZRjXXmUxL7RfeUMmNP1TRzSJRdikCdOm47HZtlVDqwsVQCFmbEF0Cf,1645779423017837342
HdIzNVamFdrUCjDhw3bmW0ykkXyxW8cnlvl9OLtbyk59TIoNJQ7qO3a8bW55fhsQ,1645779423117776543
abXwxQXt9a2asrwCF30d7alg4oljVb84Dd084Y1B82jztf96h9jmhSSjGBTlkZnx,1645779423217789742
Co3EM5PS77PymY4RflDKDf4ToVCZ20UEoYR8boYgvyegUg78PLQc0U3nxDMzDqCz,1645779423317812201
Od5zRcfNaH32vAAKVbwU3xHzBbwOR8MojPlB1RWbgXccfku9LrbNmqMxRGKqPgc6,1645779423417856123
5OF7njgTGG3u1y3KnchZS1XrIrhfVKlYizdTiIwzYyrZuuufUZEwbjnrYSU1kDaQ,1645779423518095525
CDtvTos2kjZebTJ53VzcDkRlCvlv8LLLWDE0160lnZNO1gR29QcMA36KyrF4AbNe,1645779423617895115
obcnhaWUAtq9XHBgfn1pq5AmuNq2wEginHVVrzxzsm8N1H4h43Ws8ec00R2wfifQ,1645779423717843482
x8tp8poybvMcCOJHPo7XQkXQBZLoFyED480Axm9WhT8urQ9GCGlayGz7nKv0G8DK,1645779423817862441
GBVBychf5nZuBgANvtyr9vzuFuuV26nGHGRFs6vxuSr37zR2qNtzIsrVlmylsj29,1645779423917912196
0RNsWIoQifRpdspTDjRTZIwK2s6sc60cXNU3fGRLwrBXh0yvhNMHgHZg9dZlhZLD,1645779424017805544
woGZ4guyV3VC2S7jpSyVjWAs7jcpGx2ClGjquboPdIcfkhMZ9J3qnDhuuJhAEjKy,1645779424117754929
01oscaIFqssaZF8hWBXJMEBGVtOiaigYjSRJ2hXtZPR8cZp8iLP4XbI3Sej2KPb3,1645779424217772018
r0LthskGHAMujA0QTQS0zj1PNkPi90j0y4sfuatCkE4SM4spSIpP1poPZE5hCoh9,1645779424317824921
rXml8evqszIE281SRqqQfenDqsu1fZAW7uFDYB1Q8Kc8QdZpSPE511IsuCrXkz3r,1645779424417789102
tG2SP3qYLRek4DZUcnaenqUf1JClIDaBTcbtdSPzr3htFEOr0wTnmxSnGeYWp8gI,1645779424517764598
iH9MhYJYa0SnEoeEk6zW3RKI3qoszU9hkI1RpKyNIOAVCmhwshQu6iCAZy0WR9BB,1645779424617803575
SDaFVWcoukH6Wy0NfRHm9RuiNuCm4OvUbUh60Jst17zV6ysjN7TWWNDsIPeKnamM,1645779424717776757
4TR4kHxlPvGVr7CECgij3tbJHDb2nNPrqoua5pJUiYxZdAlpoUWrL59cJkf682ww,1645779424817771475
qoVvdoOKKJtxRdlF5H7QLG1e0gi6gc3WQYP4KnOf5FaWqLmvbtKu7LY5zECfrD9H,1645779424917757897
lYJ3KfiPtHvjahdBYv5dGbjDovsf61urXCurrbGiqCQQr3cOyf1CFkN3dFgjEaYl,1645779425017773208
mRbc0rKq1kGrlqFhUGrjzEkcRQKdysPjJyLJnd7nMOe5Etni7cP6r9hGX1uWtHFB,1645779425117727111
FYS2BapVwRbAIOrQyEUnOB4tCyN4DaDS8dSIDGn7hOIyk7OjLqWh2YbCWwEhXR9d,1645779425217774774
3avEojMT5eRqjpX4g3kgaJs4F7mkWtOZTJmF08j4kAuTyPVeQFI0W85mDrWkksHC,1645779425317777658
C3RA9AEtL6MJVqvw3DwaJ1KXqoFbhWnrYC1hNEZgKvxojskn3eNMghtWV85Cdq39,1645779425417847710
33oOHN4ZH1N0r5nuk8EOn6sJCyTpoVwpYlDn6FMNGiM7n7zXGCv3ImKUkoIWHCKp,1645779425518020316
xXa4nuP1al7Ot4t7GnAYZT1JHHnYT7LPdtTOlqNMaUkTZbYpOgMx9LEOc0u55DUi,1645779425617840090
6v4qmSCKwulTVJHuzdp7w2VY2Qd7b6og1sWlKi5Hcqi77zz7apCWph4r5gwhmkNl,1645779425717785124
drVxZaC9PtEWsEbR1nxqT0fWgbDQMY9xNeswD33cwI6oWgDXRBLuB0PpbcDv9MqU,1645779425817870601
1jREmUogmsSGYglyr6q06Fpgq0ZzMQTL7sXtLLZ5CzMkf7gWCXWGmJwcJUZes1zz,1645779425917812986
rXqCqNG2Mal2hRYry38jK2LcWtGOuDLliBwZYCZvmKxRkTHgUPPpPjPucdGUqcDX,1645779426017805815
n74MHdF1wATgdiK87ivURKO1vfTjHgG2oKM5yb7ulYYNGsTLaMpzgCyZrRI68Z8u,1645779426117837552
rVzp44hqaDBo6e9e0xce9aB02T680C2shzhm2NacajReNYHLVtxeT8cTZgbatdSY,1645779426217811770
d7KdUsF3bghwFwFipALHIvkqcMQTxs1YzKBSARVm5AgI7wzu6KBNFuDpEbGBTGiQ,1645779426317832525
YtsiINSMY9cf3bZ7vjS9ddwpEDyhTg6zYyhoM88sFlXGM4NGlqPMTJBgWALxoRwM,1645779426417817595
Qc9kkHcx27DN9advO0HqJTWqbrlPJgkhItR0A1xB88YFiBA5BQvUtPIUG2rXibCy,1645779426517806517
UdwdetokzM0hX8kgYfAP2RrJTjo9K17nc3QFuEztaxY54Jlcwt2zItGla2st3zgg,1645779426617866661
26tuIqlqoKtsdeSXVUWoMkXwnQnqPTUQXNIpC4d0OWqz8IUel1Q5lxzWLnNjGp7m,1645779426717796249
BPZNRDLnj9msPFU8GuDzpBWByruCezypOYAqjVdScOI2dkAreOoSXIdV7VfmUeZq,1645779426817821060
AigtBIJoeaqFK06zMsRt92MGX20zeapmGUdRkwFOW5dp4hoOXDGgDaxiaxhEVUyl,1645779426917808260
ybDiWQ42UfpYMbuuo8YzjVhJRMWurUen6pUcFYcjCSFW38QqGxpzSVHrrnmgHQUL,1645779427017835366
FyvUUYCeyRBzZZnoWbnz62ovpac5y4OD0KgSqq7mHIlprZdOAOLER97EkjJgngsl,1645779427117771937
0YEoMLabdLQUs1s0OBCpLK133Ljpzbaz7onT9N3kgTFXT5XrHkea4fd5yKsxuTuz,1645779427217778895
FhRN2U7hvKEOQlDfTpDVVqbR8RN0sHy8xPTzragmts9JeKw5A9bdxA43bR4Uh2ae,1645779427317784873
P3bGbI2UA9lmUhseqRHlbJpCltgStG4IHfWtvYN4i9qCogof75OiODt74XXvobD3,1645779427417785646
HhwCGIEwP56DjuqpxFXLQORVwyQiYclnJgxXyCTLHXYyRNnOcJi2h9Vd5wLdW7Op,1645779427517836827
nMLjYo4nMallxZAXsqaXx3B2zWeTb2HMOc5wO7jiiTUf0cDqSlNPoYPm33Dc4UzQ,1645779427617797749
62NVA4DsVfVVHgLhPj4CFUyGV9tZes0kuLD2NPst4MMK2i1QP6ceYYv3hmbLcZ4W,1645779427717821023
sFXFeP6hlT1m90CY4mCcK5ezrFLTmNyecTrFswwcPvMYtW4wIGYaKAZ9Nsd9FZlq,1645779427817779704
2d3sXxUwqqSjMWfckCC4KmEicppqMbgOCjGjejdUX3DsXrUF1hILRU13HrtdQX1c,1645779427917776218
EFJsyuMUvYMSPqfOVxjuRlygcpJ0LIcZYtQUlkwgII8f9l3cjlX8UTp4I64bPe9v,1645779428017944861
XZNIJKwac2FjnHKU0rdUKQYaUcCtGLmlsA19Sxj2zxkmC4HCvsgDGElkovc2EOn6,1645779428117934264
WmGyjx1iulS6phGiXwtn8eWuY8wmUht1T7xC4ysxhJ1U0IAWC3HJgnDEt80OprNH,1645779428217891668
wKTzHKwwdvRbDb5OdNfJAqV2yTQmLl3F3UEIo8FP4gzFF4dqRI7a9cc560rPjsem,1645779428317805294
Nt591KX3yUJBYw0yD7WKi8No6DBp5nZQgeYgw5hsZ025v2369XQrfndj0mW4a6UE,1645779428417848567
i2sf5aVeaXkVZlbjJzYwlAejwAnWGGlzIdcOB70mdiFCSptjoSfXcHHWS43gKmfb,1645779428517764156
NFxZLxJyeY86L0p8SSf2kwWCzZqHJWqhjnE2jXyN37RP7EXXgAXO53Y4bPJutAZc,1645779428617764263
vnfeIdzMiQjncGKJOpfTtEVSdpKUzu6ufjXyLWK1v3pXH7ofxU9ogeGHRalOSpH8,1645779428717776981
Xo6sIOrBPgjeoVHjxOXd3lsSLdrmT8u0uyqCKhOhM5L8YcrW1O7290SSdJE4P64J,1645779428817904180
2uWMas3wxM4VxvzyH7yO5Qogi1l77pRAixUGnYCksEDp7BnOGjkL8Y1qXmxfaOnG,1645779428917790991
JHW6ngoeu0TzBFLRy5m6blw9Wsm6GXKYmqeYURCMRfLcug1rjnvIWqR2iB8wgSUT,1645779429017847005
G7ziYB4zoPZh3aYmLR5rHUuze0uKROlfVkO3vQ0kqXPr7xcQOfGe98dl8X6XurDP,1645779429117849019
aZRTzPBnvaf0XHRuwhY3p9pvftTZiewIBLmAjxyeYbe3q3vkkTnXbaRERunAWhQh,1645779429217773607
1Cpk8nMeM0hC2bwm4iIdIjribcs5IImJTb1bNLDjJswLTq6WYO9p71XgbPltfXA8,1645779429317783029
69hTUsBol59EvFkUbsHiroMSB7KqcUxjecA6VJuEO2SKHBot13ZsruI21cqc5lJh,1645779429417792543
MTnpli39iTTxcFodIOT7Gm7HMytPhC63euqNatWILyFvD4ZUQ0bekhv7fnWKxbMZ,1645779429517793724
TCw34TJNPWIaYp4wqeaaLUfyHAGClcmEpgFr7WEW2W7ZM9VAl4k4YQ2naHxJtjXg,1645779429617781479
OkXVGl2IG7rcGLm0NU4vs5gQMdjFLEwjyRCEDEXTJM3afna2Fcv8hZY3DGHWUDDT,1645779429717764697
cPhpcEGvZHTC21FGe8OLiuNtAeNfpa8RxnFZ0TTZjwllwy1a5NtlGEeQsz3fZ95U,1645779429817795730
xI4xlVUUPDELADtFbn0pzcFqbHV8QYcLqeIc9k4XyGs8UmL3XLsWv5MWMqclOC6D,1645779429917803188
rNny5rV36O9a8UbdnT7iWUCrImcezgrq1em7UI8aeG8kijNUCUAgwLXC77r6oiun,1645779430017818814
Lhspx1PZFXJvEePQ6a41vcD2j47Vn1J8gBvdAIANpTJ35iRCGTDB5OCnTHIEIbKz,1645779430117998790
lFavXlJKCcLIIkSZDdiH1u4S9MgSwyPhBxaigr0tRJ9k1ZHFCzWBsYe1uIRqHqVS,1645779430217813620
m69Sv7JNRQ5SzMf9L9LDhxDaDeOSTsvFy2fr7zEWPJxNdcWzkpAPmLxy0MQREJeA,1645779430317781560
LJ1RGExeVu19XV8FLGe5cc3awU18lfI5yHWDVTrzOq8tLE8gUkk4KneEFfMzIc4F,1645779430417790426
uaSN3HMP7UIQiO7B9pFRaugoZ2nsfr5ZRXuSoHstj8JSXObeDq5oklcIoN8REDyd,1645779430517842144
ks3W7tPr2gHZ5sDGiG2R2ejo1rFD2Bqk3uG9nd0nHFKM5XbnmdEoGvaFknTmyHWz,1645779430617787565
9k8vL8idL3xQYYCKCO6QKgf2T8pRQJPZ2XUNeByzEuQkSa5cyB2GqiJJo6jEP8mP,1645779430717793376
dElHNjHbbfK4FPeBYfSONlg9rNMEV8c8KNOi4fHgIbiVyMgX18tMrZWiwsvPyXWG,1645779430817763446
uuwwXCcnlIIkfwHe58zwiVdeLY4H3aXvSSrzeSmPk29NyO21X1yFUZrp5t48Rb1t,1645779430917756979
3sqfIa53cCObbQa6PWJr5Ae84iGVIHNJ8DzQm4ROGqxpEYvc4ET8N6GPoVs4kFOs,1645779431017783844
RNHDPiZdWVRj3KL5XmDusSJfxBjhP7YqSn1pTYR03sj4C2AhmLbflsKi43OR9uFb,1645779431117730211
hGRAms8qipusr2acO9H92Zq4cCVl6kLlymvkc2aIrT8hViJtsa1s9pwj1RT5Boq7,1645779431217758854
Yjr8lQOdtWKODbG39HvG6rz5GQAPE0WkjLsVlG6cnO10zH18WwOalLf1mnQ0nwlU,1645779431317776554
Hbx1s3ddRcbOrcWLWuvHGYI2Ji04cjZrLUqDYUox4PMuzsFVl9mzf4zzkz3MjaB2,1645779431417820401
52DbU1YYOuSNlgsUneTSgSPOPTk61v86xJhRKGyi8O5r4vLrXmIDEhZc8JgADnG8,1645779431517790378
6yYRCU7IsBAv6VkeI2pUkP4sgl2rYHyeDU3PyBhoMrjQLS2bUq5CDA3tv3jRIh5V,1645779431617772781
B9u7KaveRd4k57LXvRk8ZlzSmit5NyaW5VdN3X1UA4DD9Yk4xSCWBBwysp3Dmbkp,1645779431717806999
4LD7qCayEnBNJwPHMZlYliUbVVoF6W59sGGgSqfhbq2vkSA51tdkZ5J5a6IecNnS,1645779431817822328
d494solSelNNDVSDO3vy8D1iJJMvh8OICXM2J7UxtpI4KkFjn9fvMgbfzwYe4wxE,1645779431917755694
RJEkPjgGWyKrhYYUhBO1rxeorCTt9Q7YhKJ61xMXvfMaBu5s3RruOVhGhA9oYFND,1645779432017971911
XeKYbe5UJS5UK8KOZBGvex9M5H8bUVp179Zglc954CXPIslp11kexs0296cbaRch,1645779432117850925
Y9MJlVMofuBxkwmjvUNsMLtTSV42uehQl1jVU4J9yU4gOqPJJlAd637WW9YOmEoV,1645779432217780514
FV0iZJrVlw99kZT1KbfOckv8rRUbfI7tl7bLPQoAKyI3Vl4nKhBwR42HWWs9mz0X,1645779432317767324
5bqU0dcKbuL4dQrx70tX5vobRgiDejjjKZBICndliypJMeHSdAxi6lHVPzh1iQi1,1645779432417781023
xtJAfwtLtheDJvfw4ceALtdjtKkbkTciKwqzqhIhOxvgsYcwBF4U8iD10wblNBRh,1645779432518036203
5FfwwxbJsUzl3bfCqigzOsyOmZ79lYoonRkkPK1Fo00rbe3QKiNiaL6KtCTckHQW,1645779432618032291
h9E4TFJFFI7qw8EEobwMx0goC9QvPoR6vfAOuTe9ljxfpCtenn0iohUyostDhIJc,1645779432717818269
xRzptbyeIuI76BlrxmYlR2hFvZTarkCnA9c3kZf2TxAZ7tO4dwn4xSIs1lSrTceb,1645779432817794191
mEeWnIXGDfnIYAMC67E1aWtZFJOhw0IiFvC2DhHOM2htC33H9HIhmAE1TdiPdz5q,1645779432917778649
uGr5x8TK8ABLCEaJVq0H0EHUpxrRwxHoD8r8ELQNTbgdpGwL6wa59pZwnQNhLfWW,1645779433017849607
lLf0g5N8f1lUFinJcOOlDxiyM3ghiAEUVrSAunGZo143hrMKDl3PglN2n3iVBuxh,1645779433117851029
jPpdC5D04F1m4M6I59hlt2mg4S9FM7u3Whghmrhr4hd93hR8q6th6dNA5XOPcIS8,1645779433217707451
y7nkwVZ1AAADrZLgdCNjojstGGHqWhwUmkDjFmkPvuakRtQ45mntVdljt0ZQhVsU,1645779433317773946
F5BSqvplnNTEGuGMe1D9fwqYwNwcqp44uFUiAIRvfv7wnNGRORY3OMaIjWuXJybC,1645779433417774331
D6uLOKG3FNx0kDR7dx81HiJ0DCVUA7gMDZhZtya6JY62jV9MQFLhyff9pAdzHILS,1645779433517777771
p1zgxakG8qGrJNCjdXOZA3izBJzRZItOHt2ETmVZajOt7aak8wJIx1I9IFaqVREn,1645779433617809247
IF1j1UIaEhTLF23NyMewLw3b9dRc2ePLtP4srLS30uMFwPbslFo49rgGS7sVlGoc,1645779433717769706
fqVUBxY9ruNlKwe3BQ6IGmWirOBbezDHqimzeI7TCUFUQrWZHcpVMLEDhNoKN2ZB,1645779433817775868
iJ8KbFooh3G5sme9ORfkkrwSEkkZkJiRdrlE4Z0maHrS3UaQvD8e226ElooV7Uuk,1645779433917865141
JgxODxAmE1CGVmePxk3zn7EYv012UwlmaiAlfKXsLi6pUkEQSHPFMbnHbpH4j0qJ,1645779434017792100
i02MIaCdIISk0e8StYiF9TUjGklzkbGTZJnrrzS7FtpFXyfRWNedp9K5t55deJ4D,1645779434117753558
cp2RoVY1OOGtMuKqHxR44mAxrDYUWbh7OkYDF7CbTTUpLndck4foopje0F8WqpdF,1645779434217769646
XAQmHcLk3qXOdAzNCc91PsfP5ntuaV78fXuu7Ec949VhHS2T49SRz5q4skyTD5bs,1645779434317787104
aTmghOnjVIOmjODlXeDWj1ZajX1wbcoB3YpjucQPtp9cDLLjxWDgYmGHIHCtr02t,1645779434417854433
XsaRU0pNpyx1HHkEnvvJi9Z0PlrEjt5GjfiEeXZRTVSlmAxX6spm0OkN7bZqSf5C,1645779434517773614
KnOyIvQjQqSCzQi3GXpGtZb08BoYqti8e65w0TeQH6bGWJJno61hddfjmTIcNyi1,1645779434617858479
3lw3EaTWg4kBL2y98zqmcTVMxlyKkfJnQDqdlH9QMrbhtZp0Wdk97FV4zSMh5dUV,1645779434717775883
rI8cZF2t5dZyAOwhzgo6uH8thUam62GxIMXpcYhf9GbKcYzZEng82ozkHXWNXkIp,1645779434817773156
7pdhNKMXYxp8VohkZLqbAqLPNqmvY4iftJMFbik9gXF9LvrsGiTOWnntbZm9bTnT,1645779434917777799
m9iOqSVUzjdIeTAsBbFhM2YxaJ5BmseWzKsnkMHh5txhM5XVhmA1nixL12Wls9Gp,1645779435017776795
R6dCSsrVjpA3ugYZSibDPYYOY38OAODbSqlthdMQSXUMD0udhVp41NSZOaxYw8AP,1645779435117781123
xvGeWc2y9UJKVDwAglEh6gEVF919HBWE5mqbPtYWNppq2l0gUELYtZ18i3HxCmAH,1645779435217758100
Y0rxtNSHCH7C06sSID0Bm2HS5XNHJXXrYMnPjFetUk5Uqxw8AuIuwZKz6fFNDkDj,1645779435317793910
6y8nBlgfVl9Lg3ToxjgsJyrNd6joowXuuef5PLiu4rDiseWpOCfh8X2mblaQh6IZ,1645779435417761739
iyc7HKzM9C41qZpCjUtszueZfCzLGFuyDV5Vp2pzEry3QnFAG70F1emeolz5zs3C,1645779435517803845
N7fA7U9KM8Nktau9fuNeW9JJtGOq6P2RUgcc8jwUrHDjp7sV0D7ULOnCd92jX291,1645779435617803933
ildrUXJKoW3cct7a5C4QbsaEzcvWc4YJn98IfPaTud3WWA6bN8zw0ZA095Wk823v,1645779435717879706
A9DpYlGSOKwtS0Sn9Qj7zt57xap5cqymzAbXvqyKAuBcvdQ239911F6wpvzPlxAi,1645779435817776072
7lF3ZBLj4UMx5mz7t88sLCm85lYohiWoRjp1t8kxc4uiotpgzvYJ5LR84zwlfQa5,1645779435917785031
7N60Wox8rrofibLiUs1ZDShFQb131b87wC7Sz5ZquLTdxnJRfIzqkg58I6AHfIOc,1645779436017786489
TW2SZbGRxh2sULJ7dIxMx1SD5cUltrLMLNmsx0JshMkCf3JJKFdHG5UJiw4ZnNv6,1645779436117752188
lfygfIYKcIUHJmYd1BsFHKYxHbW2yR9h45NhLt1xBWDTGl6FxxUEH0BWZhXY6gD8,1645779436217768202
jZp5So2cIF5Yz9nw4F8MGJqpyNL21XAl6xqWlq6449c3HQzLf7ftOWhKt2KtXSed,1645779436317771420
PU88ICCMMnPdBMwqRcip6P7xPPqxrSYEweNDrXZBKzoVLiKnK0aOPgMm5CjvdG9Z,1645779436417751767
uUkl2KwKHiqaR8Lj8u8XaSHdc1YFFgn98XtArnV6WJhvR2cZwk4UAL8nKe2ZKnhR,1645779436517748373
LabAN4HrLymm0PJv7LPGfV3xA3XSrEtCmTM9Xb1tZldY8vREGqUtMXrWaMwPYqbK,1645779436618049645
JwRoXSf5CHbKC2YQs2KCXBg6XdV5R5NizoWWFCZRTAjdCG33INDoWsu3VP6uSTcR,1645779436717826660
I6yVGVwjedKotOrCj30GvsHOHMIkns95y7YFbUwF6H3zdt9Mw9apzqDFCTxzJ63H,1645779436817831211
CZUn4R2Ag37JwHdqOCdO2qdCHa9YgAqskKdmjduPh1ibIKQhW35Wsgg7Gpgu0Wli,1645779436917787614
oOUY0OxhNeGgygNSkQyc6ejKRPCPtx7iKZEKx9zJnFzjuKBei7Eojv6BJIaAEgqY,1645779437017797590
F4sBErUz4RjyluaT0mFjiJszbT9p70NK2DVE2xE7Ox37peapOnZ66R3isBVx9rIB,1645779437117744345
2lQ5jcA5ZDDMpnCEZjIf8MLzVruegCniyBlfnvkK7xhwjr8IYRxglHdG6YsmkfSg,1645779437217761359
rELe74xE1eBiTJ01iwhTDJhJrZ3ZFVE4hXgpbd3bFCJiUIjCEPeRiJiXtl46EI8w,1645779437317762799
qojPSk0hxKQPc9boWDDEXvlOeqSq6amuOTKqEKW9cuYC37yYLBms4WEiKgZQGJLe,1645779437417812849
ndTzvz8YtgiunhS6qDwvhAd1qAP4SijDLACH7KnyyTql8HqzUmu9xVAlgXq6EXJX,1645779437517774604
hVmmnZkl1aU9pI8J52Q2YalC6bIK6Zrn4eXpBHYCq0MfJSxOVNO1w9D2jTKp2Bb4,1645779437617762062
n8txOP9CPTriwm6P8SQ2cb2L2MA4Vl6HsxEGMLSlnHUh2Y6A1UAb5Cw5W47zoDGg,1645779437717773465
ASwWoMFZdhGfGMnFqvot7iybm5ZYGpEQG8u2U9b6rrj5BXIzS6sYmo7Wrg55UJVk,1645779437817806497
QNkuWLyLAiQLDgKdkA9WyH3nx8sPPL7piriCCgYMMwhZdzDL9Ms5dtsZziwO34Cl,1645779437917771863
vsw8YUStQ8S17fNH0DMd4DA3v5Px9Zg4RcAy6brVjJUoxp3x2OY4bh5UmTRv26xS,1645779438017750228
i6QnhFGQWkCRaGMaevfFaihMB7FEDAgvG4gxHwLlhYDFoZnSSQf29KMKRbYekCY0,1645779438117742650
EEwT9HFopQ3bxo1QFgSOzniQMF56Pb7cn35wIIk6glheaj4pNUBMFtlc6oiWPn6C,1645779438217747367
qB77SrD6buk9bmwxF7HUy265qpZFafQPoXWEMjLvb54Dsy855PZ2Qg7ETeU3JsS5,1645779438317844565
NyKjfdfHihSYgadjxDlLrqaKU2LluorHk9yQmbhSJ9zxhagclSycGYulaGUS2Jjm,1645779438417750691
SfCCHrdYycVdCBGybEaskTbKj5klPTVp6i0NXdvWFQ9PaPNBbw1JPcd6gLp5mKst,1645779438517753093
0sEYTA2gYB66ZRG8NHSks3oYPdbByR4wIJUlRUSxgW4DxIJJZj3PnsxATWLPyOME,1645779438617965643
foz6JP1xt38rLRAvBBIw1E6TkPsgnEuQ1sUKFWF9ZNyvm6oxH6rHIxk1Lch8paZq,1645779438717800620
Q38fXNm7ik0UqmQ6qHL9D5AYfpeSNBInDORklDpTwpwkZMoQd9XoChMqU1IsAZfN,1645779438817770338
x68hIx8Cl4uKOji0qFo3u9rP89HIgwgc1oHHjPTSSNno4Tovjdwdkl2ssJAZEqBF,1645779438917752056
cSUKpvmFGZ4L3sEkT8NDtO5lfEIt2T6ftYxjTjwkH05KrH2KPNWGlZzPnIIqjNTd,1645779439017796810
vQKN9G7OFCi6RiOo6u4pS1EFJV31qUejsw62ADQPN7VonsctkehCgvSxOTyEyayq,1645779439118029878
U2qfGF4dKYQ7O0z8fgLJZlEyEDACl61G9rtP4x0OTOUrPR027JLe4ZcIklTUrSi0,1645779439217831763
HbNMWMiykCp7dn9i6SNA2xRkgsCYKsWbTuvyEewyoj6QXF6biTkiP9Q31bbLT6wv,1645779439317773795
ystCUnAIWEg1Snb8ELodUChTnGoFMiAKY1U2odJKrzKHmvN1EBcgMH97WvMqdWBA,1645779439417756254
XdCLGTe6RwNDplC1uphE4oMajiRKFaUkDf4U6gYXavlPevOXk5lpr7NYqos3MLla,1645779439517794656
yn24Tac3TLQ6God1rMoiU9EIw7JIQ2qOqqSJQ4LsPlyeYZdPvP6PYKfUPwlpzbBp,1645779439617827521
Se6qgRi4BeijDL69iAWGVAjs6Ug33rsTTzKAO0CXfsEqBJztTU7ycqpiIVmMKcpo,1645779439717759295
Z7ww88Tlygb9zZ2S19PdyEJGh3c1gQpFXl9frdOpJ0wIXyiW6792LSI0Wt2AJrNq,1645779439817749864
bXUQ8sERqAhL7PrBVyDqRVpvOr5fgQUHxyg5ouUd49wBXoM2mZqB3f4PW75DYXSV,1645779439917762970
T8ZH21s5BpEibZkL6aV9GZXkhaxD7OiaWFpXHgcQVo84NqPUOudeS8N9iIMpg2PD,1645779440017739650
GDiVtIvM63QSrnwFiXsAgFHOXbEEbbPrm5MfNF1RGPt7DpNtLF11UGNzrZDQ9aIv,1645779440117760220
fcZ2saS8yLEB9b2Uo3TIJqF8QRYZ1oShP1hFa7LYTZha8h4wiVC1LS7jtdGuSjZp,1645779440217730067
iF4IKPonxTN5AP2suErEgyxXaCQ2vzpdCtuXGiIDCeJM1LDwX48E15jbH9bA7QmJ,1645779440317788839
JgoZM5lWj4rkN4eu8m69qqi7zJG6j2O0gAY2FJZyLQhgSJaa6fiuTO1QiFXPFtQv,1645779440417789057
3wwJDTFYruCJEmrIPZCswBJePo1efPaiLWzYxD4o5G7J1yZOWjFStW4IK5wzVWfo,1645779440517752441
0dLxqPjveqDdnk1HUEhNklf4ob1H6f64IR06ojzQYC3Jv3aPHHk20N4mw442jA5z,1645779440617751788
Z35Lk4mGFnZAo9X6OH6Me89aCDbtLeqshvDPyxgDjFLXNsbj9f6loFJyQsqjWgbB,1645779440717738653
ambYiHjRU4wruYb3Bfmzs3wIwmzQQac0KBY2QFTuJQkDwLE7yy5q216wl5MBfwAz,1645779440817837611
7i2XwTQFtARpTdvRc0HczNYiSut5r32wk2SgWqtN0IBTw6sW4963UejuWcxLezGM,1645779440917727625
2i0WYttWA2x68paAwgBQIuImVF89EOTE4TiaKa6Sc3Wjs6tok3C2xUnSjvZvH0AJ,1645779441017753657
TqtmQzE30lkspbeaeqacIN21GcwXc4o4vhoJg0Kgl4WZg87IyhuG3vFHXAn7Eb97,1645779441117772393
JxPxyjchm8GQHNiD3bS4WfL1p882kI93DWyBGat0j7QyT69WhZYBFtC40J6kZElm,1645779441217746314
kjyyKpy1uMxNT4r8ePItHUxHl41KGk70T3zlsxkmIfAlkzrOP9FgcCxNEwiUgnT7,1645779441317751661
qSriNZSdFaOzaELxNadzkYLxS1P6osBeI2KecmHpNeovs7sFfTDPzYKRZkXLaizr,1645779441417730267
jHVJ1k8MOuHE19Seaf1ZBM0i4V3eC0VvF0CGjKd5EsKD2mpaRqAaC8IGeJtoHOjW,1645779441517718558
Ntm6DNBPGVaGFPqgFyEQ7WejnXX4uEYH7LLKgUhwyHADg1utx6H4bunORKTLW1ad,1645779441617726775
KvxzOcvMt4ZX5RP0Yg59aqX09yJfysJGlEF9r9VkD5GGWfG2JLBuAhsJfByb1Fsn,1645779441717719530
U5wLES3RVHh1ww4GFD8Pu0iY9f9BuzwO5shJIjjn0QnvKp9a2HzxFgVMLcVFcRch,1645779441817816746
IHyayhOz69sQy100GyvTeOnx1HAbimIy2GZ0yvx42pS0oTy2PuV3GH0FYAqEv6Dx,1645779441917769816
LkxHdvJdildXCbZbT3eiIcxqlm2esFZDxWUYPnB6XmdjOALpBxXTYTHJFKv7XUJV,1645779442017753922
yl1MXDS4z5nLD69N4eqc58tKQoQxGjQESSazd23a5puHv3exfUXlaQ3yCTwSAMfd,1645779442117757880
mDcPEe0JTuYMvCIafpLDGPCQq8r1SWcFhEevqcDHWlcRyu0bjLoxiyOX6FYXj8kQ,1645779442217777264
KOKBzXSVG4vCwvngEcdva1SfE0Ax6uMQGebF92lP4ec1ZPhnzKiYKABY8LUEDodT,1645779442317745685
SEjZESyJ6aKdyzQvH7TbFc8MxaY8OBcoOLNclJvrsDSqCslSxD3Bp9Xlj3t5FTrd,1645779442417729976
mCFXW9MOMoCXfvza80lw8IfrMWvZ0mCkzPITYcrtP1Q2wNc3LOzTgcJ08CZ6yjrv,1645779442517743416
97MfhDY4Ew69HjCb7B4llLmrXJyU1nN8sknXvKc8EiHURT5Wc7INR2CwJ8QKvmSl,1645779442617707763
UEJPWtVibmC1DHXpNpAopNk9V9TPvu8P8PmcIIKs2XtGmO39ECv3XgA0peNiWW5e,1645779442717717906
trEC7Y283tOoHPxVZtX6Xf5MJS2pw7Rqwf02C2ADvW1CvxgVoBZLqef87hv1mNri,1645779442817718660
0riArsOkONvIKZl8iIRWx6e2la3XvtEtiw2anOI9lDR6kACSTezOibQU9R12KDu3,1645779442917721136
AwbvKt455U9peMG5yDTgmtAwJAwdNqgVkHQ49T8ExF1bbFfXQ8ED0M9JW3wsubLe,1645779443017733909
qkhzDpBA4BjeQOBrVN2VkBoEEi66JQj8AQ7LDHVFQCrqZ1f4OfZ6oLL13P7LpqTx,1645779443117994106
GYIRnnhDyY2XZfZwL829RLASlIlY6CWLjomWaRkYyk3XPcRiiUs9p0bYGL7NXdgG,1645779443217802991
RSn1sVXqFaLcAnLsFD12DbbUwipTJVkkvVknyFdDoznyk8rzJq1XRczLIopbHXKC,1645779443317766412
020yHb93Yw2I5rHOhJt9tsSCeHltm36k54iLdrOCmOSrFkDx174uxW4amoTWrXHx,1645779443417775685
ZxGBncLZ1nOGXbBWgFRekTCWFd07BH2iFIt2sEZt2x8XYJ4FXTrHu3lAgjHp1HWE,1645779443517789031
XPEPcnJciP7Gi9TDcISVLBf0vunuBJ6ghI5H5Mtlly1S8Tfkl8D5Hs5Ckq4tAAZr,1645779443617789175
Sf8V1zGlxGD3jqmSyzVEqaQaPTUZd3O4gUZgToRO4cSlSCBPBhd1F1ceU4D85ZAm,1645779443717744873
3hQUVptXRJIrVSGe9tgOtG3NKETPod9pLZKqMBOnUedx6tZFlFceTd1npVBb6IRP,1645779443817845349
qlGCucyOEbJLUsYD68rXlrLZKUAQmZqaI4nCelYsKpBmii0mopJYgc704FPppDP7,1645779443917869659
HCItvqlFgv0Mb06PpNxU04S2Irr74HCJTUCNJwazpaJQaPnOmlqknIn58eACvNUN,1645779444017742932
pek6YI5NtOlRlZnYKdG7w3B4iLEbggwULeatxeHq00HmZ5ItgYzccAeITrtAXoes,1645779444117697668
SCkPqzDrzTdZYvQCRPp3XRJ1IB9qzlgRxQroP2dNVGw19MEYk3aFStEl4NZ36FV4,1645779444217719070
eKq1MTOqhIrof5MN6wcZopKsArwH6PJih7k1Y8rDRj14mLPtGzS4okuzboGfBXOq,1645779444317745158
e6sCEhPdOOfBh44v4UxqEspne3QqamgCsWM7Elic7OlnSpiUHgLVWAGAChykTfxM,1645779444417723912
9JRN37y8VjvwXeQoIjIouYw4DvofYlzh3Q56V1E1i8vDmL245Iqxomz0fnfDXetY,1645779444517714592
2wcXxqWdwRrilrkq9alvLkvyVaC2C5aE1Ckw1GZviQeTHMHOv0KGiFEDoOE0RmDQ,1645779444617728068
xxMwDwrtKVKaqZylZI1HWDTIafI1RVSOQoIciAV1dobTNZEvqDAKRdc1Is0iMS4m,1645779444717729471
FNOvXsw8gVc15qwt47DTinSzfQh1rjo66Azb2ukgPMiSAeLCjWfSJ5PxW6yNpkRu,1645779444817744947
vOVvGFcgZI6kuQwewa4EdTB9X7UKstClIigYvGCVWJFRj93dh5pLWyS16xLyqWj8,1645779444917737664
ENf9crc88pXrzYTgdIz9HSANPUJD00KCLzJxow4xjboiAFNlWKvnm389VPNVPhfk,1645779445017696270
ezgStiPcJCJRReBxy6il7osdDF6aumJYlxzcfMEwYVOy9Zt6darkOjLaxSApEROx,1645779445117925727
OLZ3hl0EFMCMt3SWdHE2zacw0klCC79YSgc8PaMewW1pZRJDjVDi3ne3XNFhVMGv,1645779445217772296
2q1QQN2Mt19RTSeCxru1cW29rIpMe5GftH5Jd5dU7mvaCXk7Me6y896zPvK1yYgr,1645779445317731921
pj8QpltwVmUhKEoeqvby2hxRaFSWn7LbqT1dCuXhh1MzF8b51C13txSRCtx00IZo,1645779445417782045
jaStTzY8zu7E3iI2tH4kEWCPP7NNOwC7Ue1xbX5aSAnTr3VkIXUV4euRmFpAB1Ff,1645779445517770003
dEbEmenEnYfcb8KrgmMkRG9BTyLezaIaprnZVanG6QsfYCWExtwO76Zb4sD2QVcD,1645779445617981682
KNmovZ41zvgW5Dk26hOBnvmpn0pETSPonCcjlekjZPFdcxfge2rPxcDjc2v3SKrG,1645779445717784141
WRzG6hxd6CGg7uKkwC9rmKaONVRpoH5Ki2YmiVQofeTnYnXSxeKjzu5MOV9CmDUS,1645779445817723377
D3FvWdiCHBxoyUGw6ad5TjPrCX1wkTOxWbt3CZDSkAGicUci3EmWv9L7gK3OnPMI,1645779445917726223
1DLDmWdUgtCGMnyPzitusE1YY4xLTHdSSweEQHi49sKVdHsczlWrzVOVXJozaQR0,1645779446017776940
K5ElLupUk8zMPrwOaRGZwc2UvqTTGsTbwfKHX9lFHibeXY37zHettgNoUoFlfiKb,1645779446117742842
Lesslb71JhfoFgvCxZ5qDRchDrQsXkRsMJi6so59VixiPqsMNvBaMnIYdiO8Rq1l,1645779446217724189
7hpyTu7yd3e0tWKHQVpkH7Isof0DVzyahoYAgg7HjjHaGcpg5fQKkhCYMDjpCgPr,1645779446317719110
Sw28a7OHqfr4FhiJM7d6ood81KxB0K3QG3XqAv7yYx3mel5ysg2eUfmTyhfy2iPG,1645779446417763641
lw5tpArN7u9jeChWrkBLNvnLdSId8ftrZyiO9ZjGSty63fauNjEjf12GRItZxmOU,1645779446517728710
j6qsfa65R2BUikP3Tdm6cnM35Fa32yVj4MZhwdnNgwrOeEP8pAERxbU2o23o0ZX4,1645779446617750705
t6kpkVAQRzm6E9C1JOTGxvHmyIawp6ziCjVuEdIdd2hpCtqVGHkDBzx7HW35c0nm,1645779446717707515
jHhvuxZV0EKA69dMONZZKVea1ifdiQPQf4La0s507O8DVlXt94RRZ51aleBU3bsi,1645779446817786231
dBId2Mb7ijKDVp6ctX1Tb11MfDoimgRPqh1s1azjKHwn61NzWOQ7PSU3fIlPxAon,1645779446917717801
qnfrOebgtVRzUow1AL8anadQrMpmVbZLPCClolRhFsejgakqvrOgPz4GMr2rRZAq,1645779447017744888
jKZX60CJqq2UPlIKahzzg1E0tEpKoz8XKh3OhFhX6h1VQJnyykydmAbfORxAO5ig,1645779447117719772
kl2Pyhu2NtXnAJm91iknqLQEkLP7Q5n8ooXmVRpsKKeVbOcd6MOuhp8QAVXZYIhM,1645779447217713822
6D7aeuSzC6SoU4PYOnS3aZTj2yGbHxvLA2vnuOk7SCtvEGRc1ufcR9JT7Z4MWygf,1645779447317729927
ybStxAyOMpJa5kC6cpg3yzV4YXO3V4gUe8NbGLxcAEADzKJZ90b6x6AWdWZ9ZFdD,1645779447417724811
LymbHkBPwLcvfvTot4sr82LlXss67VHQR1zilA7iTjb6d2uU6lJCneyIWoMbKdzj,1645779447517690750
fySO6Z4ZHefsgYMlJgx4ItLpihO0JOjyK9KRhNyw1cof8AQPoMR7DkuvSItjebfz,1645779447617745652
kzOPMKLLu910IPN6jpBxX5qzMkgyJLv1LHRfcm1Uu0VCPqG9dS4BVu8pcpovAhxT,1645779447717769054
zM9Z88326WCVNTc0vg9OZICB705Hf0jeMsDSyFT4jfX48A31oCONUaZbYcrDcasw,1645779447817712457
Q3OMGrQ0Xv4d37dsI1DmbkO7MDKynAuDEHZU8xSdqXFucskurxfQi1X4Ep1z0tCC,1645779447917707433
AjeHe7sUc7MEx67m4kCklhoxXnwXh6hppL6RSzv44IH2MMoQ4zApgxmDkiiPoNFb,1645779448017703798
jJ29IvENBTNYn9wr85gp2Q0k6hAs4NTngTxxM9KWaf4No0Ex3sk5GkoKRyCWJdHx,1645779448117671922
4EuQLCwvryGgxUb0KL4Y5ssVo4z7fG4jTz8oB4i11yhyRIwjd0Igs8BgBAlqPqas,1645779448217662936
niewkMxlJchkseTTcjAVsJ93SvtrjRhW9LQsgMbzwJhpvAGXsQ0kiAl83czm4eGB,1645779448317676152
