HA2mSVxsthll704zq3Lnxllfc3ibRXCgfFR6iOya5jLBhNAYOTJLE4zq6fQVAc9q,1645781163241889313
pawYzu82bRDJmMpAn8U0BRoH6EkHpt7eU1ARvGTUfflRzacmh6ksXZ7blrsaixDC,1645781163341841040
yNbre5KJi5lheLRLPCBwjIXU7O3pJG0Idb7FgRZMVI39dTS0ddwMvRo0nrp75pNh,1645781163441815878
RSw5sTSNjTUKwwKZZEtSegSRVFWb5rGUKCXCexXLR1gLvytSDkurQKGwZnVcel4w,1645781163541853197
vc8XXftweZIZX91ittZKDoElbjNDSQ8N2GvXuoUWLm4qt5Zmx648uIrTzDfRdnpd,1645781163641827498
1iAtUeQnOUdHXA4SF6b7PSbMfEoGzbt0J4sliIY7k9OFIQiVXHcuhBELP2bMdVNu,1645781163741835614
ZFdFV9KDJjQZ764cLeU3qjMDlxaNQvFx8rDb0XoHECqKJsweXPfN81Yrx8CN3QLB,1645781163841849211
HYmF3YXIjLa2EWejtI41HcrEl1cmRvwgTgwUFRkwmKwypYhiqli8OZK7aur0pngI,1645781163941851216
Ualh1VdmqZif7QNw932VcMaBHS96FnNjO8ONd17Taq6gEScNVer8yRHFtQK7DhoZ,1645781164041835239
nDvQE2snsyR4Q3SufJ0diHtafBhqsVOfiJ3vLviCs9GGAgAnxAQePHE2SvtIQHx9,1645781164141851725
az4tsk3krIzzw7msGCWfSkiufZB5q8CO5EFyyHgnXfmTlYL1jre9bK1EtCKhLU3Q,1645781164241839878
jHMfY3T5iDWRmqSTh5cHPdTHqlw9G0XxHucnx3sdHM51CVUsY47yhaDVM9ca7AXO,1645781164341835012
27BzB1aQMdRY7tQfvVba6o6Qyiy5qVSsabpjbQ9x1YT8PsoKNPvREzrAhpDYIfOr,1645781164441828646
FEaqeilfGEoe6ayUzrtBqlLWYX4pCQgPeEFIw0wDDipJGnlFdfPTOkxuFzhSQNp4,1645781164541843169
c5LY3HjExWYDKHQvwpMIYKDnJsDjG3oq69M7O4MJasUs9un4i8MESXzlQDVeEHSI,1645781164641831544
OoNmqh3RZXHhP5l5B5JdbJO1Urdg65wUrJEi1F7YmOFAR0Fc4XFfqceIRHwWKsyB,1645781164741827771
BDrASwjDLyNkxaL17agxAIDaZ94rz229DsJeo0r7xCsumDtulXpup1SMAWD8WDHk,1645781164841821868
5aOsZDzWPpQB0J3kotcdu4z2YCA4NRmT0AJZNI5k6Tu4kxoYqQBiS8l0It3fLp6J,1645781164941830669
0PsLgv4mOyq8vdgk3pSUvBUD5XsOLzfJOVe4QiomgdsaGWKHLklGwERzjJL4G0Nd,1645781165041830674
V0ftgSdL5VvJ1FYMzIatU1sDIBGXBbAebnVIF8dIdWZel8yiQWasVS5ocJJnvRQU,1645781165141827234
EvkS4LkfrKIaQGJontgIJl4v3Nhyo7S10DT2YBiOV0ytEFhz6NGQ7KJAgy6U3YV4,1645781165241813275
jw4G8mebkcVxsCwyaCMfVepBcvdgR7iB3mRBX3nHfGCVS9S0LofoQSz3LdjnkPwn,1645781165341803280
BLxiOi01yAXQJzPdl2RAVRDq2ubmJXXUsUBGA9G8JnXdkuETwfdR4oG6grqxPOSF,1645781165441820081
qdUzmk75XcgFWugTaIsc68hl0XiNtAcil6hVqmZLNDYr8FIgVBIZJxKHV3eMBF2v,1645781165541839382
LhQAUxTpB0gJDzxi8DHPBchgfJ0qY3jskA0C5RzGRgXedSMlge8rGpVt7VhfWRVF,1645781165641845645
ZTRevRtM5O1grNPXzXMDNr6SKm5rDb6k4VMxuDKxcJdRe2weaIrv9wNRgSGr1Kb4,1645781165741824872
qx1i9LgleJAJK6vuMknTeAuKcBBcVmgJih2r1gadziuJmpB8aybC8VXjeiJ8TzR9,1645781165841817951
gRyh7WJ5EDO03Y8bWhndCKKp1dxSaMbGmZwt5FyHSLHTtN4N4qyE8I37tyZTJ8i5,1645781165941806548
hcykrv1HEGl5dnSfbPukhvrZuP0DXiGDKEx97xRLBAQnvrSXGMHvG6SATTL1BbEU,1645781166041800423
n9dt42EECd16SRdgosb2w4CQXVRg4dApkminov1zW25yTieFYDHUFRumuJRyuZmf,1645781166141802131
LUS8PT7tTAruqT8OhNsuplhh26exfQc1u29IVEBwO1qESwa7KQ29BhoEnS9SslRl,1645781166241822191
nY1GmAA8B0KevujFJlOSSAeFdniTY7EJgDXQOhZXgr9bktq3eCV7MAMzv2TU8flo,1645781166341838992
tJEF0lmgdwHNp7OTJrYgzvdvv4N1i8pZR2oSna6OWOjJT5nnxLRwE2r85E9nLxMm,1645781166441817312
zACkiJ7DhqWAwHvrdKnpLdvQp5DA0Xvzf7hNQoY5d5EXM7OxS9llmgBajMkjtfgW,1645781166541849038
lOtBCQHnVVKpcil2sWncAwCuIvbBYIfJgZTqxkeQDyFnfyqXSb9dYKVqD60lOf32,1645781166641804302
CWr7ETXRRnC6j2bCcjp83IwGOwzla2lkWcsk5P9VAMZuM94yst6v939Xx8GV92Ef,1645781166741821251
c4QgTZ9ctiUGrYEhPJaYMj3HqInxK1cu50aWYj6RQYhF6wxTDXzZF1q3Jb0dacVd,1645781166841790719
b6A9nEYDnGRrAOLNtIu6Ji9cK9DskjWJneSasymdEDVMZohS6bZOKi0cqCSYvyrg,1645781166941820909
aJGTF04UDZomNWDS7mqPSozG0SotOfZzwoQCoUe02SmNyxp4hdR8SROQrDKFqrEn,1645781167041819876
dcxS7bQ93AU08I4pvVxLuKmlV4zLtB6Xo3xteN0gVUgdmiRiBM16gnpBpoVjybGm,1645781167141817733
fBfJYfz37dfuL6aXQbd7PQGCDlvBN9v2KaJqDHsKuXCGbml1MM8jmNvz8r8V03VJ,1645781167241819108
bp9m6150WHE72z7OLD76a23jrCCqDi9pXIZbIeZououwlzI5CPBnPCUHOg7aOENt,1645781167341812112
UwUkb4XTqRPZQhca4nNTypiKWnuszHmUCEElGlE4AdeYIE9K2UnyKUIoFDgFSQje,1645781167441809746
fvPthdyrEaOUoXoozcmJ457JGmYiCFLpBkhsMfhYF331arqaRarVdxntjLatbvhk,1645781167541858010
dOax1HWEJZFtQ3RseJLHE89xSjo1eTlFrLDqaj4tIIlgLCWzTsFh0OcQ7PRjsAwi,1645781167641823329
V9Y4sdx8vipEtLEKBR0Ancas10bsAVagf8kVjfceMPrFk5XuUX4H8c97ciznDXRq,1645781167741817575
g9MNmy08NrL5wtxOO1fWcmeEUbzf9OWnXqAKmAQ91mCvdAJ19wYlgAy8jvosKIfp,1645781167841825339
8q7uyY10KBvxJDyR9UCqc8wM4kEM0sB8gJ0er1c9BY4Ul0vsT6g5EdRGLecMUmU8,1645781167941818028
3TmsUN1fv38e33UW9BaMmza7bBT5xwB0PysrJrVEudqvgKQoV08HxiNZrqcokom9,1645781168041812274
kc13TUFL75HlPfXtdf8aMV9DKk04YmEIPDLqfaCmdRV063thi2H2VPGp9Guf26xP,1645781168141813926
HGGwoSgRrBRvEJcvJrxoGBeNRW2SazppD5l1VPQMYqFl9rgSjbGxlsLCMNcwLSlW,1645781168241813283
VUY1rwLQmbBvSpL9Qc7BSSMpnwj6MVdsxBtp5EFspOlGD7PbhUl9w5wi1goOBRG6,1645781168341808306
a7vgLAW9WHNjOkL5F6D9B9rApeWy3m5etyID7oKd3hNSPgVemiovqd3dFacJKfvC,1645781168441807588
dDPkzhM2OjSnPwQ9cC2Sp565dgMyJHAuUXfREzRaisL5ojEOvErjHvmvZ8rsPzmr,1645781168541799334
UPGiOhG4XZ9LHLiCZZtpSfkzlZp8YZz2xDiLvwOSTVmkrUvO1oDRSvODUDM0mJ0j,1645781168641830394
Xg3QcPq4ucoj4j83WJSyDq9f3VgongXKLYixxY1q9oZBVfF1zfxCW5rXaVLLArdV,1645781168741809046
PLQLuQB1EkCjQPjN5eXbjM8IsSd0JFViat1SJCTXveFL3wg6YDfIZmYPE9PXOsDx,1645781168841804014
mFN3PrZKTmdUiJbEUGU402TEArlWhxTRArVZg4s9qTbWnCkHRFJRFlePcNwHKPjS,1645781168941791778
EE2uGs14Lda6nIMCXdcnOGAyd6GwUzOgBObRGaTaB3exJy7rcjc0xkzbrFVJCtzN,1645781169041808190
IYmW7D4IGjDXhLOJ4yI2jHbYU6pgzo1FLlkSyokCVyjBH6SL2kLjzwHR065yt6BE,1645781169141810268
pveliOxDKfMblnvnXGXVBmwBr27i6JuuEYfuud8DISo1FhmlwHG74AGtAMbFfV9r,1645781169241792458
3mmxPs8fKveacRJYiZdkhsbsEC5tfEig0UcOMk1hfgFI5Yol5QUmI5cUIhNvt3cs,1645781169341804351
YEEuyDZetmuwIigN6A8OFisXODTHH37nHJhFXFrO1lLKS1fYBnvOUnuszL7EOF1f,1645781169441813023
Ygs3vkSvTnDvmsSveNJ88Dy5Y5JwIIbpzSssCKld5yXrpzmRK6XSHVWqapkr6Kg5,1645781169541853490
mYvwrhZwd6oQ3YrNcOoutIiS5SJBmzEYVAUMp2HQ65rAbgVE5H6wZoOfGfq1c5Z8,1645781169641795402
D2S22jS8mHGOyma11exbQKEgz2fc5FiIFAIHsjPe0e0wQYxPCv0cDCHCFwmK9SbM,1645781169741802129
dtdVa17bf8X3eTSrMRRZdijqdW9kyk7Zbk2CjAlMGGPsjqj5H9espMhSqqDmYKM9,1645781169841818004
2MJkU46iJUb2II6XRiPH46juuuhSC1aDNtxsw1aFTBFlUJIt0gA4msxfkc7xdhAy,1645781169941808786
Z5oT6PiYYvJ0DauDG2F0uCfdolaPQiOznCSrZ8P62h6FHyQVzfVts9Ueu42KmOIZ,1645781170041843513
YiP8poCrVI4mFUHE7l5xuacmec4P0KwY3LesAqhd7lQMDfaIOfGIDq2qS5FSP9yS,1645781170141814073
VdIdTxGYieutKSAi6QzJGz9i4M8SW6s1hBc98shpXagp2qV8GUSUSZAWuIwQNpP2,1645781170241810041
01B6rrtORaDTOjcdB27bZG6TY2rtrEwpF5w5wpTNNfrmMRNVRU7ykBQHDH85W2uj,1645781170341830212
8oo4eGQztFlFe8i5bp1J0RYChfHBh9spyhsavGZoVJ19PjCyXDGVdohIRwT96Lw2,1645781170441798698
0mat29hXQgeoQqmx22Qdp8vG2ON6hK8g4iZ7qFeGvJ4L7pG7phkenftp1GuhY2Nb,1645781170541796055
jwiZBKn7bqQjffoUMZ77CyuCEotlpGKYA25KMsPygpfJUTmo0ttDroP3aGmPU6xe,1645781170641800411
80wTrLPX92rbVdQUUJhL54MgK95mD1QK1LnsgAOnCFPfqn9K6odAqzqA6twKuLcu,1645781170741795693
gPmKXA8jNXOBKWVOK6WB4MJAEES6X40BRlVytbhF64QQYwnq0J14eJFsVfy2ixD9,1645781170841770550
ig8ZInoOpFnN9YE9pDCTUPJz4G1mDCutt0S9nHXbUIydqAkgMw7qLRqOhr8s22lv,1645781170941802480
2D4qSZPwqLXgWIKqCQgYpWuWM2MO57H7KJvlsKhieFN8Vfyh5eDs97OTAkpDp6K8,1645781171041808059
PEtFWawAnHIGuGyyvBq2HFVPxKclQwtn8m0fKup6B8M6OK4HUuJj7o838koWehHn,1645781171141800452
RIQjCFpMNCSkUU1wMLfS7lVGTHk6w2rNKH4UWuqu4GcWidT5w6X4q0IJH2PB2EWK,1645781171241796735
Vap2UduWsW3a7Ud4Y86O6OgLO3WPI2jndYn5Ahc2BdaJ7CLdIR0Pngk9hHYzJIlu,1645781171341792869
oY0yEayPDXgIh1tzQtMDZ7NHMtEdBzYyWWuk4t7FOoX3nO0EINRpSm4oeJPpGvnm,1645781171441789244
PgWTZeivSDyFcyRuJrjldmXH5x5Lsq8IWcj3ESwedsuFrJ78ApuobR3eM6zDv5TR,1645781171541768119
gCTucPZGIRT7kbFvO7hzXidtna6ieZ7KmaCMylcEA6JvfYo3eT0BBb4w99elim3S,1645781171641808160
KGpGzPUAVn38Kr9yI97RiBOqK2b1mfT5vGLugo29b5IvuRrCZyeF805Q0hRnMtqF,1645781171741786517
997pxAxZDFS8eIIDEwRMuWnvBEgX5WkFfs2b0z8DCaLrqe25YTRR0CMBP2hUWRjB,1645781171841788355
HkkHhsVuRolHQnKxFmOFykONm3qITZRkHC0z2TtTHcjiP3fep1rmlE7VHxliVCTk,1645781171941771155
MRjNuaqBCZrcdUEQV4AGIGjXBUGgfhRz88M0jBBvk1VLVik1msF28xXKRny6SN6Y,1645781172041802123
UQYDbi6KjadCILB2ER4KObcnNbupwyOQMubyciGLGtWYDhaR8clUBMGYx8Mr6iIQ,1645781172141794368
ctODZcWpU2Lhkt8qVrLfDbD8hZ0nFGBs7Y3hAZUecoLMhRCBHVqU43blbbWorigw,1645781172241791354
GjdOH63tuMDZoPk5taXxc6hBhBzWteT7L4Wc8XV2tgaf6KixtGsTKZe2lbWcFxiZ,1645781172341786285
0EB8lf9cLjIP10MuEFNZmzZVZ36ozoLz0X5lAELVvdtxeDpqQBPDAwgj0kWzYrwW,1645781172441784197
M1FWGb09Et6q4uhV54iD1Mvz7PwdEsAbtP5705HDwL31FiUInAWmWPjbofF2VNbO,1645781172541763942
mhUlklyf4zeIi8aTI4FoRwOFZdG4yrSkWwTHfRwiRY07gYaybnk0j8GIjUMhJmQq,1645781172641870150
ht5MJz2kX2rDZRB8Ct8v2MBlqXT8Htyyk1J30LlVMciv1r1Dk96kWHWKmxS4oO0Y,1645781172741766377
PJaNdLszwYsxPt982DsWVMrFJHH5gIc5bCREXJBTs3PFuWNvjERCaGSsYjvEzXHb,1645781172841760511
jinH0zks077vdTqNhFXFWz52h1EgYTFGC1XA0F2yL7tyahJFvrVPoaRVZdA66NMG,1645781172941792516
OrQM4SLPYCM8sfOnWrCLPbozEw3IKPZgEz3GQMgyY26OfSBCJLXjuJg8GjRY6yEK,1645781173041827761
xFaNbEJ8EQWuqg4A1bruuX28GRgKPveLACgkP0sbOMTE2XO26Fw1kw7yMoIjju4r,1645781173141769414
7jbUjR57oZJo4ioBvkAgfHc15vimpleuUDMBfSGTzZF3H4CBmMpReRQjK9WAu82M,1645781173241765141
LPX0pnRmMfncj0lVMax0zLiKUCSMKUidrDcg03SLgExPEivaGqZF9HZeRzylUhMJ,1645781173341782664
uy0t0QEge96spzR3nyIwFqYepXPHCjb6iZxiz9McGSS5Pt6ArP54Ddi0A5GKppRV,1645781173441780094
OMBLWXxm0OqNFwW5Jb9WEqVNtlhga6BwTMHxuDjsbZDqWjtpK3KXrpsiYXP6eY25,1645781173541759247
tJ2lUjb3JounWncoouJdhBKFjhLLFNO6fOr97QDOD5BjqmVdgpEO0YbhFx0TIMZx,1645781173641779788
kP5qpGE2LQj9CFkq4zE2VoilliC33lzn82byIqybGgkQvTGzSTzxHhg0Os1Rc0Ek,1645781173741775571
0qgIedtuJcIE5WBVzAQEq5EExEfXCrGDfwVJZNBqzT420DXxMvAC0MOwa3Tnuh0Y,1645781173841777872
eTrBq30nU4nSGKOaEYkEu88VBaG3HEbthR5WS5Hw75NLPlvbJfqDnwgwWwyoAXhq,1645781173941801117
ykMQndLtigE6RAhinVtZQaTwWRkfzQVvApMwSfp9L3DkBsSxMLWmtxiQPR3MpWHx,1645781174041785158
LbtlGiuZk5JvylsK5M6yKmMhDP12vG0Esr06aueKyxDwh4GmQKki65NKUOKOdIcT,1645781174141797904
AcZiVB2T9DNqHdagxIO3NmLq8eClwoE4PmmsxmJ40gsFHQvEjIF42ZuAD6u7t6CI,1645781174241790630
qwAmhTqh7huO7qaq8nvAMnIXuAdnHn37jBtQci5jP07UohJuUE4p1KKtVxekkfpS,1645781174341801616
qhqSPw9muGEgvXaOjcBjwVcPRF7BuxbleSB1MLlEZzuVVUrE62x0VaOwnV6hShQ4,1645781174441780362
7c5TxohWoZzH3qV7qT8K1WGozKVS2wW7YabTOGzAqxRrlxzcO5wPZADYVgyVcTc8,1645781174541776292
3BZPSXYGUz5Fu2rI5lfewsBPZ9u9aWGdip18MZOqWR4RUvhZfNCZDLykSsu3O8e6,1645781174641795519
xfCIEY6l0AAS4pzjC9GQUE8x62yS8cX4GjMUIQDIbLifBhMLrcjLosGssEK1pr55,1645781174741776024
ZPXrpj7Q4p3DUNZLxIflAvd38y4vn7yMWVBJCGkF5lSa91t4IYqSSRTYPVTBcRV6,1645781174841773102
ufQ5v8K1tkZ0kS52ztSRKuziPQt0pM4h1Umva4uUpTSXtVZqOzHjtERJcIHRcL9e,1645781174941759422
qtXQyRsluJIlopcBorui4JzebG4BbDnP4Ko2leldv3PkszvfonNq6KVfYZo7kcVm,1645781175041777204
wJnivYJrcgZSfS7SDSGJmlwKIkS0MxnHEax78GwixVBavG28jJPT2JoL4EJO96dL,1645781175141775523
gaSnrNVoseOmtPucgI5ibr1d3L0APdV6Cwr3JMp9zBvsaoSG4VxfLyHOHHXhs2n4,1645781175241775954
wc5FwuNv6Glg4Bv8hsm2q3O6Ivn8wYDqAI46BR0HhlvkxoqcgceVd0btuO2quFe4,1645781175341770921
ViAe9AtrupbrdPTI25ld3MXxiZlcmQeF8muIxn7pageC55S5ADjDZG9FpupZKToT,1645781175441768370
FgjAUqz2UdCZiefqrM2OcBbP5QyOrmr7TYFvMDvqo8PVk2LaOLyyWaNayLyq6nvX,1645781175541747320
LAQhNLXCRufAv0kJMiIqGdQFxO33ByYU6yBUHiehbJrWHbnbH3SYhqleDofMkDrq,1645781175641788065
92IQjw5KDwoTXb4pfULMJ4yWqdsaojOxkhLTbRlnNZGtAKgpnz9635ctgSRUCpPw,1645781175741770828
UlN6A8tXh7OrP2fC1mG2sstWJK1V8OPa9mgJsXpZcBO2E1EDoVGeL9AcU97aYUAh,1645781175841765259
Epz6Kmfxx2zB3BPredTymeaEngoLAx1PmyV6k91f90pCAE2orVkb9Lqv1cE9ZDWL,1645781175941808060
B0Qt9RZIQOSaaUMP0709So2RRHa0U7Ke7kXE94UZQw7yRULRbMY18bSZs2YK7syC,1645781176041798694
aUQjWuHxpOvGsHfRbBShmuHcvnx0ftDDNdwuWDpLaiZQxEsYPKEAFVm8Gh8vbL6w,1645781176141745847
x2oTEdmmKLCHX4owP24cVrilWqe5Ak27moYySKkkfx1Czp6OrByM0g7WVlcfVckG,1645781176241755055
QIEqcxaFscRrPVEHgAdepjBKUlxyLhElzQaZL8oDiD38iFPNP0zCj8WCtTAC8My5,1645781176341776430
mWe8eSJLdKTKZqfxqe9Yneke5srEEnH0Jw6vMOG0ijIGXxBObKwOwe10WsEifVgy,1645781176441744175
PnrkB6irp07NxIjWbdtVFuVjmjRRD7NasCK3I2t820TxHAUslNN0Htj1aASlFnK8,1645781176541789180
zeBIf4Of3pdKz5AkSXihORixZ8got0wsd88IAWxBLYVIdf03BgiX7OUgWBVPBRGo,1645781176641797277
XO4gt2rCYLVCyTF7AyfFM9urIPESoUEKrJykJnwr8P15rFCzBrEXz6MFTZhI1was,1645781176741813929
DWaUJXJQuLVlYfijVvGS1bhVAPlBJJ4Upcy89FW2Yzl6fUp8P4aOfHrnecyvv0Pi,1645781176841743786
dLpkZLm7JYEy034N5elktdXYDUR7Upp58eohyanH61D62HT8tFqmqMK3qkAIZ0Mh,1645781176941794420
cANYiApp90tBHNHAa6xQSFRGzcWWasCC0ZljjYYsZR1omHzKNukn7A15mXbKOnWM,1645781177041781980
KF53mbtJ1t7nA46VyqI6yH9kmk28WZVqmasWAlpBexwm12HyrX2poBYZtahP7CEs,1645781177141746115
l6OvpC4S9yE81U6qz8dmJBLBk2YpFmh0q4teGx6NvIVukakkgOWyXr9Fth56Uk4I,1645781177241766156
oxw2s0PmHte1RNj7lD5G4EWwwZ0OJ5e60b8rZWbqNFqocXtLlzanD4h7diTul80j,1645781177341762420
h7YGb95wNtizQbJ9arxmvctYKLQ3TRlAWJO7TT1qMjnlK4utvpfqSWMkpnoICXQi,1645781177441757276
qpnHGo5bXrMpvEgp4JdWq0Gfl2wxZMdO9QfQCj1haLWVZBIdUw7KwOyfOscwCDIM,1645781177541750948
dxmnglUE6yif90HewOwqksV9k53xILHtG1gvmA9s7rVGqmum9pdth60QC3LUMcMd,1645781177641785359
d2WPBdFGTiWJTP5cEgVtnWJxXePuGlVrmzGvcTB5ChMd4SFG6kArETom8EeMz7El,1645781177741758642
6Segupm6V8hZYwqde0UtRJdXXFuUM6ESYs6SgsWBzDiV9Y8oWdfyuIVRXNtrT5H2,1645781177841758331
yNSeEznDAViI2p4YSjUMzylULcLniapexFIBC3MNY3fasj7IQbePZNrtzCgfmTJh,1645781177941744410
iZtvcDIBGvj8eqQ4S2RzNIsLSY0C1KtitkdWytfEoOLSDjUfktc7BVSd1Tp1lije,1645781178041748489
RM8PFnb1AuRNcv2MocRx7ua7LN863riUBrrOeTPmLq9xj9JVmlQrdyywL62Mvir6,1645781178141762475
ZgSC9ryTf8QMHir1RFt2DryYwyvrgkwEQOQYGO1tUPGk55lWLeWYUU5QSyF7iBL6,1645781178241759627
alco7bha1vK413bKg5qAavY0tn7ZzSeZBGNHs2rry9vxCUHsa7081Y8sMGQJg4sq,1645781178341779150
ID7AFyzB7v8HNNAxTA5UhCK3SkM6mCw5P3FczFo48uMVIWRleUDLgXM8IgD4s99F,1645781178441754007
BNs8aeDgYZ9o3aZf5mzlKLsa23csAk8J5ySfafJ6CSvD1Us4FpnZBd7Bgj1rT7AY,1645781178541764845
3aBdDUiPvdau5RyKGlrPPwa5gcu7j3gndpOrK6EDhn7nE55SovsDrSHX2BfkCJVo,1645781178641788108
8tdQypdfciQolWHaR9lIZ2ocCRKOkpAsgnHcduIFbg4MCJubSgs1iebs5vFpiPfN,1645781178741747595
DwzqpF3Ow5i8OdioJaqzEPsHL541UjOheOVRdXpZaXgzAOnRwbR81HPKMTLoAkUm,1645781178841767581
6zDjU0H5Yx2gJp8FPXLQmik693uHnO4tMFbqGstonvS6jYJ83cWpKEvTHqk5CmwY,1645781178941739604
2VPINI4AEUEv3V367ZuRnps2db5qL2ONXldt2f1EAE9BjAHrjBGUz7WagcQ1cnN7,1645781179041750571
W0yYgymoCtzt3EkkOzEN4jvkJKlv780b7zAlxuZ7oW0pkja8ioTmVNUohFhmMiNT,1645781179141770816
fVCcQlhCFh1zQb68OXstsKgZYNJu3hLiAXIYGzkVhkS5LWCh22ZuNFSvalpcQ8Ib,1645781179241766876
fb9tYsMDcmJvJVbJXABsNdnvNaXliqMLPUExMY9wLQpcvQvQa4Hvi4r3fOoNE9hd,1645781179341758511
btZvSirn8gP15IPfMgb2jQ3Oosj1zOcaIBVkrKVxysw38KhSyGVhgY3UOlVL98vR,1645781179441757663
HO97ic2fUziaHP3FfWxL2yoRjJktPgIf2Qkj2mOVl652W6G9cBVf9H4raoiyS0bV,1645781179541735390
OLER7aurgxrA47KgGnJQ4NFcCxYev97KUJjatbRaYIicO0Hela2nyHO8Ewk86sSY,1645781179641742247
9983kZbIqJtEK8s3gvrcAFkPBVXFLxmU6uVoS64GQxSi3IlkBcMMp7j1aEEtB0LF,1645781179741761140
tr1Jx5ZL3136JnoVPBpDGYEomQhxP0AIrBbpG8AH7CMOzArMJgZZElN0C2vb33rs,1645781179841773237
CQhRYqid021zBtLUZv4mePmoQgPThELue1LAp1np4poFg7hF0l1f9mTZQr075Lzi,1645781179941756816
KKs9KeyMTkZ9sGMq0MV96xgWogbrzbXKtORD2OZT88ayPwpNIIWMFAs1qUrp3O7w,1645781180041755968
mX8mvfF1opyBmlW230PHAFG0h7nkUtfEQl1JQGIC6ELqzrq1rDG1TWz8cnt6eWK2,1645781180141753603
HLJhaZsgoDUl5IkuW0wxXt57ewDIQXIhrbNRBF5xQXiTpROJRIGwBK3qGG6fmPMb,1645781180241754477
yh07u52LajmPA8jbQxYaHZOWoSBYpV9oD7t7CwQmfB9pJsOiquI5UebG6mowGviT,1645781180341747686
2ZYCTxw885vRwK9kEPpg3Pw89i4PdksfHPrlMntUrntn73XJSKyUjscrbeGCM7sd,1645781180441752598
UhOqTGIK3B58CcPduN7cEhTpLhzhorKIXh60xOI0YN8kxVNrrST59usUcr9OhUhE,1645781180541757750
BnC8AU6ipCQmhodYG5bQzTsZL2y0WfEfQOlYqpEf1fRiT4Fh7q55Iyeb0cbUHn7g,1645781180641800847
BqC1fRgg65MX7ZCFOIKgEyHCbqeqdlUmbhlE8PuCUEjbovqCB8sP57bgxFUYyxKX,1645781180741764482
e5lkUdwysfXgYMqkUg9ZnlDiygGxdaUFdEz5rv1jYYN6uBqNrywch8KfoYaP83ej,1645781180841748505
Hbo8Wnq2MD6EPvbEtWraeBDQkopqpRY62KEW82YUGegdXIrQogySqAqawfOl6ur6,1645781180941718528
F3cN68pKkTvIlkgXRfzHnnpjSBSW6JcJKCeOKTi5wbNgM1DleB0Ryp8Pyav2rWLC,1645781181041766718
izY1QF6LqR1ASCv7NtWKgfjfFch561Hn0noP2sktHj1hvvmHoJZVwGA9qpExqTip,1645781181141736500
HUEJMyAbfCIY53ntKMOGaWPRKeM874xMY9gs5oTk0jJ3k6x4RJI1ogS8KoGPqCmO,1645781181241752245
LQEREfBDPSG7XBCwVSvJ8OPQAfozpYNByccAHlLeCckhlwdGMYZVuwv3cj2RFNaD,1645781181341726065
xAMDuhr6Hbn3VOJsurLpnEqNwsnBFNPDYjQSQFWgpHjId08XrTMdiAye2lpG7CRf,1645781181441745958
tp5K4Z0rqhARhGyXkJAQT62Wspmz0Bct0fB2C9u0q2RYIP30iBQCHQg7GQ6Ebg7b,1645781181541725426
JHdVQVVHXwnqMqo2zFCGdsOrIS5r7BSQS4wsZP77MsvggjgfwtwYlIP2kVtpeMG6,1645781181641764300
OAwxZ22tuvXbdEEX7A5qQVs9ymyc6EgUMcRweSnXNL8yZMWeVbUt4N2291cFDIha,1645781181741749583
t6WVYJ2uc8qBTMnyyIr2fs3mtfz6wgenk8IJQJB2R1CuOzqKHgKuYLePzbTtH8g0,1645781181841776457
GwJgFShfRtXnsO582Q0YjfxiGObWUHWlEnPRD46exeQo0Vu2vuYdXTLmrxIMCm5O,1645781181941719425
XSqkXuMSYmGWIAYB34oaX8MP3clFOoetGSbnKyGtiUP0dwAg0wEY4bv7BeNYSzRi,1645781182041714319
P3Uj1iahCyipsqTqmiOrJHwSvH0NES6dTYLSGv9SrrGjfjaSRwHiEDB9VBVjbZL4,1645781182141740286
7gWNZgnRV38BlibCdsvr54yYDTIp2dr9HMUq0IFVJOe44FFh7AWBCVjPyzCza26r,1645781182241735105
ObgOrvrAHWDKjS1raW0m1h9xhKwHM39icn4TivbyPmI9EHyonyYmfgkK0ecKfj2F,1645781182341757184
W6iCzI8P4QYHgW5TScE5IyQIa2aEjcTFgARfSY4Uyalc6p4WRIcjE0zo0X2j9Wwn,1645781182441728929
gLS6tXaq7MSC9WgaoGH2GEpElrxsLrfzD756cgwi0Ps9tYhipyi3AXIvNDng5QgI,1645781182541709175
XlM8PHqNgiWXEDF39w5JRNCoYzVbP9rvuE3KVrh9XCglNupVqsoHF14lyXNMgEFY,1645781182641784864
SGqv7Y4eijN3dAYR2NgFMi1IFOetctS37IwEozqUiEYJM6kPTOen7f6M1kEecgfj,1645781182741724628
wbwlYkFGwnXJuFiLeM7l0D51vJdVxIDus7fOrsdmeA5WQlp45wn59s73CiY9zj1p,1645781182841736225
qeDiXqU91XfPIUTLPERW6WZGC6OBpP0g4EMZ2og1LLQbnrwA5LhApGQ2KmDACCoE,1645781182941733582
OAlQyRSHkqqVikgl4NvtbMtw654GHsUf2D3ycTDMK1s2lWlpthhS1aO7fSOuIqZI,1645781183041734790
4bGg4R1OSrOENA1GrgisH5zuVLpoCM6GxLu2mtODknP7vQLm52cK5ZEav1M7OTLJ,1645781183141774831
mDJW7ijrV8xOXIAcIkwNH8yCAKHWlanVo72tplkIsfgPwo1EYvcn3Y0BqFhaqT5c,1645781183241751706
a7VPrDfjtL8p973f0dS39QD0esYULd6vlZIcmxJfIRUPWW2W9TXJrkHVbpzwQ3sB,1645781183341743470
cAlN622MRVkx1mR8DxP3fgYGTWDuX338BnVHpXeH2OC18eAKZZNEEtVfPiZxjb3u,1645781183441730252
OYCB3oS6Ad5GFFYonv2znVeCBC7unAp9izKmnlqxOtBd9kPudRtQvVb6hi1SrqbX,1645781183541756479
puHaf5V1zge8O302SrSNM3U4kTWbH6640OedT9eSnGYAHYCjPc5keXoM0IxHM3LM,1645781183641760521
Pxzt4dLptuzAQBsomvYQSMmSchhzi0J6xHzzuKomCoudxkRhfz77JrXtWCqDCAJ7,1645781183741738470
RI4Jar3lfwOagnIKkNP1Dvuj7juItBNIRSZ2JdlwX7UDukVc8vbLqV2xCvD36bLY,1645781183841741400
1vYIWHC3OgEGRksXdTqTwqO9laCqBWMAPsQt9cwXG8nfqfAT60u0rH7arKQ0om8D,1645781183941725886
cY6l80IO652viCMmBHn2YuaNCzN0jVBM1F79DQXITXDAiZwtqhtMcThmS4lCXwWY,1645781184041744650
AdhN1DfTisdQSXJGFCbpeIb4LMGsHmPRO4mPFQsyGTOg1ixGsW5Woeb71p0GaNhy,1645781184141750284
RRLhrCf8f1oghjwaFz42ed9fR7tzUYvuzGbpQEx6FjmxThVggXgI9qxYvqXOMSIM,1645781184241734918
grB756BIpvDGagvHEbZLPVtLJQhgqz0WoBbrFk94gLJG1EVDn3YDWRWnrDRfARAy,1645781184341744089
alppUwsAH9OJLsW8v5LPUpCK0ezA596etvTNqJV7SrOnjtucyF1Q3Ck3qkCttIVk,1645781184441738002
Cx72Ga7hSWSBPMmLalldxUelEqd598qJ5vLKWSzywR7JmteMfOxcsbM4Qz9X5xq9,1645781184541711191
t9RPZQLWpSpbMSv1oqbgQxiqurN0nB9gKa3tyONnoDNAdG9R7j5XelNZciXNre3B,1645781184641747918
C42AQQvFbGNEXVdeEgBqRWP1CuP3YQCkVEuveoAD4WRb12FDiO37sR92LY3uyFcR,1645781184741766126
SVL6JTKNzjz0kCBSZFYPehSzDVr9jSbBxwFGPXdNFaLzlXRKkxjOe9LpdBzMdYVa,1645781184841733353
SkorGRCV0YUl5t5nrmBTuUJXdIrGqMoI4c7I2Kn2qHlv9qiyarRUJkzx0qBqA06D,1645781184941701876
aCVaUJaKYLDf9tdii5C1pAwq08e96jMgtrFN8pff9qKGhyyN19MqJJeHRHQX0mBr,1645781185041723992
cQCiEpNLfibKeYhfh3T0K6FlNgILQSC0qMj4B6Pomz8OXn3EoVC9bRsw59FWbPWR,1645781185141710700
lFUwKrk4qqTLbUZPzjWY9PUEYji78DYtQ2nksXpiLI4wmbKkJqISDnejULqbYNSy,1645781185241721353
NGhFnWy7m03WZNGsCXINIv7mGvNoIqkg4Rtpvpwhp0CPLQFVxYtFT00hvLTC9DqD,1645781185341718153
dj3YZxEMvOjHoxmkVdzwbxbXJ4hQFXesEfRncd8Y1pnpmXZFBX9mSkHloyA4Toui,1645781185441715362
RLT1wbXxPKlBqIR1nalGJ1z7x99Rv47MNaMKAtFXE0i4H734gmKzlI4jRE8LGDhb,1645781185541693218
l1ttv9Q7799MGCRwwjvg1yPRCVmQgR1RTtLO0lV7ueU9ot3iaxOavlz5ElVuAUKd,1645781185641713426
NfzNQSTJ4vQqmTXMOtuJftOrerknK4OfjM17oUOrNof9GCTc4OwhHIYu8IhSM573,1645781185741725042
R89EaX3xKi4atWAxu6e9NA3VRivlm2pB9yNjTQfn7jLyFWv7aXHxfIQ6zLslOfuV,1645781185841714898
bIE4itsndBlqhgyIBDDrVevUzlDLQ8qzQ346wuuX5fOlKK1TXEK2sEVqzi9OqyNE,1645781185941724421
zPLvJDRNsn6A77ecLwcCA708o7Wc3tr2JAwaLNvD81MF60pQuRa5XaBJfhvjakjr,1645781186041691778
sfSD0LP8NlLRjArdaRg5zrOfYJM725yujO8jkXs5IDUzMMculJzl8NOhgiminibU,1645781186141705838
7jEpE4sUFMTbg5VSMUBVpXAWFwC0elVjShWglM80jbaNf3nzWwULTcpiY0hBlAsE,1645781186241774379
rNscj1aQa8oDCZDgWf1zIpgopNxYXqkMBbwucWLAf7OpgbVCGUAYJoL6BIdg6L0H,1645781186341743402
wwCWSVh5c5sGeNRsqZP7NkCW2pC98CQ56aZW5GcfJUuvqJoesDlFxxlxkv6t5VwB,1645781186441715611
5Vh9mHm3kezYxlCpyx2vtlqdgxUjQQuVuacepNhZ1e7zPHmNDpG6a7hF2AySarvU,1645781186541727189
PW6EtomuSrtq9eDMTSQ1X7GZHFzq6uIVQPhHBTCbL3RUhdo85EAaJQ9Zd6Ph0fAP,1645781186641736990
4sgFLqresG8Xtugw6oWQCfzqlMVk1g74YlHrc6WSNczEXfBdRh1eNyS6KxoKbvM7,1645781186741716680
hdzHiTj33iHaMSClADPVCpZUlMmMH8SwkPBQsuTvbiUvBegJr4m1tJUcfGxvPPr7,1645781186841689462
o3Xev0ZUi1Nrf28V6uUxCyarDVmcuchidEMYEt1utMkYOs1SlWQxSyofTZFLBw3o,1645781186941687430
8NKMEJF7gzg4pfXa9vXcrKFKtTf4NgqW3AqHU5NA23CsghSqcyQTGfl96QBU4105,1645781187041729045
9oLbuijujwkPdBDE9dhPHTWNrfruepzneKNW06Qj0B7cMKqTyXqFyKaqzSkdFhOt,1645781187141766846
0lP0qoiqxpSH9Ii5oYImstapJISYyoSyapwObeEWTfnbvVej1vUro2g7J8dHv5FT,1645781187241723239
t9rSo3zFikoeGTLFOp7AqnH9usQpydIpm7HYAEotzcXD5qSRgZbULqdDj12feISO,1645781187341709948
PjxXwjQvLv8PmaoQ8QuREVexWea8u2UHkPog8DbS8jpsHdIN1AmGfOD92mHuomBY,1645781187441708082
ByEIBpkJWZAmAQ7CZuSEIdMJPbBENNmXLznUmVlJ4v3EM8Qt0q7HURat3l5O6svP,1645781187541710864
pgrbBdsDYvSs4ql2frJ9Gr0Jb6ihwb5lIwMRZDf685wAtgDYVUflMg3xkjegKhPa,1645781187641698887
ej2BwhF3kCBdqMCLrr4DX5AFomv9SIh60hFwMVx6f9kVVwoKlqXHwfWkQQrsiXwi,1645781187741710040
EBdbeafJhPmBJaV5P1MJgq36GtwxQsfc2GBgpr0WEmfWLBbiCv1ql4v0vrxJiawk,1645781187841707211
r5QeuQ87BodUzCCB7DzqFuqBmnUSOOCDScrK1zRAn4emGqvL3vCGn2RXouzCGBPg,1645781187941685920
mE1nDSxzVbjlPf7QYHgJJ6r70qHE0evmsuZ4MU3p5mbSPgsvxYFEe6KcwZruEkg4,1645781188041704572
eD8yh9mkuNCJ14FwbU8DYSqS0fNCN3GzHNvwUhhO2rg3utxVL6gtWWLW9giUixTx,1645781188141701817
KNtm4YB7Qr8Kk6p3CVwg0FB7wtccq3Z8QSvV14aPtijbmWew1adzno5jffJUisa7,1645781188241700433
JVaIXAhQqQ1bwfXvD8t1wykad44JueOD8yVd6A4va5WUj3QwAHx4Fgeqig7cJWoP,1645781188341700178
SH2ZS6U0AyVtztp98lENRqB9XGjomXDDpFmFKEFUAiL9Z8JhtV2IJBPoS9cCepPT,1645781188441698720
3BiNNwpXc8hCEyt6RuOk5oXXv9kZx910JhLgd8CGGrQSnJYCBvuHhRocbY9YgAWz,1645781188541697761
srdTznhDe7fRPCda7YroxeOYCX4qianYRR1OCjbroFGDPsmWOdILHgsSBwIrX4Py,1645781188641714599
VPLf6wWu9l8Yds2zVKKlyCD89TzeXNc0mvgqsAkzvqWWiYVCroxpy8v5bvj7GK50,1645781188741698993
Fjq5ua3nRZI77lJyZGmWOhbyaJ3qd8qqsgwkFzXeWpldb3a8HKce1EcaVfQ8lFwd,1645781188841697349
tqL8ntkJgWxFXVOop0SoC2OhfpnR2i2vYO2MFmfvGa9n5VasT2hg35Lis77upAoN,1645781188941699742
WqhjaNervnc1ICtmDYQGejwWq4PdCD1g1iPb31Qzn3y3DpnOODc0vXWlbtPl4OR5,1645781189041697766
4of8p55c63gIqTeEfHEaojJNag6f2Vk7JPD8TIjZJNp7qUKTjW3XFLso1yT2TD9k,1645781189141738159
bKq4cZbtwRyltIEcpG92bzqavJcOVj663w8dWhUQ8TBzlObYeibDhRlcjMyE34I7,1645781189241719256
zQiV5DvCe5BPTny5VXGBw1lfLirPk9UjXCCdN6p1B0PclLhFqvQmw9SGrJfaR9Jw,1645781189341701613
JWZfaMglN3L6M0LCvlzptP5kgkI7rc496bogySPJWiPqij3dS0SLPW43EM94wBD2,1645781189441696117
m1giR3zxlPoT6p4YpVuC1wFDIOHFZUFKTu2vx2qhPe8TRD1GgtShpgu84ALceaw8,1645781189541716270
Sw1Qwr7JWDmvQoC6fclVGedLowvQWpWzjXNgPSxtfio4U089buerWFAIB3iisFfc,1645781189641735607
m0GBQD45tt9NrGXQ8BGeRQucScIKpvuavAlLMoPFfWdUmAvuJ9WkXQNz3dKqZEQS,1645781189741705112
NAojyBwbhZ5ShyM17rjfH6eIiw9H9ZhWjVDfe9GKhMmMK6LQx55F9hXrcg6lEoFx,1645781189841696654
HSbwZrGED0ZW6uw2z1H9gm0IR73ftIaAiB4G3KUEI1kPwgPvfg4MQ3er8gU1w59f,1645781189941685454
EEtFWLUpNCCJrbEWFHqfITXQ91P34WgHkZWFvy2IBCb2lnW04NdKq8ix87yCefTM,1645781190041700866
EyZ9wbR5n05YoaWqxABlItgQzebbJ2vWyVft45ys32OpcvgX5pGLgwkdYLCqL8MK,1645781190141696204
bzDf29V6BuvlpZIsMYD1Sve1GppavBuWA7BDEhHQZA9OkSE4yR5RLiQbXF9SO3wW,1645781190241702172
85hNkylJ9uhrKtvJLzief6FAJNahQWBXZtuKrddyVJpqCj7Vgn9JtNTAk1p8X0f4,1645781190341716991
tXOj80feHTUTCbxqM49DRaN9bAG68tA0RXjZXOBorfF1EApYFwleU6o5G29PvIPK,1645781190441693125
p6uKS36KjJJvU7Uj3FLYM7ba9jx51MPoQH6tLCB2TSvxZPebd09x7iXHRTKQpjEE,1645781190541698611
zI7KUIKykFtIfYtGW0Ddiis8BCWzulDt1KBWaVSIkJaNrTdNTozAXpGg2mduVqnX,1645781190641694931
8w1gRTz9mXXc18xSxuaSkq6kdke6YPdfLeLk5ItqqOQpXLHSGsuyiyiJiKOHh1u0,1645781190741693602
eFkhWbVM0vBVHQxVIpRzn7GWRel6ed6IqoxMPTgNOpqdGn6WaXTOeks3Mb9yEFE4,1645781190841690273
1CRPf5m1vddBOjhzHBLttDxDm6C0KQ2LcRkFXVHS6udSdIPsRkmKvjWhnif56gRj,1645781190941681666
79wecD4g5h9hyYXPHJiC0EsmuVr0BGhHQcv0nyhtfoYbM51dNhoLte7n9zlJFRad,1645781191041692449
3TcqRJh57FeRLf3gKp1DT9ya6irL9PxArZ0GsgLxv0MEdPuyCw9d38E9q3SxTP7I,1645781191141688046
y5Yolujfs6tTTmPegZHjfTqVXIQyiXGeaoRMgAzWEq0gcPKGwbxb5n4a6UYm1mOa,1645781191241695976
apuF0tlEjjuK9Ea3oYftJjRPCz9BjYlHNfWLYGYGzQY6d8ARenIyUjLggVqP1beO,1645781191341694573
H9inPG1MgZTJgbkKM0IojcVN7Jk8uPU9YCvxSwJ7UkQAJ9Ud9lSrNvESEzY8O0Gw,1645781191441685467
DBrd58kZr9j8ICmPxCGI7ViLUGRqGfmRob5ujnTauBjANTaIfoYkJG3lWUbm8LCw,1645781191541692268
wHqe2ICvRt5mMd4zQcjjsmTMF28NMKHGZ6uaM5TnyWZJAdIaD0H3miP1lXM5qeLN,1645781191641681661
iGv4LOrHvQa31rbCrqFbZedI9xNxZiJHwELFbAXUY5XXw6jlwwNTYyliv6dTpwij,1645781191741676740
92zkCUCjZhGUnyFhscBRYu7S1kvofdXodUWoyiXWPl0ChDrao21Mv8owqhkVJFJw,1645781191841712559
kpkiVFEu1C4iOwICwHWrPLlG2VjJj3GTqyBMEOGFYJvwDE69Tdzrwk7wEoGxrUQi,1645781191941673471
SZ2gvGtSZpMm1RuU2tLybQsnF6k4a8k3gmhZ3Z1aMMNNnFpp69lhXdVkkDnIMXJ0,1645781192041686012
IzZLYZtuvGFiT2VZ9GHhrkPZxCsHkBH0ApLgOEaJTnzuqUUxijeZT29OEzewAtwJ,1645781192141702295
iFz4SYLtLKn9mH7Syj2Pj9oy8QsGHnX00X2S3OJMg5WTMbvJIvi22Wy8uoPCZwAa,1645781192241689799
RC0SYKpFPJgjsZ2ATlAVF6e8v3KSxU2Ne3pDLcQiv4RndSw6B4cOBEW4FqWCIXXv,1645781192341682322
aL6txWbra2cBSYIdds2m6YoLNKVdr1YPKeIF8t6gujsMF8yqy0a2WOLtjoXYp5y9,1645781192441657697
iEPq6TX0APKQVIETIpVpDogucDTSHPZzbwnhOKhYh2wCKBdby6QBu44XIXxXuUWV,1645781192541716553
PHBncsLJsGUBR5mNCAW6EabU7W1z1VTQneDNUWeLm8WBEGYOQ5Scd45la4iZaBxL,1645781192641711021
nAgGfKbPR7ZdN51l8TLmVQV4VDd3NbM8j2OMKzml4JOPONAXrUJKsoOLz0MMZiVG,1645781192741684137
ird3rNovgBL4YTZPvsiog69g4W0dCTuvLVwAqk5WvOYUs8rlyXZdchHgBHINjAG4,1645781192841680567
fCCTvHxqeVIUb8FYfpBHUSwfhE0QOHS1ReUMwPBYuR2UXH2B4BSWdMBKaAlwPDvq,1645781192941680627
sNDmmMKfnK7Lb7WeIwAvHKDpUwmt8fj03uknE2Q0MXLvepZujin021qWxaP5D63E,1645781193041681354
zl2DlSD5yWzcJYV1EIzGHnkFL7IZEKnB3pMpGYsE4roMOJNcaKrr8b4TjL0vfo6g,1645781193141680173
bQTryM31DqNb7iEh05Z8edaNyaGbOMIyllpj5rkJh5uml6Um93smeS9b1QAPkQNV,1645781193241684585
CBDH0vYfzRRkVvUdwNPZnYAowICfjZ8viLAgFhLE8nwdgRGdofAbCIO6aajJ9sCq,1645781193341656386
BLWQ2seAdblJ02uof4NpMlwxLdGTVTHhml5obiwEHhYHhS3NVOAr84oRi3sDU9sG,1645781193441672631
vy4WeyjvfFCNfDiAbq2hvo9br1mL9fZ2bbYFZF8DUIYAVEK44Mmx9vY0uJK3yr5X,1645781193541678950
Tck0rsDM8lWdzof29RzIKWGFpaGlSMIty0tnq77ysbZqQEsZeppyJ5B8gSt6o9zk,1645781193641671937
7sXxxdvoESeehUBLH0Hb6TjmvbqhinPqdulbXfPm71QoTc7kaPLgq3QjeGOK3nAf,1645781193741683552
fwGDbdxgcLV5vanWx9CnAdUmrs6tdHYJBmUkPRQzkt2gSpAPwMB6xfspWxi9EEQN,1645781193841676742
0s7NHVM2NOgpBqE6CNA833xX0deCr5XrvcCD7YDUutH3jW9trK1uLwPJX4TO70D2,1645781193941678080
aPDhvQAnJPp0tyslGrdZo3qL5HiCHvCpJQXCqf082p6wlyh0qKZcNOvSfdcvXpko,1645781194041670103
DF01uy9xnErXCYX0s4cEQYe69F1g2lUF1VGtTOoFcfkoBFn4HPGivso57pl9YEOZ,1645781194141656478
hdRA1DNbt5P4KC6caKIVD6YItKSRWozDPOLQbj1UmPX5Zbh7wxd939RwTrLzeIA3,1645781194241679112
gWSIDTkzqH4QtjVng6uhGJbjBxhnFrquNICYkwYaCcy3KUq0akio3JYCEDzS2oMO,1645781194341703042
6YwoSSNe5LhNnVNMF3AHLgTZrR1sFNGJtA8MdV0gog3aBOwRQ4glj9IaaKSnfg7Z,1645781194441673251
rDtSit8WZ96jV08v3ogmxxMWHnHuTORIbKkHCqmlxqSTraMuO1eKy0oDl57DSZV3,1645781194541678607
rEJ325n0tFRkqncCoGWmFKz0Q5DschtTtCVvFIt9VKrL6SWsg2fvNculf5dHmUjd,1645781194641672593
fEZuUS1zltJpJphzrKtCxlxcqYsb3bEinlaHCcEvTXkkMRjCmaOhLKHAs9jtivbT,1645781194741669042
fAkrmzmDUUxrte1dFPKYhagajPTQJ3tyDcnxZX8313sshtWuHoTyO9Y6X0Wo1NmC,1645781194841670657
zX9Y4Fa3ISvzKRubGLZcS6ix4Cl5aVFX2O46be9t65qOUizi1XLUb3RdGBgogvLj,1645781194941653292
HPps3xj80XUUGUDHzWjYZ9BnKrZ0mvj3IXtKScQS9uuNM5dLbMr9V2wnrUodPVef,1645781195041672981
0VzS7NsFIncesDySapb3qVrhzdJM8v29RzZYNSlfDMH5ZDV716Brc0YZdpwllwsC,1645781195141666393
vSiGuUv5oBANMeVNkgEKeluHYo2JivTdLCuDenISwQpJ4Ienwt7aczrAlsSTlv56,1645781195241672694
5xJjkZ9fzxw4FarCRwm3weCfWc9HVELbBcItBQYANUCc31mUyXYsBiXfIeunsDO1,1645781195341668661
pfv05R8QuJ0xKnPGKx8Tde6vIyj9B58yi1wlT4BLLCGgzfwHb3kCfo6vmp4vsDtZ,1645781195441665407
CpKdrWyDiCrfqlwPoebTShPCUR7LcyuplCSaiPlOZc1POvmAZOcz319YQEr1Cjqv,1645781195541660578
vGWedH0Bs2YEvLOTh0SkzaGQo7R1qFwmTQO5gMGYMomI9Alq9BZ8lpWYvvZlATVc,1645781195641670749
srhYEv4ajqqryZf7lEEU2k2xgZgo1COt35PFyTqiJeXFECLzPZRRJUMx12k2E8vG,1645781195741673346
CKVAlJq2yNICYd9vAYKR0gP2i74vFyBRGea2yQ4umK4KvBD5jXXkDumv1ooEkzg1,1645781195841666591
eG1ae5UQOYiJhvPQSu8fouZnhN1RLfQxvRXYXzyvVfCCabc1VleHdD4IZ6kslApf,1645781195941672374
aKD5H9ymmAyNmYMFH0XtCbBlftbP2Q4ciFhzMfl9phUZDopVoMO0vXjZRKyRi03O,1645781196041672100
FiNZN6gAl8kzwZUjtqhmNRLmjJDQJEoWwA6HEkS0rAznhRUaFCMcdiNKzakJnXpj,1645781196141663216
ft1tcRrTboGIFjqUvC5YsSqs0Z9n6wVjqWcSvSvWG9mWscylm3HdT8TUhcFlYkUM,1645781196241712387
E4m9UfflnPHd1DPoHgPiosATUQE0AgLPj7WDlAyYZDBbPYNeFmM3cXV4xh45MNS5,1645781196341672818
TzGE9DkiOtHnScRhMoiyLD2Gt5LFQoKtlY5ulpaAhqx9SPopBUlUimkZp5oFr69c,1645781196441677192
eCUQ05YhvTqLqc816uVmeFLTJ9i8Fpjs2DG2Goj9HXV89b7FTd27qNa9VHGk4za6,1645781196541671938
Cq6RenauK30Rf7h6ihEZ2mgX1wG6vqC6fHVJ45BP79okHTqzA4WBpDgq9ww3l77Q,1645781196641653220
OchQftnm2cWH5NFEPjPCw5340x5j2C9OmopRfcCgCivI3AURutdoweqwcvdc5k1r,1645781196741664447
ZoHCOTsb9orBwLcoEDd8sR3SNg4QR3IyrXAG03r7pgIl1saD6BLycOQx3SOUWeSN,1645781196841634803
Bab9dQES6XC7PkKTteRT0pR3GnVmPv7aWhh77vYEQkJqSeJLGjoGWDKm0nWNjcvD,1645781196941644549
JcKQWscwawk2a2NojA4FLM0MAWjr8f4RFMqjFSgpOOqwQBk9LnNh9N1Hti80LCPZ,1645781197041672775
ZFImgwZ2LNzlZhtsUGXcbWtUD2SWCs5j5MTlI1mdOlNxQEotSLV3qMV3MyZZqdGt,1645781197141636187
zidFjPt78E3YQrPsAsv0FQ1bMb8CEN4B5hQm6HtCTuitl8lw0euD3wpPVvahIesN,1645781197241716284
JG9NY1Z1vHvfPeZOHTbKNOjsKHZctPyCg5ZE48F0Q8dnnCB4dlM193tTLR4Eq2RW,1645781197341659474
5ykA7y8V4lIpxSraDDZMHRoassogsDDxCv5JrDowy4ltWdSjoz43QsdIiQzadAVn,1645781197441655034
5b4voqrlvacRB2902B3S1fjj5gHiqmWtLYo8PdrKETjNUsNW1Py24fl9L0p9lJ34,1645781197541659168
spCHR3bdVK0zBOTClRDp7wwQxlag5bkvQxCpylSR3TOCprNaHaNMWJmT4M77xs2M,1645781197641654302
pC9lvcDz3b9sRWQi6n4b6o28BAE62EQrRaaMAnJDNT5oxTU4GYfKMhQVreartygI,1645781197741661066
YHci2wtPNyBIPfMdBzxYfO1U0ZMtY2B4HmnKgeh3btL0WgeidZEIvFlwn5pL7zPN,1645781197841653756
lAhPpOSQFlQmP2U1ciJXv2Ti7H3DERaxbHMOdmotVDdvF5wrnDPgGsNL7OYLp8IP,1645781197941640001
NenzOcqunTp2YjuJwHzA7KWFj2aW9rvWTjVsJLm6mZ6KG0bCFZLNtpccpA9yz2VT,1645781198041653802
jyJ0I342aBNq9w0PVJmP8OzyW6uW9NzsMGtcJvet6zhGwhfP1Pm7nm3JqynxLmof,1645781198141630918
0fFJauAhrpvlXaBWzxdkhh1WdpTyZHcawrrVj0CZp7KMfTqcPUK69Lcm84igLKGG,1645781198241658959
A5lr5vQv0lFfC6FbYZihsIT1MBhgUvuc0dT6YuzYdEBpIQRqz7VpPyok8TOaOGCN,1645781198341675519
tfRPZQxAc60tWRhTYDIvB5fHY1pxH1IAfjZC7UNhaNa4mIVKVmFertuPujKCjcKO,1645781198441650987
JsYOMv6vGgx2wTKPDa44RwRLfmVMMoiegH20C8tRnrTjIo7VMBXn5y6iia55Onj2,1645781198541664417
4l2Fsugfj7MztTSFcz0hv7QefTj3GQ5J95Y1zCgiJ1fBU7O76Pm2UCg9fNAunDDw,1645781198641660144
IjwGvawCbcN6jmBo9xqb8Uklrsfc5qWLZSbS3Yfe80irkrdtpTSvvCgk4KM7ArTi,1645781198741632667
J4AKanxgodWWV9OIbqDW1rH3BbBKSe0kgA4FwzvkdRE8bcQCTdgSUxVeZgwzIwjz,1645781198841656949
4mE0l9iOZxWAXuKyX0Q0wwcTaYStSAsWw4VhBD4k8asgVAc093y5xaYX6yQY6G32,1645781198941636565
IWiUjmCqM3UpD6oK7mP4NvcRs00yH11XXjzETC4nDWdOdPjkB6nW2PyuPwsexrAS,1645781199041648977
Y9g1JjnUDOtqnaZygMTijRa6NRjIGtip0MoK5boHzf5kFejwyCcfbBmwcTEqKwfK,1645781199141651185
GScK3Rb14glKJSEHcqvBzf7Z8JQSD5kUVNoXmPYq5H8OiMeIBZUAEbkKv8m8BUch,1645781199241660282
rOEbnkSt1aFhvt06SSEg3w0w4k3GDdx42Bgpv6guewcZpadG2su3otytb17oe4te,1645781199341648990
DXS8b80F2ansAO6AG0C3tAuVB1Hn3ASGfuME0MS3xFt5bzEszQtranKlmbYpky5N,1645781199441646643
qPcrl2ugFlmqkyghOZWyKqh6QDt8CwT2L3r55jlKUVBETrurPQnjFUofiflscEsv,1645781199541650573
IkyLTkgyDrAhg4W5VIpkmbNSG6KqIBkYviuMSaKePTL5XpB07yksZ5InBbeUmO2f,1645781199641666355
4u1XUMBtnUzKH8LN63Dd9VOI42kqOlVRfXy8r71eZywo6H9AJMlQqAiuARjXACyp,1645781199741624082
juxYzxAWv7K0MS8fos3e0kX8BEdLQZ88R4gOzpusuDqGfxuRpx4nfbtqpX9F6GNW,1645781199841642568
K2uJrp9l00zfxr4mn8XSjQHWxQk2g5Wy5QFuFPdDNdsKSx4D3bglzxHvLzv03Rw8,1645781199941650184
rA35XgIuH9Ei4Gv7pZsoU8jq7eo83kHvsI0PyIHEPTwTjpbYPRNtZ4hfhVnkE4d6,1645781200041643670
MbUJslVHFPlyEKVdlqXLuC0ZinIwqv0AXSRPEweRLPPYjsBTigobtm8ZXQTLKRWp,1645781200141639137
uvC8sqZBEwjvptOVXA6OwDvSdOnvqHkkDuq3lPCzJus6lHcGPgdKtYmVvXQjn9Ty,1645781200241699512
3H1meBjx5c2ore5GIiaAEKf9s3sdAJbEaayEliApICd9ogN6OwGdGtk6xdj7uIJV,1645781200341687757
sIhcypRGz2Nnjis5e6gv0R1v2j0w1IPuY5UWuvksx5denVkSaOLapKTp3Rk3j9vH,1645781200441631170
CPn5KVxFaasM6amey7CmRfbT6LWqTR7fqtk8MhLvGBHKl3yk8AUZp50tPWhqvnVj,1645781200541655952
gEp0tBv9KAT6DPoJZItMLrGkOvaHi41MIoN9xGJIRkOeACwhSn4neIY0D6Iw8HGO,1645781200641654678
5dY3upLLZhxhttPLgT8LjeJwjbqrs7EyimzabKv81rosiDBNeHgNuzHbb6QRDeNv,1645781200741654275
OMWzeP6dEuTv5eIhuy2oxJNWPnyaSLUqgyoKLsyakRVp4lUyjWken7BBs7lKQD96,1645781200841651169
BvRXnN5XmYKqJmm0IUe3ZnESuykLBtRNmqsZDv40TMok8ZkO3OSbCg34elPodpBP,1645781200941621822
d1zrw1pPOb9UAttCFLnPzoUcZrQCebcIaZ7WautwV0RerIo6dbWaNyCwnc7SBjkl,1645781201041647900
GpHojAlEAAq1Se63DadaWqXJQclcJTNZIdNzn8CwG2vihzjsZLT39yNZa6BtaZSq,1645781201141645053
Cnqxu2rA2lrhkaaIv3L4zgeZnnQLKqBUdzQXzHi20Zjj7Jz3MI5JzhskVG5n6EIk,1645781201241616669
EgFDvvFwUxfaGcdbugutOlbr1ge8vuq7a3IWzWQRT51hfeIZJDRhy2YxjA5c3thd,1645781201341641728
xx7uRXLuaNcFzsnI5Ez1GVzxe2XhuCIpAQjZv4UUR4jRwUh0ifzxAwsmzOTrakgi,1645781201441642659
8PI3RkXroFGihxiQcgLncDXZb1QAl4stT8utsQked0NKx3iaj3LMHsvqrK0aOrRq,1645781201541631997
zMjskTWNTrhOtQycRHwg8qXzAVaWMzMKL5C5WgQxW6MPWIzvYwcgk7dscBOxBlHW,1645781201641639760
oRaJ50Gb6a0atyURs65cBiUnusi5bxZOO9hU8v3CW2lN0FmsLrUWZwHRmyWOv6kK,1645781201741644857
DPmJKpWorH9pWvhpk9JI3YjqWGCQKwiVLUpdHJQ7YZw4TcrDjAVngFdDTpdljLG4,1645781201841648621
n3f4M59ud6w6gnJPvnCc2nnTaOEJjSLUWzWq4glfkflQR3nMqywsljJK7XdozxGV,1645781201941623181
wnK0T5gDiPb9SOUIMQ868RQDw12uyINu3htWkXhTwIcNf6dzVm3dBRq6Tq0R7NK8,1645781202041645352
5BfpiKGcbtzGxbFQLH1WiqaBgablwtuz4Xmmr3MSuKgpvuGGBHkt7L3mtcVnVNmZ,1645781202141638950
sXJiad8SxpHshV6slrjqAka1M6prRZOK6f0eJ86GvM7crDSa4CRCw1EH518XYVpd,1645781202241681009
ApHTvMirgpTV0w656XF0WTHcSO71twe1jtTcFBTtyvPypV1t0HtWiB8BXFAQ9oPq,1645781202341684051
hsRv1umznBwaexTeCL9vWF41TEPa0oRfhsYikLgWUc69XYlktudN8hObtnBtbaYG,1645781202441645444
Q5x9QbfuDj1kHlS8d5VlmrMfeWWE63SX8NgWyJO92QsI9KOmQuYAlsoOOKaVL00T,1645781202541644134
OexKxMUxkMDtgcf4WDFF43bSL9vhAv8WZ6qUSKSCef5LHiPluczyfYQziKgqFoKn,1645781202641630583
uAHKThW7NZScGqMAQL86tW5ZqjN4XhpQs4kLmFQ7mrh2h3C5MIBEnEnbv9dTqStg,1645781202741741087
XbzHqQOdH5dw7q1T6BhtNTTJc6mQXd74C6J3UhelkHfr5hJCqy3DRUW1bGQ8rXA4,1645781202841645851
bR568jpq0Vg4AzG0xHDNmiMLymRoHZst0xx6gkweDciNbwNXCZuwFGHD3izIFrBF,1645781202941620874
m6LQpF32qlQPglwqIomX53j6jiOyYYBKcWlRjoUZXsxBbt1sinPlo6rXnDVLlgdO,1645781203041644786
AOnsAHPg7MrhGrZwcyhR3WyqjSBT6opFBc7JsWzxrpe7eD1GCghDCe3t6EMC0BR9,1645781203141637309
mWTe1QbsDGxpTy6delqoPrhT34e4D3Bzacbb3DRERO4sM8UytImHATkDVOFjSRg2,1645781203241643240
3Gb4R2HsQJikRCiKTUbdvKoRi28ATmAU2jXTlmL954rWEZoh1OIxi7MQ9UZaGj2J,1645781203341636967
TXmCJ6KO8BuMlh2k5KhnP1BWVi4mQ73rep3yvNK1ZFOIuO0zggk4htaDcdx2k0tM,1645781203441628138
nuIhIdipq45kS5h9lRBTIleuObw6bnRMij3yKmn8qqqHtVOfuZ6DIk7hJ2lspCEV,1645781203541606476
uITC2EJq477ydTbX2hkLPq0islYfwmBo2e02tHtvPyt0SSXU9GnW6nCwXkbTVmFV,1645781203641626554
PDYIVRBsN5spXPIfd59jrMfO4FpXz43OHZek0qcNtUBOsT3VYBDPVqlX5a53c6Ru,1645781203741614688
f4cdsF0jh97Xc919KEWp2IM8qP9TVYL8cxlSAkBqtJNUSOdka9XdPtjGHsjkQ4t1,1645781203841633267
zeT8MdyGwJkMgL4GUbruSYAjQrUptLosxH0KswaoGI8wdCA5n0xGY5xxwPmpkagg,1645781203941651049
pe0ibYUpqdjRnrWZrSpQXkNUA7HshxYWaYCB4hysIhJ5YoeQGRonABFKGXAxSjR2,1645781204041638295
FcBKJ9CZqUcNGFlUgZHoiV6y2HtUyIVBugVDogke8NzMckqGJ751aBxcQq5O9Ya3,1645781204141636151
E3F2hxfnKc9wNzBe5GefPbGqQLEXrmY5qn6VjjJ3JSygS9LXNzCmYSaylpVcZ4gP,1645781204241654414
pkvYREakeYR6fkd0hokFELEy8hahlE5Zy07NCf8qDXvqFWqwKbBXuPV253jqIoNE,1645781204341639067
mVaw8ilKDgASAzOVYZ0SxVU2YBqo0E1khbhpHQ9U4IuEHIhnphFmAjmhsdVspUdW,1645781204441606701
5IJMgTokjiy0ygloL0YWhLBZweQj91FEJWZxzNhi4fg2JRqdPN76gIecw4J55WIM,1645781204541634872
2rJ2C0iGdNHvo7YCUdIAvwkr03v3XDPa2iaCgIRKdiDQnlcIOuQHp96nAzriAGIC,1645781204641650525
xsNd8oxmUAAHtmZFeyUT7bFFa6xlKDvH5GvC2qwWz6oqsL4UJYyO7DeiHbRbpKts,1645781204741637085
Zm2bay8Z2wQsHUNZ0Jv8UZol9DMwVDm4xpgYlo7miVexxzWyIS6mzsV85s2a3pf1,1645781204841632460
cJZL7e5pAkm5hH3yh7kgzGn26nb9aG8AZhWeKZRUHBZzSbx7gfoevZgzMH7vVF52,1645781204941608909
vZgF95hQHEPhnKpU0b6t8mtU20NVDTW82AL9G2aXHxE4I1WIccBkN4DN2asG1MM2,1645781205041625043
XiBnilKxjW21WWJ69SrUX2rXahlc48cbonOWXgUGAUFeyWl7ycbTcQzC8kmAsOle,1645781205141602159
A79hlbvt38Y1eJ7ati2V71fFlQPco8EyDNdyyYrzgN1Ig8rXot0vsg8b6VDsdSpq,1645781205241626811
nSmkzcjfziweqn9dgAWYof9sALkmlXaWyLGxxyaugWWVJg6xocTcHbUQwCAfikBg,1645781205341623982
3QbyOBt2gNVx1bvpEMPTxtrr41WmkgSn61mSCdSqyym0Xhnj1BDz22q64Lsm1IZ5,1645781205441624617
JJVUuxItt4rRlcAlnLkqOYwQrnCq5jvP1QrvM9oFEfgxIri5AQtWxqwod6fgqY3r,1645781205541619066
xumJ2ZYGEFBU4uYCIRjFFf2smfZaDcP8V9RXi0nvDyNFqvR7LAMaoMRY106DaVJ5,1645781205641612496
clcJjNEuKZ98VYFohaOVwp1wn77OaORA92TqNhkhHrokQ3W7buaYibSTgXrEvHM3,1645781205741645945
JqteVcMkT8UtByynrYJZ7j2lEsx77KAOA22fcMO5UqxepvRgSiDXPDJd5EkAYtYg,1645781205841626838
tbKVviYQYT4LNT1n9EKYSb9VqtgMkC1blL6h1d5X47tRYuEh7ZDZ8M2yDiJytKZe,1645781205941597028
deJeFOBJV4l3xxi4UvbdHdZVKsRDC0rpcBRrXb93ds4apncKgDvyrUR9NsMXqBLT,1645781206041617884
KmIsLRtzJvZ7gAPNNKJCoiJ9affOpyp9i614Xs3poawUkLp6f8GRqaZODCl2AaCs,1645781206141617926
gBwC2x1qYvIGG8KtEbI59rRM1CPBlZ2RiwdkucaQXrglzzeDaxGjmg3osQxdzx3i,1645781206241619745
ueSmH1CmsqYppC0N7F4sv8glWbNWZOCT2cFHbP4RFcE3mFQsSVkNbO67zRbWplxs,1645781206341627713
OC7xZBPnldqWqEOIh6dIUiOR9xyzjvp56w2f8PSr1GLrVj8CnjTHRrjbofaVaPae,1645781206441618050
LbIR0kHzzcpUKxe7g7N8w4hjjHCJenwxMENMweKvE9NW62ck7zq23Xjmmv3OgzM2,1645781206541612907
BhN8Jh3XqP2uPeeWdTWe0FQlBR9rPTsaAFiTwkzm91gYfI2GlZukoITxjan64fhC,1645781206641620356
sNeo7bYEaCmDUpTEMLw8dP6KzrP1U6CMRq8ZPgnzsYCMLdYhyUpZttrriGqCK2Wm,1645781206741672749
qeLFK6ECcOXxz3exYSUPJME2a5Cv7jhyN0Bg4OqhmNemPHhvhCK0WX26cF1hwgdJ,1645781206841628253
gpxlDoSz94jYLPT2Zm35J39tG9aCpEUW3RHGDhDNlvt5KN5t76wQA3JOCrb253W6,1645781206941594036
SnMgSY3BRwGjHMcMQWmaZ3zktYmybI533PhVvkeMfv5uFfHf91Eh3BRwjDsITxJU,1645781207041621800
L1xGjbbOWeHjKYPRXd8amZUVkNlDI4hd3esnER9k5QSNwrpSSx2CXVhHsQTAS8oW,1645781207141612619
leHz5QhAp9WjyLBOICanhF5ZfWj8eVcP7tMAJ4J6DpqCA1YSB9GsOJP2n78Rakpi,1645781207241618457
dBsuDB1R0pbAo9b0Gpqf6GftNnIvX5d8FU0SfzreoQmbYLboARREf670tOwOTXUi,1645781207341615869
1T9fS0HFR3qzPPlXqDkUHpU9DOVfw0LxTUavTr8stypGNanClVe3L8CYXhDRfZM8,1645781207441656669
1x2Um8Mf7BvSkhcVCGYXPi4uOHJ3ofAocCIPId2PmyqWfS2rjYN6HRydiHgVuqJV,1645781207541624563
0ZsJCugzsWTXxVNe2kiHBgurvaMpPdKNDCeN7JKxnoVkHqOJa4alkUcd3xRQYlll,1645781207641608808
wQ71jRyWFRFXHbqrgPaOrB2s6RIeC2Q6SV59w4dCVshlUXa8uBWmKWeQxv48xSCN,1645781207741612646
xIUuK74nylYQG9YBI2vcXX0SS2aNVliQ3CILKK8I5hiKoET6GOgntgGMiohBXQaY,1645781207841613391
aqtsB2AEhqYV2zZJNF4FtIZZ5GjceH9F727I4GVj43E73lOOyQdphCPkR6M5NVIS,1645781207941606914
WOjYeEIgFUlIG7fEYG4DRRxsVHvslCIHa1pCF5sVaclojO0Ff2S6TPwyhpoQ17hb,1645781208041607733
6UlMYep8EauxzuDcxdiO3cLiR96TEn2LFofnQUte2lZ1gkbbOHzPtK5JSBmewmxB,1645781208141635108
acxy4oc7aA6GuipIzohr7kAZvuBrg91FjyDmmorMwvaqbP7ZCmQJXYqSS1I68JJq,1645781208241612613
FVc1JTMDOu3yI8XUvxlQVZsva8zhRJXgo9g5a0IwuJuCSReNMNlpwdkXkiCB1jqp,1645781208341585377
qWuOWAIOTDbvcDGxb1mXdV2NDEWCvK1jqt7K3QjUbIQBTe64etaFMcaXp4jiPiSD,1645781208441606659
ZXYcvF4UVSgy7m1jdbwxBWSyaBhxr7BQej0Yw52RXiPcTOL4zH29lU7KemHVtSuW,1645781208541599960
9u45x6UVns5GGPKEeKNQpUkTHzw8SoeZhgfen77YzDoGa6SERpeEHMfYKbfmOJJ5,1645781208641593742
0wjl4pJ325HaBjoaWRoolTK53zpRJ9WH5D092JB2OQcX8R6esuSbMnhPkWo1fKIj,1645781208741652894
VGsYZ1YvQBRYaXAQPd1lOiA6Fy8sGQbmfSIERq8r1XPb4azTB1FXjNdwKlnYAOKp,1645781208841613455
oa1ER75QeT0g1z8A0LfkgIe02RZAorxaSwor2sHgLHLKHTUFo9xUPcTP30XprSQH,1645781208941584496
PE8R6Q5PfQjurBAdI76ihZ5jZdYO5yeSBmrFAvdoJMiBWqmowsUdPaKwBtLEpzhy,1645781209041611075
jWEsRrglBMuhDgU9XykwW5thyCul9Zkq5wiVlOGul8awo45L0pGXs9CoJ6aSfIIl,1645781209141608635
C1GvNUp6cP2OR7iSvyzn5BcOGAovQ6gc5uXRMMXykaLBf1bazaM2kwQy6EtWIY6M,1645781209241633565
SdnnxKjfu4rY5Q62zS4jOSfSeYyx64JXf4KbO3GH65pBWvCVMECihrBJP7GUAX1n,1645781209341591033
bJOyMfDSk2cGvmjF0vyfm7zAEDeMjfAIyYGIBTjwTJAN5ua3pYjadgkstOCc1Kvx,1645781209441612074
t9F2byw4F7PKz0OmW5MAl40eSCFRXAOOHeQsaNvqSI8PIWBpZWxKaxx17CScKr0b,1645781209541610727
TPS3kNrAf0ZwUij4EgMpbJoiVGLn5JNYgpaQARYnP7juqQy24KpfcdM7sfvxwGUd,1645781209641598583
541FVa2vfknTAjUF1JsdvElnreiouCRxGSAk0AdeuO537ZG8t8moLVZC7H0zSPwg,1645781209741606662
q6OqG1S9NYAU7Qd0WNmrqJ2xb0w1QqhGu6485XFT3PxApY9Ktt9jDBemCYnaOUqG,1645781209841604074
YsPeNe7Q22brZi9QbJAoSoYcNLCjo00MrNyEz3f14Etdw03XJBKkysMJCX00V0KM,1645781209941574967
LJbLMEMOSD1OE3tVCBF84cRG7SEcQYzmpa7CmRaEfaatbROndcuhCLvJl9vAhuwX,1645781210041597360
S1hESFQ5nyyMQL83x2k9NdQ7mLHREDweCdrcrHicGezgz7ju9R1W2RbonsFz3AdD,1645781210141578180
nUqckWF0AEe8JL2Sk4wmTYYEQlDSvrfhLVJ51W3AihI10ITkKOWow22KoGmj7QQQ,1645781210241605091
viUvEV3xBLwBdOuymOkgRm0F2ly7BNW45yxHT0CeJ9qvXkrH8bxXNvmOejVn61s9,1645781210341606855
znQRmd53ktyHbpWiOTFmO081jdondewaSMzCx5FhwEyW1SEOvR8IRGJ8r7vSmr3C,1645781210441596915
C0O93dr0pnWpGiD97LRXZifQoZtYQukau6kyhZwVKQKY6VgDo7kNoOlcxe8LYswR,1645781210541603457
wePdBJ6TjO2pri2fnl0Z9m94QHPx7JM3xjf62jal8aazGad1JdbQNkUm2sj7B5B7,1645781210641617146
ooDoXlZdL7dbfGdxrCNFwq1wii4tlDyXzCLUxs8HzlsczTZqfx3cn2WTkYKVjJ0i,1645781210741603503
VLDQDLhA4Yl31KrhFtH0vnTgKo935AkYVvyhGepICaLDtAs8397zvYdDKmGPwyxQ,1645781210841597748
tu59YuPiTitMtmSutZto8U1SHGsBEpZ8hcFFVfxyNpKEbm9UM0HSVGukUkvhYTnF,1645781210941570364
50VadQYzFqDobKHvJWNokFYF0RuYshnyhGWLf5KstVhUowN7SkvC0RP0qJWjyJfg,1645781211041594683
aBzDEH58kmaYgyf8gaJgzgeo0AXwSCc2LZFaqIgb3G7jCnqtL9XLnC9nKekmoKm9,1645781211141590428
szjgINFLeN4qAshVzFonPxajZIWNbGVTGC9WaPrEmt2umiPlxEYM975jNZ4woZP4,1645781211241600581
mXaKuPWeGYY2ExmB9IXJNb0l84fuc3yMaWgStC6AicAxXu8hDeyYDyJJ0zEc2Awa,1645781211341597196
fc2Yo6gXgrSDjYswCqVNmmhnjtNj3KHguHFjLtE1ieFSC7MPwpkiaPTHIpzK7G01,1645781211441592331
YDir7wtpY8FlDc89PsszIJFa8EuFUvH08xsDuj1SrGB2qJCGC2DUJQ2Sexf7qu7w,1645781211541592372
sx8kg9AVPMYEfiSridJ14MRiH7p51vzts7dXGo2e8YqnEIdwvwwxGNgVUTaUOYLF,1645781211641600006
fzmulmWrLMeZcHWVCSTQn7wIaUkx25Cg2wYni4c3OHdyW7TgXw7K33acVKZYQlCS,1645781211741575770
fkENmqR8526a7ZGcUNuVOT7ungQBPcc4KoS6crEgrKGwrUYJqSpEtw6fdUq04Q5O,1645781211841590867
CVUnKgTByh7oBd713wExtIcUnQUrpXG10ioKPFTLwa96DH7FDJC4coYPC1E1WS3X,1645781211941567983
9prW3Lrxt135I9KTSUY4G4RS3eUa6V7FIwlLFbH7cICsRULsyruEuKexy8V2baIu,1645781212041620857
X1DkcSrCl14ATO2PFvb9FG5DMaFyBVqgV1O5SEIDDMNhkO6yJg5WwAhGjwCsQ2Yt,1645781212141586362
2uyU8GfMd03LO7JfnNBhXsyEnA6BBc4DX0ffHKzsK2Bh8TMvqWbLMZa7jeGuHI5m,1645781212241596459
JkRY2PQNPZ2X2MRss2EDbmIIQXBhpGT61te3I2OfaQDcncVdehoDT7TrceXPv0Wu,1645781212341590852
r8v79InjiyLTao7CTtNwyqmaVJ0OHWG9cBElTzUAxodXcih6c40avmBO59kNd0UF,1645781212441568264
9g1dgTldHO9u5qyhtyHmjQAmZs9AsbQzIRawuLZAkg4pV0UOwjAf8IShAZs09GzR,1645781212541582121
faLZvshdZlQ2juQgcYLkqlP0LFyUVxtAVCiR4P2b9RdsJ3WvbsfPb5NwILOoJFwm,1645781212641603384
ReDW2E7Bfj1ymYuMOXlza7utSIfjWbWxEhRGvXPaGOX0wPKIw4IXBCOdS1Lwcruo,1645781212741588704
YJ2UoP22oZ1iyL1tNHOYRmArnVoNKgAszCKmcNoOup6r95kWK83lsDddgPy058q2,1645781212841600116
JBovWbHOQLFZRx4l37VtI6WwVVuabkcutPnP04oQO1ypz0Y071uN7OJcrDATvlLp,1645781212941589064
A9CAB0YZ0UMxUtxZupw2EFc5QnYKWu9g1LoAKKiIp4FHxArs0nsE1UJPFqjlisPj,1645781213041619476
CBrUWZmLezcZ9RR9FHLEmfdzVNjDD6uNIlroLb7xahWi9wpMDBaxqDxJYeUmkO70,1645781213141565685
7zoSYtP7bwpisc23nc1bnwuMaM6IkDJqA5IjzgoYabEQDGT1sUcfQVzyr5HaHYQR,1645781213241579171
dg8cKu8uVMKjcoiSGK6fn5dd9sDQObp2FwcaqlUK5p3ibl8p3EUrK6URwfrLEeNT,1645781213341573212
ax3PiYjmLkUuVajWpCL7InYCSNXgzsAYqDxWjeI4OkyrLgN8sjF8WlKx6qd5gldW,1645781213441589883
xY1gCHla0hPLNnRFUeL0PgxTUZYAIAfFigwtvfRvMrEiefv8JH6gx29PbgZtqE7W,1645781213541607295
u3Pqgpl2g0iIdeQxvUbqWlF5RoxF14lv59jlyTlcRSu46IzzkbnHM0KlmH0nJjhM,1645781213641601725
qQ7mrrOIJGLNWKKHt7YF7qyt8wfPeMmUmrFegbuxsFKOYefRjBfq2di8YNXCjHeT,1645781213741586508
9t5nV0lLD3hliNBRWqGYRwgzJC90ToTafZM8X7TkABUqWfG2VUZuQFuhP1hrnAPT,1645781213841583346
hlbEq3zzERpi63kbXJTvXLcuNJlASBb9uBOlELkQmX8qZqP48s0fEaZZuJjKSJTM,1645781213941579239
Up5i8n6sJCis27uAyunCTLlNcSf4l8OFwUv2HzvYBbQEjLMfD8rgRa132g7mnVzh,1645781214041587651
xtjDsel4GAGxVacggRL71M811FlmjjTecCrUrbY5lm0ENas11D90aHzZVjLCSoq4,1645781214141583341
ygYnF5s0pqCAQ4CPILPqaNN56iFYU6aSk8GzB6x1x79N9LnReAFFXcIbIY9mcjFK,1645781214241579086
qTHzZCyWJ8sSTds6n5LJgbuy92jjjw3XPKVyWTTnZJG1w67hBS0r1toBtXsaTw6s,1645781214341597831
Eboj2FWcYkbSqiA088p9zdIqABPd5VTJ4G04TXe2FFS4xc43jtDiVTXfewHjRi1T,1645781214441579002
w1XQWCQmPsoNTsOCjbsE3PshL7PkpQDmPjAwtagISUdtK051ZwGcL6KfDjP07bmW,1645781214541576266
IwQ9U4RxW3oo3uqao4D9AXmLECLJl6n12CAVGZSlaGZb8PCwRP4Zwqu80GRjMCkM,1645781214641563900
OsrdSHO2WxecLqXmFZM9NEFMUe5oqo9Fgys8EE9iBnKUbpFqOZxmnC8IoB4ezBre,1645781214741583701
AhmOvv65gOZHEo5aN0KBAQRycTdZfSBpAyB5rFAWbilnUrOqrgz27QyhrZGW2SJC,1645781214841578890
OSFDhOhH6T4YIQO97N9El6vdf97hZRrvr57XTooXHs5ZJShQpocbuVCYeJDCi37a,1645781214941550395
8C7Z1t4Gl7o2ZTQNF2wAV8g8PtK6wPg4clbbefrNldQK6qhMrbUMjAU73mD0Cr2m,1645781215041571899
ceNEHCb2qzNuo2GdcizJsSQwCbuMSw82YTEqeqsUnDMbEdEoLC7CcY6o90BauJcR,1645781215141570552
lrHPf7rSJD2VoEJ8OQK0wOp4O0eGHGh05wNk2EBJQBoCP5KoTcmOybSKZ6bpKGpQ,1645781215241604130
BD8DPHWpSI2qLKcmvOAt0cEXgnMz3CNCNVPmntaD9c3SufFn4Ph20tZggwfh62uT,1645781215341573487
WHDH9nUINYlIB05FNkFNdp4HjhzpirGE6TVFHzYeVHuhF0uaiAyMx0bgfYTNPjbU,1645781215441568677
C4jR2F6XW0Cjy5KhDI1AGaov9HJW0s0AxkczzgWUghDdkXIxnH53rrz08GV68VG5,1645781215541582551
Dq4DWZfBEsmyO4tBJwDAnA9vQezW7DaL4cWY99jN1VJNXCXq8kzvs8oGklmpzM81,1645781215641550963
zcZ8lHUnkn8Gyf66P50HBmXtYIjVerWbS3iDICy3z7JvmN2AR0PckvUIDDlp2FPU,1645781215741553635
J7gZJeaGjrCUFCeeA3GuwiB9vwxwCMOTT42khd0QUAuhKWLUYaNUIYeCUZ8evW7O,1645781215841561639
ZA6Gl6eFFXvZ1G2ZqP47vgJPFR4Av9WSJcg2gJGtqBRrPTPEqTLl7e8K3ASwIyPb,1645781215941598717
Y5cCOs4C3V2SwRekszTxdbHekjb2fybD3BNQ3Ra4ucVq19at93qkd7NLoyLTuwev,1645781216041567722
82L9RuEMWjAYqlPzmEiPJ5k815bt0Eo6G8Df2RzW8A2xtSufec3xfn3erfXptMt7,1645781216141560226
U6kUWk0cs3ZlTUO74R4kD8M4lurcGihioRAI9AvzBSieu7lzYohlu3ndxcFBKur7,1645781216241557083
J1NRAGQLj9ydEjamVHWPJH0EuDQC7FHRFfqPvGieNgGbOoMr4sFN7FbzTzCYFTxS,1645781216341563532
6np24VePAs1YhLNlDc6IshIJhSruvpK2c92eeg2oZ1KEMizXK5pAk7RPZJHT6bTg,1645781216441559258
kVLPBLBiMWwiCtFUy4fjA66jNOCTzdAk8T7IoIy8mvqym5Tl76SHAY1YuBzup7cv,1645781216541548633
YjBKzASk3IipL9aTF0kOXjwRvtJi1vdZcnucxKK0d2pwAOPNMAlttfJmZcSYY47A,1645781216641576971
rzkoI4ot5bpDzFaMNKDEzU1W7T4dXAlO7WAPYwIdY8qVLPpij1wiVvFcPHDuRzHZ,1645781216741548661
TPy1MHduNTNiqDQZEKGjGTKdkVVCUkjxAhxWwaOJ3lzswNR8ifsw8AXrf218lk3v,1645781216841563239
R0PMandcWdUTytbeZRafZ7UD8VJtDMmdLBzvycVSDxtCrTqOsP1SUUdaxwTBIFob,1645781216941541392
OlVKL0nZyejn7X90u8SPc5zazRlFeXr3IMNdK8AGnr3sPAsHHIgtLeRK5AahhPkx,1645781217041558267
l6b5CjKxbLqyWiFn1weMY4fbEFIuc3rN7QQJAkFl65janyLmsz7O3mzGzIAbJ1wO,1645781217141543475
SMfc5uLBz4jn04Xr3eF5OFLNXVyoUsCuFrWImrRltAWuE4lFgyI5DdQi6NWbFiTS,1645781217241534387
a0kMpB5hLaZXcInIG5LUhmCl9jKORorzoZJblPI4zpab7NrOQDs5z4r6lBUBzJAl,1645781217341535817
tULcrbgqRGPYbEw0Rm3OpuUa4xj1Gun9M6jDhQ16eOfGcZE4KHQ9AvhEqRD6JyEf,1645781217441551581
4xqkNrq0DTEp3SrLhIUrB931YH5rFJUIHK2c9saMMoCNG1iyJAnSJrRs6XhJqCZ5,1645781217541549086
UbgeSG0m5A7JCpFTx3wEsN6wsmDhynmSOQ4of5aiDf1PSFtPGne68i21UFgQ2StP,1645781217641549812
rxBW0kEEPDbsSSFiFtoMaoL441T4RKRIFdoGL0SkE3aeWqNjj93HyMK0Nn2n7S5M,1645781217741562465
3saOs2844jjYX4FGDJW9dq71dAmicp2fhd3Yf9ahqJFNLVcZm8gPwoOZyAFYyHDf,1645781217841556507
uEBYNkDC3TZPwBwiHc5DQUkMczuaF5E7JNdf7rr9KQWEaQwr0z5PRnl2nea0jm73,1645781217941532770
AliFcXMuxq8VG2NHzQeRDPTy33wnq4oynUBN1YHwONSdNnuMBWlMvELxGHi4JW26,1645781218041554367
yDTzjit83LlO6dlH9Ue2jxzxCfzU91Y7C24uiy0kHl8OMrdTMFV3CT0N8zpGyNN8,1645781218141529705
NS06O0oflw35mfY8u2B5T9QZ6Fp4cDA0dB41BsgvmiyYLVgFXpKyykX4zN6aYFaB,1645781218241549876
QcAZUoSEURnpwR5RHNPD6wG3HMdpZByxn8XFvzUPQFDKgGlvdA7h7NlMhMCHY8EJ,1645781218341568306
FjZAj3X7GkQw0BqcMxJRK2nzPxGv6TELClVvm012lRxlanNwifL0h7z44GxAjCTt,1645781218441551311
vwnixokiDhRnSniAS3A7A8ADM7L3HpwDljtgVdOiJoUlbCu1D28MAGZWMuZdhUoR,1645781218541545908
Dh7jJUPcItLt5DsJEydMFCrb4OCkszB6eGnxkCX26rt92lQGk3bxDSWIqi2hfBnK,1645781218641550153
RYHCknCoc4yepOtXSSSduyvifvPK6AeWiuiRfsFHwDtkckF2Cid6eZnJSCeXLI33,1645781218741552473
AlUpdk4YvyIViXVvD9zsimB8xpfI6iLERo43W8bR4rxnOSgcZdUFQdOLR3dXkwjB,1645781218841545199
inCEulewcbj11Nbb13qPeCk5ENayHK705KEz5swiRdhRzG0yHoNvz71DSbBhtIhz,1645781218941530963
auwekqKAUzZRFZPULmNKrOXHygypxeoXYlBIbTS3S1UfYt7sdVASrijpMgdJKRrs,1645781219041540560
A08mSZnuYIY59fxlA7D2nvp8bSRvsIl2HrmjQabzs92znxkx4wxqrlySDNL5e46v,1645781219141525713
vscMSBJIJJI6G01Kwx8ni4DtSYx6c3zYvZsOk9e3Su7it70p47bm9mfZLcfvdcRZ,1645781219241543125
9HvuQZvqS3YL8X8CejylUbLpCyipbAMkPHcqpYeFZBahiirKQn5uOOhYNPOwXkex,1645781219341529481
0HlnnN2KYczEIqWidaazyFYLduF8eu5cBoPwAREi3DxK1R2c1bZ0q7JTzZccTfEc,1645781219441541448
SeYc3mI5xDPyfPYg07epDyGCVsoyW3Ywf4Wiomnl0AhdaFHaKwPXsgkNWYJ0ZruC,1645781219541551879
vQtjBeS9p9mPM1zgxNEn1wAVSRU0IOCBn5uyiM7XTrwpstUoEgbDckj2BD2SZDdM,1645781219641560253
IWIysNVKCP75HbtVFSjpCQsMbsoA5PVMvlKm9o6LDDOUnFy0ifqs5gCeY0oeOH0J,1645781219741603980
3K5C89VKLum69k6pNwiQcs4BttnFAnYB5cNCjrW4jIAq1HgOBMpoErx5ikIrVr2a,1645781219841649466
RQmAFGFyZNmacSwomjazbX2JFLAiADIbb3joJwkqKWOwxLkj2Igbnjt243iCEznn,1645781219941559452
2UZJRJAjqYfnrOUsgBTUsMUuOB6aArMALvTkFbT389oxVIp9RJbJf4B3FHcP6yXS,1645781220041557957
tyC6ae9gnxbGERNfkzxN38PGO1fUzAuq85xgj6MU2yiGN5v54qQ5zpLLoynl8icH,1645781220141553572
lXxUdIwdEetbjnemd4rasDvgBhQKP0Z8XWc8mWm0AfZtSDf4GVe8iYorFC9cCikj,1645781220241552114
DKsxqey0HVrkhVox0Q5gyrVD4fnGLXyYrqWfSSfjvVTc0FZygeccU7oYmbm89key,1645781220341545526
a8e2YHmUmD6kReg5GIhkQVIA55GEnvAO1mOY480oM6ZliFqzWVjwz0643NGqGQEF,1645781220441527475
DbnFjn33saoaqcXM8HG7FMBIhP8xnLB0wyDdkHharV8f6gzEvDJAYSQFrYBerMdn,1645781220541524164
IqR058avbjYfNWtIjCQHeqVTMe8E0j1GZQHdWpY6W6ltad9KnZZQN2tkg1yeixvI,1645781220641528317
OAvsxRyUVkN6NVOA4vaQySAeR6HA1CQPKLGHkEjFw5JHahQcby2XQA9sGQ0IaQfu,1645781220741548210
lvAT8ti4w0KWfk9Gi9n7KxxYLxowNUo6NyZTqFWmFqHtaO9GVvNpqIMBFA5ccuiy,1645781220841546437
qFReVxPingbL2jaXcxLSEhbTph6QZmOP0p4TlTBY7ls9SSe4NzUbe55Sk9sJtGht,1645781220941521886
3jMmCWJHHBOjb2ly0FYcKd43kuKd81VCkpyuLHBaQXH1Y2yYHW8a9Ddr7vSGxvQf,1645781221041564390
lMa4cjf0Fu2nx0JCWRmdeNSkJuyEqMrbgPfI7IJMDJ98JSKnr5OUSqCjkAvYUn7A,1645781221141543969
ClTJ3kdE3mMKCh52mRWCHiuzqpYKadUlOv4QdiegSzyde1fOSBajrShhGD1qqVbD,1645781221241524010
Ped2KFhkCdNqf0E79np0FUhThgKVAtiZVJbpXGajuvaZwme5ZR4ntjGaQY4aQk9v,1645781221341522552
4ilbzJKrEsOAf0ECSGzJzEsPkwxAg64inpJk6cbKUxT7xfKNvHhsVZIEVFO9KQs5,1645781221441537667
D9pJjOeCL5JGkdedvLVOulcN1zWJPMMbUBuDXWPqbh6JIiwB3SYvDAIC7nTV9p6d,1645781221541538746
yypTVCJ4rOOA6KJ8kr3y0K877caEPgqOffr8p9ChVYpZt8hb0jX03g58GgMfKC1z,1645781221641537917
pr5f0GKTo92fHiHFPoDSSHYixsMH5NFsCIVCYpdNwg2EOHRn6dDWujFrbZ6euJV7,1645781221741548681
c0H8ovVkbWwxlOip1tMvcZkB8oq28L9iJRq7MKsvooqZAWP9Pl2zKm8SZySfHcNZ,1645781221841578389
1BgLVWEJL4tTaGdx1fwJQ4jx1BcGlxpk8U5e0HvJLmnv2Oq11mIPp1MoBw4utsd2,1645781221941528301
MgeMyZeJKPDMn3MmoeCbeWPnTRfMJIOfz00xYcGs1RCmVYYHBisnFHaiiF22YPfV,1645781222041542472
PdSxDipE80ybYVshDkUQz26hG9hoYLJvwjtAPgMXgL8Dq0s3iNShNYNdh2PDLi9I,1645781222141518588
P0QpemML7VWxTOzAjRr7zCkfDAqYqxoGxE5c1Pv6sR2Mn1WXQLeNWO0jWrHNo6dk,1645781222241542277
IgMJ5FOygQIRRoyp7cCdzDKV4csqgTay9uGD9cBn2TFRFDGKoQyndIGfs7UWa4Ti,1645781222341587948
zhv8J4wLXBmkM04AQ2x2JCf9J9gtC9ZBqUH7WBS3KCnhAqrYsna9zEJGNx9Z4hiu,1645781222441546434
90zgBPhWbTBjJ0HBnqJk4a0PX8xbpdTwbQclpKFOnQ76QMFCCWwE6vcb3XAqAbkm,1645781222541553013
1NXofmCQCJUaghmqEh3IcfsdC0RKcB6bWbQBNcZXu36YlsOxZRF947mE6DZiPdHt,1645781222641538702
Ff5aGe6AgCiR24OaUbjYhWlnhIT4vky8O1jednoJxUizY4X0gHXNlI8QabVTJRch,1645781222741540244
SLL567N3b508AY6qpdBYvJyTsTx9sZrKsAOyGlzpqzvyX2oMfxuZEr24IzEBW3VO,1645781222841537100
DrKRcJHRJCPqECBs73RMuRQDReOvhrKtjcKJwZiDk63wICoPGDj8fAJ4mhzUXHLE,1645781222941512679
udVoDE1xK2taDgxRthZYrtcdYa55rQHj2nVFzWAJX1rkho9ZVi7MZiy8G1B7STpS,1645781223041533387
EKhDprUMsL4Y9B7ftCzRsvZ8xiEN93pNNWaAL2UBNYjXhoAb172t3Z00HENRFCma,1645781223141535484
gNl1NFClmuGTiQ2hX4ZabZYtlvI054alPLknbvWNpmoVArBftkGVHmM2ie2ngcX6,1645781223241531600
yHrXCNsz9gVHVgwPOCufxGhfshQYJxcFDRkPocPvHsCmW9BsJ3XGHCt9tIgADGQQ,1645781223341534030
iAqWlDQ25amZhwR1zwFH87OzP49cLZ33irXT2vV5WFeDB3CBzQQ5Vo4urDUAnVDV,1645781223441531108
KiwMcPR6e3Hq6Uz5sPANBCF0QhABBLeV4aqezHkdL1RPTQTJnbexorxEZ8PiT3DV,1645781223541527002
d39aJtBctd1M1Ugp6KkuCh6jpVRHWem7guhxnsZgTY1V1hI7z2zBj3uXWLo2ya7c,1645781223641510988
UoXGe6u8ctddatiavhjeic9EvxErWLTy90Cm47uhyVIZO17HgotPQ3dM0sDUDfTL,1645781223741549048
df7gkzLjUdGqeL7L9yia1Lu0B5UNiviKbn0JmJ2EuG4Xb9ql7YJ7rB73GZQxV6H6,1645781223841507645
tFPdWQrQgtxG2n17LIEBTJEhtccOgrUX6rAaF11uuwAui9z1RECsXQZQ0Cog1GD8,1645781223941544501
6LgLMfFEcN6KW6LvIYnpwLExV2bWHncN8JiVywhYHmqosCjAiVxcqBXJC9pTwSo4,1645781224041528746
jWXhQDEiz4UrEBzwgwZU64nIDdj93XCm1jRSwf8tickwlhrScOuiSiygJhnMCz6D,1645781224141510807
hVdbBlVrLDn7veXV2RDV799Qqwk2uqDZMr8VadMup7zimUDmvQH3ZORNJCND0YkK,1645781224241526496
PsnyU9qJFn11HEnAc3B9PdWinrvnPd6nWtj01ZJGMIHbW2l83xFTYl9La56ziCmC,1645781224341533889
4VC52TLMlaxFahLcca3ALCTtFXtwkd8m7Jr9kCUWkPjI65uifxqz8JsNrjJZNQLU,1645781224441526801
jCbTM3x4ThMXkHGPC6MKQFgFyzoJN9n6JNYdQThr83PqIfGVjan7pTMmR85oHrtY,1645781224541526324
EPBcqsUzurpCU3fDeRJRsfDJmH618zaKMjwCcOBUFzeh0IvejE4brHtbWzdewDwI,1645781224641521292
wrUWFeyTbdAbt3EcFIB5X2g4zJgtUdBPUethIs8rTJSMKewYw5dS8JU5bAz5n8SF,1645781224741524056
mMx2C5tfMKzhyvFtyqJ47nAix7mjFEw2Yt2kxuPJEOyAHB1G1KK97Sp3ZZknogpM,1645781224841524116
Yp5VjUoxrn66w7KwSd3X3sadSIQEzDYX2d2k6ohvZnzWtKSLvVsyLRZljxxgAWBB,1645781224941506139
7DvB0a4ZM43FMVaFyQDIpn3Xk1DtVP2aaxmaVo8rqB6CfeRb3dtsQxP8yb1R031Y,1645781225041529624
yn7UaFJQOOd302f3fYu3THAPs9qqBsN9dUbDhtc5HF7FFkHtG9ukQ47HEy5NoSUP,1645781225141520351
u6bZxDfCQmRdUgWkpRUETcVfYY2KzXjrbIRWV6itq7XKo32bSVpu5IXdpavo5cfe,1645781225241503059
v4AOAqIyvpGjqJJHo89tPgUEGP0J1dvui3JqtZppM3WCKpR6waxJFRXToXno8iiq,1645781225341527341
mzhdYUQuXx5skUwg5uzKJUn8zYu8Fayzada8713fy6ViaRNdJKvdphjmFduSDrRn,1645781225441526661
U2ua1vFz1ifb70DRL848pnu3QnVdcvP4vJewErtDZWmhXz8q8AyvxqyNbSyBLLGE,1645781225541509091
es8qiz3HVqw2n2svCop7dnUEDRQYkekNUsDCrFSL3MNqPEkZ2ZhdK9sYYG4JspgM,1645781225641553892
frZV6zq7LByiPgIQFx3X6t5f98wzvcMYTt3YsrfD3bwQHCoU9q2Dj5qrDmq6OAfq,1645781225741525230
1iOtY35bdzzu9oNIeNVLSMAe6zkV7PJ96h2ei5FL2CEB0bRcyvwOF42L3nq9C9IG,1645781225841498586
oIuXM7qOK4aId1vZupy9t0VvlJ4yRKEFc7kyEbLWdtpHuiqpXmwQnRJYlLUCfhPG,1645781225941495646
mAC0lXXMQKdJ2S6ZE2xzUFWDayPGdoWPwiOfEv2eDfxF51mK4hHWwnjXk6lNsFnp,1645781226041498299
vBU94WoFAjUDjGXnvnHsYyNI48ewNPjIaCQcgErqvJ4eXZPSKeKtcf9gnnb8CIPk,1645781226141499137
UpKB19zwS1ZzZwQrbikDOss9dRIojhYCUrLV0IPTKyQrvoiUXRhvJX4wwKiezHqT,1645781226241519067
6By6TMXlKwaDkJfHkLA1sDvnXeRXtH0zQx3rHZbZVBlDUQVCldBcq7POjqta5rXV,1645781226341573701
maK37vdc7OqZoJmYwvAl2X9jN2JStqvgPDhW9K7EivnVEX38TBtTi0B30UTsJOWg,1645781226441523353
bDCiWHwCCkhOFiXirOAXNLaLn3D6Phk1vvhRCebPMHnbzIIpfSM0nxLa0ZfQEPP9,1645781226541516321
K6YViAs4RfeOwwBZOYX9TshTPKreiEl0JKVzSN4r1gDvcPSyxz7QrmrH7htptepA,1645781226641510400
wJAMgCDfsPaUo2Qj1X7rHy6MdzBXbzhYIpuw16ctVCLHDl0EG75Y3Buf84Ck1rGH,1645781226741524256
f8DgEnYhytyBdwNt1RP5cIijKsTLjjcMrn34bbjZSgi5c5zcWMf7eNqwFJHw0rJp,1645781226841503279
fMrEvbnNHVRrYOT5k6CNT2JiJZfHQw43GwHBX2WmVxd4L574BJPfJgLaFypeuth8,1645781226941494950
pxJKxo4TliV5lc7utWXCCtkSpZ4iQjqEg8Ycwd5hJYk2Arw3NUDaLv08U4qsnf6S,1645781227041516788
nd4jG7OXf7XnyToKv1sEusNMuBEfoL5by9ICGhjtoGgkhU2bTupNkAjcKyI8HNiF,1645781227141509515
V0Pjf6dTKHC1kEaD7QbrYIUqEkxV5fiaf7KLDvmXCwXwB78GVh74zZsCJphPUOx8,1645781227241516945
VHThADELAjFJrNZK4eM2EFEV4tuXHsfl78SIJebTOqkDCJXEwuGA9SfBMYibONMV,1645781227341510394
TolnRMEpBz0NGXbCPqKYIyicWQCumYNFL90mTFZeCZzS4bdURx2hviIP9UJv2f8L,1645781227441515620
m97FMesYDpyIQbmpXmVQVnqcH9VHmbdYiim4NcaYRZoq8YffLA6ovwOC3tUqU5MD,1645781227541511088
l8F6kqfCNT0V0f9LoD7j7VuAMOyoRJzCRFJA3wKQNKvNx2glFlTMENVajRNAkMKC,1645781227641540148
ZbKcXe2tywGvwxfCi8WxT1VCTsKBDcLmEfNjJNcFHtBEoqOUwuPPwtbNltYwVujh,1645781227741515615
Z4RtR38jwHvi5JD1DaQ9TzWFq59Mzq3WuUNMWU3Qly9rFKqSuFcOE6b39kP6bQdT,1645781227841527509
t0pPUqnGmw51GvU9A4XNA8QKqnQRB1v42iRUXDiJ9nJOhlXpp2Cx8aFyNeOXfHZf,1645781227941529624
x1ASCsmLe3hLoCAdELYMvoJHSfo5wNlrMvKYl4sP7ZktmtUyE2J9oaOEFCK9Y30s,1645781228041514869
wIRhMH7RqpKaioXupo4dOQsddCk9Fi1B1QqNhvpWl74RwbMjPOMnoEOPO8YbrYkq,1645781228141506448
ybDgW0AF8Eh2q3lDP5zDILdgS9GHhy7eXKI2JSHRgwRUxAgMFfaX0BCSIQjyOqcw,1645781228241507971
9uySKDr0AGT7Q9Ufo2BmBNDRnwP9lz3st1IBF9CNNdSnmwQYwbI5wVXhQurBuu1l,1645781228341553975
uJx7S7UpkwaUr02lcIpYoKGEE5N6zOqrhny7sSuaNU4EU4x4MmbA6pMJujPr7Fjo,1645781228441517072
0hts8nQVHUhkWcotPN1TCMm45AwBPfxOKrEScfvu7aceDOVcmU3yqq1uyx3La0ju,1645781228541495836
pwLSbGKirwK2Kpc4Kf18T22Rz5nX4URtQkJz1diqX2sqqUu87tGbvH0sKlPOEpGe,1645781228641509063
ZZeYBKOiKEYAgRImKXLEoL685UVJJlvqIZPTrnAC0gKe7dQQ8leu5i0ACVRTEMKX,1645781228741513493
ujylU8vSpG7urXKzHwtKftUpNtJbDb67K5rmBmFy2MttrBq68hQlZsawlrVzSc4m,1645781228841550423
fvZqgmpg8gYxrO4x4SidLJX6A23bc6NHzu6fetMkZuiOGkMKC4vXLScUVd57jQNj,1645781228941493058
LRMzKikraQDp8Z9Kc5qxVQP01U6jvRQEsmBATt11JCqRmykM1YHWwhVxBbg406Iq,1645781229041510673
rU0KNzJfBA6v8oH9KZfGGAEPjsUhxmXoEX6cUPHgXLZf8rmSOSjcav1InVziGXUU,1645781229141486844
2a4XyJBVdi9lZvDxLuZwpZEb2BHIgmljKpEI7Nmk5vVdqgYCZ86MfIvhTDyAzjrJ,1645781229241487719
W3adQMNTHq65VfF4lLQQbK73X5DWm2nJ5NuTjGwy634ZiHdRb2rCMwFr0QNmSA3V,1645781229341488427
WyyFEvEIyGseVT56TuJpqWgqx1bNAetgaptmk73gLvIpMNvqHCf6jKueJVzT8q7g,1645781229441508506
g1TQ6U5QPNFllAb0LF44XzgoSdIaUNFAOiYVCdvZ1AIkIsid5nfakJOCxelR20ZQ,1645781229541506473
g7vqloPkwfUFVAsaxWAhpZsmDdBDdkeHsX7bKUJG9lVfvMDrqMYfvOQ61bKcMwtC,1645781229641478052
R0nlS62cpVFkpQbfm8JfWjmWK46gyysPwdBPhBzWeCFUcq7PyQ4T9oxUq38o1zCy,1645781229741502779
cLLIUKm8W1c8siVo8aFGMCkDGqzFp9BQUWiyqU7MUhTMNy8WWOmtaU4oK348BDYf,1645781229841485468
kEcYghvAOMUkKdGr10iZSmOknQsydOeLaEuFvnPH9s1RVFGUFy3fkPQWpGURf6kD,1645781229941482676
KeSFPqXWiYyBoEd1Beht47PrNuG001CLdea3S5Z8eVJQiuRtZ6mbDAQZ4hX2ghNJ,1645781230041505699
MwKm1svdNC137TueXfFjpfGtKnt0VHIpBcZASUmofnrmEkOmPbVEEl5ZWyXzDpoO,1645781230141474889
QOXsqJgV6WFLGb7dCarRLu0rsXr4LdQlzxboGGHNkXg08lbJLSkgMiVCDKEYwfHv,1645781230241498301
cthr7zErWspcdQvyqdcAL7MZQZ5MENHqEzhLwtCSlz2MPwKFZwPt2jSSIVoWs3L6,1645781230341515898
00RwsbMbaPyzJGCsDbjDJBfbhR6XUPeVP3PFdmrD9pBS5LIGv2TEB6nqXtO2I0Vg,1645781230441502402
1sveekqnXzDbKWrDWJRhPFWv6svNsO1rGwUvfIgCFsnXMdlsuCXHP3CUv7plVqbm,1645781230541490796
k5fPLJcaBN7XysPs3vASyMusSjbxZChKFKhaeHApfGLb8kUBdcccyWSOE3KnE15T,1645781230641495059
Mn4y2ClfS6HZplkSNK2JrUi5W0qk1uDLhFHhQ3Nq9ePwNAPiSRzJufMQfBAf5L0k,1645781230741471656
bIRzJopQQFNlNmTpBT736RTmcbRfxPPWfrVydKP2ZknwUHkfirhmIAYvmzahNyD2,1645781230841476679
ngzO0OQY8EScTCF93wvM5UFpRnWmjhpWNovLAJtGXMqyY37ay1u3T7qssKfc1S8M,1645781230941473406
G1hOLZcqvSpRVuzTvtUOyKHrcuTbMZxaZdyuAai30XUTQSvJLPiKix9IpcuB9rli,1645781231041497762
ShccFLfFq8gGabatzGBfBKx0ur94hsm9ZNkmgP1WVhl5HJxGX8vgRseLinPPfCWC,1645781231141488674
ZGyFexj9cSDtlA7GI2whta3ZLSyycUA9l6MP36YgWjXGtfWAfRrWzu5LL3JxWS7H,1645781231241492475
YTeaXAG4ulInQov4FnaDfgY0hpwDF3SoU6O0Hc29NKwm6sqKdOXI43HksDx8GQui,1645781231341494090
UGglqguB0pv5flPIAwYCxpwp2svGInxm1dWrKO1IDwNqgk8qef0bUxPXpKl56ip7,1645781231441489669
MLxeiwuvsGmY0sMfXNE0IdX5wGA2zx7JH4vz0psr5eP4Vkh07v0PZVSVmcVlZc2o,1645781231541536821
fxndmgUqIsuncbohUm43IWW461ndcpSHmFuWvNMEFEzpnlWIYaJo6qsCpdnRSFgC,1645781231641506067
VZiOw5aBHay5JUNr2gf8UVII65jYJOkoxRCtUn2lL0qeSBUUs7aKbqchtKGCiy0f,1645781231741492256
PBWtwWfFWTrwfLQVT0p4qSjjmzuSws7J3bDx7qAbH2XwNxPovFqlfaSPXMrTFwlG,1645781231841509983
XyCcmMD3OiykdNWYaNHFvjeS4VuJRfXwbjYL4jOQRKA4ghcG2tWxb8NfeHw3uT0V,1645781231941473691
BWqFGDfhVomBTMSVGwQp4nUg3OixrgR0CFDSSrAwfu76EXbSTzHWmjAp7slxYCxl,1645781232041486603
RBBs2JofDvlQRKsuJAO3tZr1Rcy0mtjB4u34EpjPjSpAmi43qT5j0uiRWePGY8Ra,1645781232141485534
1TfDIMc1pQ9Z6CbwdeddYM420UIWah7bAmmR6PQtnaRtm2nPgQ2Ek4EjYWF7BKgK,1645781232241488779
4TlBqB4djTUVVFs9duLOxZ5V3IaFdHZhkIqaTtBBMdeqsXzVPJtMqwquFQ7qfgVP,1645781232341490968
yKxPD6aXjFNbkL79eyUUvKM8kTwO9Rn5ljTwn1UXEr6yAD6oAaH3ud9c750EUmIG,1645781232441480788
TlAGmel1Usxe53RDdgGVJP6OS6bxqtBJcLYMyJNSBJ4FMTSy9hTR6ZnXeOUSFfkr,1645781232541480755
0IEwZZMlsRyDsQB27cRCAEjmbBEqqygoEsjoR5XIWVTNtePzEo9O2q8d1NSpJ6bW,1645781232641474167
yKKNQrduK6HDieCxSLJVBS6AnWz6cbcavuwLjZG3gVFOARJcld5u3A5qg4uHfXpZ,1645781232741496542
Plu9L8AzcPLmpfMaGQUJaZ9Ec3VHYJoy4h5NnFMPdgBSLW0bwSsW01ic2CrbVgXZ,1645781232841515638
NcvApFaSvjsGFspBLhfLgOvjamI3SpcnPVyClWfgFVvTOkchQI06evnCf5F8spvH,1645781232941474884
LrU4N7kdcf6yOidmydscWemCj1KcpDrA5JESOw3za7xwqbimCYNjC9vu9DWyQL6T,1645781233041503166
dIu1Ex0m5witVOfhx0O7AJ1HUXFtrJMUbGTnCUaFOG8tflYamxhuEjBjEOc5hwXI,1645781233141483226
B13NTbcrsiiVTE5D9m5OVG5kehnJbLbmMf9nEjc6RIbtWe6gRA2wQ7e3mSMNlwA5,1645781233241485157
ZHsn1UsSmRLG6QwXayRy361pWMDHILMpcEcdgU4QwPg0nbXNXyKb2LOYfZnvu9kX,1645781233341483698
LN81pCPja4jNfEjAB3jDM8k2hXxchi723F2qQPa0THN6W4Hh7ysU6cWoAROp9TpA,1645781233441480369
ip16Fb6gqSnMW21c0u65Ware1FT9iHJO6KVLtZ0kzl4Wn68l0CqUmh9luauarExy,1645781233541483707
WQHQzF8z0CTnIZXGlLlV1sGvSBUKNRGtrVJqlRnlcEXun29WNu1OmGIEPmWmBkf2,1645781233641480804
Gxq1MekwsHreJ08fs81cOJqn3LXE5AGJ77ISj3OZIDBaBKF1SGdqYSbbn6oqG4AM,1645781233741480956
9QoqTAQkMbKVtXXLlA9HairNofC5jKRrkDhEL5yffGBYlguUo1mPkdmYIwdzG2o1,1645781233841459220
DWDZZ9EEPPn83fcseOHO11vHyWFEZ3DmZQJ9ZYLwv64zlfrQ36m37hI3EXGlbTX8,1645781233941476817
urHRNbOIhQFR54r7Ab8GJQJVyZGX3lfvcvMxWiED7TeCWTHg3PwMoEpkn5HqqwlR,1645781234041487118
p6OLmaXt296YdNCel70ZLpJ8saxgUg7KmUdX2AQ4KWcvsnZbuXADKRLAzGqTxwlh,1645781234141455956
QPESZfVr97kzsHYmoix67HG6X7aS3JARiMrGzM77Ss6I9f3wL02RHHXpO5FPPPo7,1645781234241457423
kfNj0ToQJtiQWlKrmNI1coq0t4NGTBOBojtoAhETavs6gCwQXCS90G9uKUAmfWxU,1645781234341501131
EqGOWTq6OiB2u7TQJtZI9hASBIErp9J1yZNS2DYOthRmosC6jlOqSYIeqUTdckca,1645781234441482154
J02KBYi5G7p2z16ikUZB0pnpIEQuy3SH1SZCyIFEN2FL1L1moavoOibgw2au3092,1645781234541460437
SjEQzSdMUshUBjGzH9mdrNJlNrdOrmQJTdiS5LpXBUzKDDKTM46DRQwnFZB7McOp,1645781234641480386
F6GIP3nYXntj0BCNFIYegVRw2d1MDNAQSQgpTTO0EFhFQtafA6JoZjicKjyX58vX,1645781234741482020
WbMz2iyHxfWNX40hAITk1CKLtIqyPlTtKqrMWndUQ7pxBqcK8629IMS9cG8z1btL,1645781234841487431
PkfwXJOxODta3Vs9ZuGpGgzqw5qxghG4Ru0wDMrbZi9bC1iltzZ7fYycdmXHTmLs,1645781234941453343
gJmrdbQDKamUZUFTTmY7IWhtGCBjyUbcmLTPxsaFSMjzrwQIjzN1T4vkH4RDW1oI,1645781235041480718
MFiJ7GYXdHXSCvkvu6uMAp4PrVbOWPgreM8kdfHEuog6kO1cUwwdj00ZUbx0ybpb,1645781235141467982
wyLZdclXPRc7pdhIXevFeto8Tj7RKu0GsLnTwYzJxbQnC73ijwxOpjUISbimUi1M,1645781235241452820
2moyJnHGMf1Wm4EW09sosM6Kwm5QV4kXqYT9JkOdNPA9UOdSYVGOqLhk5k8Yos3c,1645781235341450176
PWkiE8MbXUjzsMQOqelexSO3CWb0MfalBKSOQmzwGgt63JVrwEVtgrwsLWqhBORK,1645781235441518513
jti7fg3vMxzNESEAgh2MWyCpS2XdRyw8peDSIFNdAK0OnDXTsZqPV0Cy1jZQfVYS,1645781235541477296
8juQyF38a2VNF2q5ZeS2dfyeMY421aS9JNYIcZOCZtXotMsQyKTbzRFKxJKzrm6B,1645781235641462097
9cRkCnulhSYYmOzkiSMgrZ0prKmi4srEVIyf6sOlIuJ4IIn1i7fagdPVvBEz13DU,1645781235741477508
M99Q0W9GQSLjj8iRFNztyMPtVbsXe4zyB9M9fVQ5wlmdrU24p2vnMIestXNWZMSk,1645781235841456383
Tnu8IICC1ypsRsuGsp2E6g6xDRTkouTHhLOxdaAeWxWvnOCdBCsHswF4OgoAaHRF,1645781235941448332
apDDNLrsILn4jxht9XA2SN4q4sye8PsiD5uYQlQg7Cio9QfHvqHNBLBFD9sJZk0k,1645781236041465077
puIDdhritaV0yAHtyYHAtSP5cHM9zMrmE9zsopahP5gLExECUTMLukOW1ldz5UlK,1645781236141464730
blAOYi3vmjG0fSC7wZSqHrKIavFdN1vwk5KIoODa7TaktkrpHIdY7vphq4KD5GAp,1645781236241447197
JU75qIdwlBgdwYQDq4kxxZcoduzh87WSacXQuBMeM3HGZhSNjCIfluTMoQ3xYYN8,1645781236341453109
AuW23tgOuveRb6oIG6x10QMmpNhNt4T1zz40qiOie39F7xXO1VNzthmg5T1yYU0V,1645781236441471910
S2VGkuzMv6Z047M3ak3RPp8UG7RocPH2RnI9fFWYM5YOAvRidS82HEVWLuIvHaxi,1645781236541463711
NEp0TLYnP49ZxZGa1ObHc4nvw5rDdoty0iyS2UFRZNyWwC5xaeEAgz4c3vpghifi,1645781236641464289
OdAQ8Npfkm9gyEeXqqhWoj8revXMbC20qCOwZEbIykywxaTlP9IDsO4VIbrtortc,1645781236741469053
3GWaS5sQnpKkPoUovm1l85GQf5ITwB3zPZYrcOFPDa8dOcPHMR2UUJt9MBaJKbGk,1645781236841465076
AmZkBpAOPI1luR2Eq2iIJZQgk0x5cDnk0KVB9dXWvZHnyH1mIh4bHUFzTC23OplM,1645781236941442358
AEVHr2okb3XXJWHbEMCToQSFcVI0I4MQIri8uUsTVQzouGN8aYbPy2caXvZpxtED,1645781237041464696
lwLdOC4ta3gUI1dsZCFXCs6jldXgWltHfDs1PvszyYREY277DKdPAh9vKeZqNT62,1645781237141458237
ey31ttyqSP2yS95fSg2cNBWhn5YAWeA8aB9S55GVVITvQWYsDaSakwIX0ogUQody,1645781237241438094
0kQ3qgYJxzENVmDiKdH4aXaYLE0j2dh0M83AmZThYh44RFklt1oRWOxrcxYeZGfv,1645781237341446506
Mg56GYomDsoc8ZLzY9Q5VNu7KTktjNm33p9HLx4Yos8uPUtwdHz9etEwKwo1JY4L,1645781237441463288
OEaj9eIxVOpssimWzldbfpWxmKz5s3OGFzyNbEI4c8xVqjzoTaN6Pt3BB2H24dGH,1645781237541474440
cEeESxG55BYttXfM71SUuVg6Wv8aYOrBbUN3Pb6SneLg9z0E0SjsvPwRI41qRrz0,1645781237641478204
JK3iw8AjmTNuSN6QppJiCFAUI9JhyGhHbizVq7EbbZT1uZQjPhPZwZ2CjJrhZWxA,1645781237741462394
Fuf32rebO7cIh0z4hPbcydofweNUAKePEITE95pWBQosQou8DTkB5Wr1ACVLU8ig,1645781237841463139
QBvXFi3Q8qGZeAfrbP0gvpg4z9PTH78fH1BWjCwq2CNeK2VvPUaIHGMHPjifrqK6,1645781237941432310
rTaZgWPggmLymorBGRTYhon5XVkMM4SBW2iCW7qArB8byymEPEm50ZAX3usNwKYS,1645781238041432148
LHcpMT0Cc6na4YpSmZXk7fHAX9XRS3ulIUadvYpYfa8h8v9sTecaJsio1DGRG8AX,1645781238141452541
cjAYHx4uXCcg6lYZO99h1pU02kSIsanSJxybu2VSD56HpeqDlxsmmMno4D4wnsN7,1645781238241453082
nJgiM98XFEo2qcFcZ5MJS95UK9R8zmDn5rTP0ZuDlgFZIS9pWW8wdDQyLp4KbH5f,1645781238341450235
8Y265xKqdXQwyZlU5sQj5qfQgjjFyou6LvAQsUHT0hNwE7QIzo14eeTINCYL0QPL,1645781238441460869
LZkB21f2g2yu9MC8ABBmpc5AobVmzu6LSqWUp9UVCSNJmaQwjbgXBlhzKBjK3pfV,1645781238541447837
d9xSJRxTrLmdtCXalE7uzntIybczOFV2OSSfuO6jhrNY1u8n6Eh61ZOx8ywWDPWZ,1645781238641445211
qxFiLJR2AoaChixnucrv9DqHBlmMAGwyD9gYS8abu8nZpiLjKCdSOTjXETsNkoLx,1645781238741473993
v2UN82w0Bja0Pvjk5MCRotx0LpN3dh0YhStpVqpgXNexGLfMiplUgiU1Xs48X3eE,1645781238841457998
VW3yMqcrEEmSaRmGEYkvEEum4zsb0XpT3qSNh2EtHzLrQ67depYs1Sc6PVfP0Tr3,1645781238941469113
JHOyJapaZ9PyFUbtJ7jJZMPxp2KpVBqnSElmoZKOiiKxAvoS2VlZp8UeApRe0HRR,1645781239041453025
TABIjTeRByMMr8oreXOTft6pgXRens5G1GWkiAAt6UDvdzmHUBi92mxiKOM5FQJG,1645781239141432567
eqyMy8E3bPyEPjTrsB1uwyaGKwJZKcnzSmLPsZSTzQhM98D1IEtEATSVOl2iNqho,1645781239241442423
a3BQcduZ1ZvBi7A0J4CUXextPxcklJWLKhmvKeUMDOVtVfrmh3GDhB649gpuyJEI,1645781239341817611
1yBJcgdn26hVmYHRaWeHhjMoP9jLSveRtpjVTMITTxyDUEc4kHLRyfGLmxhDsJej,1645781239441479284
6NEaiU19Q0MuEyywDHL9vZThWAuMRX5XsH5ak7jA532H00DBFYJA8mqcwizNF2s6,1645781239541433881
Iyg25OA8PCPPAcZPAsYGeMtY4qtIslO8h28mQIuqSHDctm02cWIEqBms1d8sNWy4,1645781239641438774
X7rvNjjq1xQshOuIsDWiMHZMuhCHCAMjHBefsOTrJrk0GcG6nnpA4MUw3gCFqYy6,1645781239741420371
hblZxCPG39EJjVOXGBhKX9EapQqdwmjdLUBIeYWihlzQENvUYam5j0eYPSCLEvxY,1645781239841443728
O6q2eLiJ6ihI3dmcDYfxWJTvlfFyZAWvGKxufeBjMs1PVlzhJfeow7hilwgK4AFK,1645781239941417917
SAC6oNn8GpWjYVQs84e5ALntGRBKZOdzYp5LDtRRgxAETb4bdggl2RcGqnaPBDPi,1645781240041418903
1S1ELSdzQnCrMESyv7hvYKBP7lmHxBzyeyAxQnvqY5htJ8pCFU7loI8u4vBz48xi,1645781240141442815
67eUsXLOc0Ht646LZD5LWDFY8OXDUStYXV3P0MnaK3UR5YkelpyF3Dl9aIK2iCbF,1645781240241425005
fcegyQGIRijUGS72H5FIG1QqHit0uSFY4sE2GSIf909PSGPhJf0aeQOt8Ht1h7Zl,1645781240341436935
xllBB4qK4xiUC7BVkB3OZSGgh9fPEEA9xwK608P247WGEhjxrnLOFb4ujjJvvU3q,1645781240441431236
ONxMUKOYRsofXVcMIwlVVpQCXj6QB9HZUCvyWHWx7KafoBz65kaYY0j5hnTtwkQQ,1645781240541451370
uKNOZtLhCuK03J664ecaeLdM86D2pbRjvo8ThR8rJSrKjwOla1LDKyXT3kTsJuZD,1645781240641453781
gfgO5oFME5hx15jZ64mP1Js41JuLERWs7CGAyUWCXD9WHq5Lvqku9aw9uqS6HyyM,1645781240741442323
8DW6f3GCEPiTGlp9bX3j6xq0nI42E0PMBvQqyg0B3geHSRO1zPk5Ma39q5C45ZOF,1645781240841432828
Um3RQ4cUiGj8i8AfVsksRlzHq9Ktig8DTCctEELwS358BDne5VWWEUm4d4wMk4XD,1645781240941397462
E95SLONnRSwadhFiBjDPDxSp1O9lSgxhn276OUtqunQXTdEeNR1YOTNPrW8IA5zx,1645781241041427448
543UZvIRgiz9KDlhcnF0GdN87VQIZNDePH6wAOOq5LyPYj48WH6lsTr0wFITcV6z,1645781241141416600
kCwsZKjcfhzBO3JvIPeBqVBkkREKuKJdUFV3XCdCrcLGfe9w1l7pGGa0hmKZ4bAY,1645781241241416586
rgaOqDZiquwTX3PYoUM4ku2PgKxiv7Gmno9c2iIqaEH7Ffg3905uu5HaPEIKMW57,1645781241341429405
LEjLuz9UDOaQ3ERDEU58ZKgyZwJtSMylYi4QfBstaSHdgjouDr2nCijje2c5Maou,1645781241441473798
GtKw4Bncd4GKl2CzuFk6vTnYUPbqxPjCG16JCrvqv98fCKe6XMARpxxJKY8FvrPA,1645781241541438284
qVT3MMrGWzviJXmptuGgpDy7j6MevkolFFmacdo6cjmuEYh5QvjF8hMplgReQGOe,1645781241641428715
TAE3m09MhvGvRvyrqh6wNQl87DlVR99sJLw3L3Q2zevOatGQZKLwj42qFlLeuTXC,1645781241741472330
oRFAUfARK6oux4IWMbQ5gRttCDY7g3HUUWcwClOUrCMoEcJYEhcs8VlLiHQMKhpo,1645781241841456705
BPlNA7pzJBmVm330kdqt9ZCpraABFz0QOjmXqbW7lGcXJdV4FLvOu7BlfLxuIvKf,1645781241941469376
e6CSggZRx9wGkRKzkFLcKVOzoJr7CCmoGwGucnJXuFoee6cOKv1cQNaFeRKqb4cq,1645781242041446270
yskYd26XFs9uwjGGfFt3aRGCsa2UccIaS0952FaI5kA1ROI6e9ACaOPQzPsZ2AAU,1645781242141417756
BHaDWATZsdaK2qOexWqVvDwsdoRfzZ78qfJKontgOUyOIL2Gprlk4hafU0KRZQZQ,1645781242241416408
5sktdca24WQMpTafIMNK1y0TwKuVkRtoIchvEFxGmOabpBE7VcRUYRyUkqxSIpGa,1645781242341457505
RyTdDRrxpRXcclj5L8YtYWLIKHia6x8Vvc863x2qOZSzI94eHcVn6p5P6mzCj6fc,1645781242441440028
ilgjiiZ6Hz3a88CNihBnWECcy9mhFPHvAyeseBxu80SG6ecnLlYqxkQwrBb7ar2j,1645781242541441329
nfZRqWLzVnDZPnMjWuZUcxOS8xZhoZQZCx11UK0x6BWVxrETjlvKjHmpFJU1qub3,1645781242641432204
qa4Ku2F0BjU8YgaGSTa9jKywbTxRLWUB4WTxYgvkOPqw6OCYqkfZ2dVd4Q5OvXXz,1645781242741438393
4zwcfqK3F9yLV8rLtWst8LXAkaYf74cB3XmiN4kaDiujql2hGvbMG6W0g3dn7ExA,1645781242841432842
jhq6lYexEYe3KgkYbJsqPMo3PQpUemeLRTPAz37EclHuSzS1JIpgeck42ZYeJBzk,1645781242941408106
cOsbR0p3j4vB4LBNdy3IalKaKqEb1BJbXCDzC00v5w57HEUtCVBlHTLZJYBJjUuH,1645781243041426036
g5Eq4Ek78nEO1gHB9QuQtGyCo7VVbOmGTy4VBmcJZqfYUuieIc2Bq0Mc7p8hBsvd,1645781243141426837
rx82klJJZxq4pYi88kHzjdZoRhVcYOFNMON67ePgbDiRlOXs7orqQOer68RcWhzs,1645781243241470897
3KyAyMoYZXxJvUB0I0qgOTXSbz27ezyfJwpIGboo6l70FG0VErCaKh3te3yI3wvM,1645781243341450049
rkc5KQtQ9yQMERsQI21ah2RM5Pc8KYTBG3GaSA1b6PyJqoj6okeVk5rqTSwnyPyE,1645781243441433554
RCntKoURBQk2ER62ClWwqNkHnh4l40yVDlOVXrwiHekU6rWGa2AOOvg9akvclr6w,1645781243541441243
cSR9JMpZ0a34PXKxaTLwO15wkyYTpcPP5oYMAOv9wwBJUWG2xZyLb1FJylmlO9BR,1645781243641424785
xhn63hFxdQG7uU9r45Ad5Nu39goXpxwkfjqiQ3g2Su9MNHCPKK0NiuOpaBKN8G7n,1645781243741410160
zwUOz8QR0XmNmwm5EmSwgrjE23Z8JfwHbOdaW10UWmsJgeOuPop5fYIfarorWi65,1645781243841429664
4jgYie2FQuY4Xuywin1MKHzu9lldTsjXZN5I18XP05TXxRTdDTxXkxRriAVA2Chc,1645781243941427002
ZlsarPxrSQNPpo00HyX0vwrb5Kl7WRh5AZdzwYoOwBlk0mkFkGDdA5CFNwLsN2vV,1645781244041427766
aZUW5Gv2SgmQSUdAkrnvuy8HuT9FW5k4cCafSThs8RGYwujelUXfSguM92bd5Jhh,1645781244141406807
TIMwj2mrT3QNx92gbXL4DDONFy0KHgzlwKffKRXlSv9P295dgOfuc4Fp2D8Ht70p,1645781244241423275
PfTj5yVXtcvtlyUPNAHxCWkCisRZySNN7q7AoaifCdWxZ0Mw8crK6cUoSwOQMjoT,1645781244341428260
ZtcLTKyfvUaUUuPbWEtdqOPJInjeWV53OhMpzKUso4LHziqTwj6l5W2NHjzmF3pb,1645781244441429709
kARiUtYHyrWvZMOU5TF9zFWEyU0BXonFyCxQ5Uh1LDutXHLbkYkhnGvliuvFigVe,1645781244541405455
sQ4vumvExp5V6Q6oyqVl4PUnJN0z3VdvuhpmTk0PX5ucTyQRmuAqJdba0cZ45Cxz,1645781244641412200
tkmLUki0occHY0hKup8BQijRKITNSONK97dbrLbfxBvTCcn6PtGqbzFtGgHi4c2B,1645781244741432130
hflY0KCvW5Oif9m430uc07WEnlwsNx14ckab5kUZptHS01X12Pe0XAEKt8AG5AIg,1645781244841440653
uqHzblYOcnrbnMcnlElGMxZF5jVBtlrmc6lBpIZS3O1qkdbUsMkEJJUP1xYshNeJ,1645781244941429231
RQUGg1gjOhY8J9cBULNncpAdngWU3AlSYDjCCPwa5SjOZJZ3cupFkxqVeMxfVi81,1645781245041419088
trE5E8gJYNh7eEBH9yUtvKMZfJD81L9uALxMRbgzyL7baGqhEKY9cuhFDuNCDV4L,1645781245141395129
o1hGdLDZfKADYyukISstMZ8XRWjcznvnoc3PwHzbZ9o68gqO6iFSFMxesgGpRBcF,1645781245241395134
medgvcHSj3YphPCn5RDLnAzdoGSFP3SBh5rch62R7bEo0QZ5smOdwOFichx1kQBP,1645781245341393638
V01B54aAdoxbFWe5J3iDPxw1dr0LH9llAkwDmWNPKKyXpdc6gJH5ED4p54BKEu5M,1645781245441422198
czXNVumoDjL0Mw62FN5TZ9JcBSwNK0hwxEJR74FInYI9UM9jjEBGLUsWunsElZAi,1645781245541418091
mS9tWM9HvPQPlX7UjGl4ibYcOOq9yysiQ1buMiBH7Zes6jKpz3rhfQJ1o7Bk41SS,1645781245641415799
01NMjWbo6GgCzz0x0refHwf41oo5pFYnGt8yPjmVzRgxQguOXY2pShrUVdXIs359,1645781245741414989
wD5MvrruGXreDj3jG5YimNAF0iXtla0im52hurZBNPpY8sHOxn7hAFwBxR2h02Nk,1645781245841418623
5PPzGyAdNyCWqTsmHxRPDOa8naplcCVfZufqtnREjdia5bKKWljj7IqtsfeTq88P,1645781245941469979
2lDtZf6GGoqLN8duuNbzfRsV5Vyvd7IdsWVP9bgPPUjlbMdThESKeJqjoocPts2k,1645781246041422373
OX7V8lvWGeFpysIg4k0i1oPpdzCUsFEEkMkr5dLLFa8DQQrU9qBAeayFYAkONyc8,1645781246141425081
IKxOxIhAsqMIEDmN3vWgUUv2cfQ0c06sL3EGLwRBknTyyDK09qgbIbduF1sr1yhK,1645781246241418011
zwbKq0TalwWj8ohFeNquxTpCSh1TegodcNwSNP08KXpSJXfwuVqpwfzOL0pzhdcH,1645781246341438701
0WkLwkREFHeXoJTgmJWixT4IUrH9VrOTM8nGrEU4V8bHR2yDMStJvvbNmqUFfth1,1645781246441421557
zUHoijrErSTGVPRppK6lDh6yVZD8QuANMPC593HyTkFwAglzzriCWn8zKM8iEG5b,1645781246541427487
dHekItjkbygleQjdFPokAwjSGpAV3G4hVgRmZAWA6CulabMoyAY75FZL3io6yqnR,1645781246641419547
UDD3LjCSu4BUdXIbgogl4E47wrDuhzLCAZDTGNvAR4d4aveGkKzmW1rSs2MYzgk9,1645781246741418589
DvdTJWciZFl9ANPsfMcCNTeEW1mVfUdsPEJgivNHA8QJVnBA9mMVFzjjyVFdzqTM,1645781246841413390
4m1miO4qWS9zGJ7P5SsIRb2P4F215TM9FNtvlxkFOtCeAJ1DjuWATWXWlXXq0rxE,1645781246941390820
Eq9xmtAAlKovcn9LhdU991fuZAiX2flETvADmINVd9RFxYacB2jK4OCbXu8ZXul0,1645781247041417287
nvEXEZ3phS4e0cE9fyRhKdGrVOQ2GA013EZHoc6T4872jJBMFc3aDJRifqkw0kx3,1645781247141419847
xWJj6NC8UH8DYJZotaO6tnoYdWSbFQdCuutzF55jKEusXTgR34VusKRTqt33HgFA,1645781247241414537
Y87nBCXVQROwt2Lu5qpv8EOx5R0N5GVdMcPWouzDJL9COS5TIuOP6kMBAMWFa1rv,1645781247341408301
dERQ8OdRkke8AjZQbxpffBqpYN36Os106QQEp1fXjHftyCJX77CmI1coOdvkVukZ,1645781247441411935
J8n67QdogGfeSzAZ6KJMLtBjW4SzwCYFJJLQiyDOEs0epADvVXGoQPYvT0uPARdT,1645781247541408976
kysSv5q9vpolxzeSUuHtJnoklg8v7lNshDIcG7mBwYwtVbK0TZtnMfV5Ld0TOLJ6,1645781247641386110
WbgmgSwcyqUSRoSvNJghyBmHnki941DabuLHKFsJ5MlXABQVS4AODwf0eOAiNNHy,1645781247741386596
HaEcp6tuQcRYlp3DtDZ77E5jaFQwdhssH6S6ALyaxO8gD9t5KSAPfF9DTZ96E2wT,1645781247841408360
6PXFkVpgtwK53EAOeInHVwVyTc2hezAjOhy6Dlk4h59lHH7tZuB5pe1IG40t38cP,1645781247941421938
qaT1LC51FDkWUrN2jY5YC6pTAnKBvwYjU0inAmoPzWtRLGR3nWZxbOOj9it3ePm8,1645781248041408572
PTwZDiwADpbW41ZrX9o6VDqfvjiY8SgWta36H0GUnq0prYeMhRTCcHpV0V36yicr,1645781248141408132
GgwXeAzP00FpYrADIdNusDQsiTwe9ZUQDQxpYxCZvRMRHWcZ7zUzAsprLmVVJxtU,1645781248241399470
LqJulVTevp3AKfjRfBRp3GgP2AsJ7jnTX4NJYovRbzbveKLJWm7X2lu3vmM1T8U1,1645781248341408845
CpIibD9ACk4p3P6XBD4BzzCujXvDfNEpAUYjhhusQwfRLlyUz2fwzqojNiu038pE,1645781248441463053
aLvH1p7Rlms4WoYVqCPo2DXPvRPxXCB7Y6MZuSydCqiicEBSQaGSmlphACchPnmv,1645781248541393946
s9UkZSNlG3UsIfIiEX90GyfRBI8Y3vTv2vfbL1Mb4oRMSh3gECgV8LwHb2pfvGax,1645781248641408784
9EWUDt3HfUc7CdnOpRrvnnDOo01jFcfOoBt12wGiPspbVbxI2pEnaPAOPB8eln3Z,1645781248741406955
wwYzqpfFfUo95mR6bdtB23YSDg4yR7WL14Kqtz5XSsgVe7bDjTMlUuBhYGgxLCJN,1645781248841416460
GbB8bEf16LWiQ6v9XGt1A4jjIPeeZxznZAt8OY7TrdBGh5NELGGTJxAbMpDtmCgJ,1645781248941401279
KYRj4YCuALApQX2jmID5FNeZAsQx24ENce4hAEbKZj8yEAh0Qs3dEgAOWaJYcYtF,1645781249041374172
CxuM9TfjClhQvMPJFSwT64rceB9Eh2TtyLD7oqo0bVPWsop7EjYLnPvPY4eF5583,1645781249141381232
RK8DAxEmQbGGN4LZntsZHoypsa5vgBy5V5Ig0UQQ3gfQk00Wss59g1yXc3QGDNJi,1645781249241406737
SbMS4mq7RVY9UWfMOiV3kRYKVyYiLrOlQlBUV2cuVA4zgjJ2Sm3AEbUhY0PrrlbH,1645781249341410704
UmmymMsIWwFAgXA6JEGXniEJibBXNmmpWYnJsgZOcoWIJhMdtcAgIPy0y9XLtIBN,1645781249441412579
oyghcF5F2aVLFsy8U7mnUklStHokZx8Ntm4W08l0iGJx6G3bNpMra7JTM5Cv0IHs,1645781249541413953
2LO2T709LK4Sa71xxLmXS3yn98i7QzzRJNTkSUsmmwCM4DHzY3Wy6SlDbSLzPIQi,1645781249641415939
gsR6KJs6F4SHFjElkikoBT0kvJjJbA1F0QMKjCQxFqCSXREF7w3IP12JKkcwsbBs,1645781249741398185
2VAjiagvOrNtGb8NV9gvBgCVQoRINbAN6I7mslhEc37scFE8Nu3YYD3zzTFM4Ok8,1645781249841399208
gpvXaalBdr1G6FOR7Pzgc3dbUsvWGfexSZU1AFCl6B1BPPcWmcAOdnx5gtbwWFtz,1645781249941378305
nN0vbAgfLiok5RFs1NGcBChr5GlbVdaGyYBZisD2Y1kdSzTRNi1WuiLzw6aSh9ig,1645781250041393624
hsDOiQQGSArs8LKT1Lzv2IuyOSO4Z5kHxxddM3toDigJ1ym2IjxI1pEOIbSpgA4b,1645781250141395758
7hETk5FwnuFps0p8hnQjcd5sEXiufkTmSfECkR6VLKICK8K1tjiVMlMaG2SvmtgE,1645781250241390725
YuPGLVlfp2r7AB73snWEZqmpqCld3RpbJCrcibHVd6dlIimAVGN477sxKdYN2MxJ,1645781250341408007
YmvELBkyHLhX1TgWi3Zp8RkS2Jo2djLBTEQpP8lfRTCSusyctVP2wASwREy4xHDR,1645781250441406308
WbGvjza8SnaNdXxX2NZxX1rwGq0B7BcdnqXUq5dGqDbUiZ1juaeRZVLpJJzPUZ2H,1645781250541398646
OXmEdPSTa4vHbw0VUeu29FrRYoq2OqImO4yzRQSzSMG3IGWlsOn2dcR9RHAp7QZV,1645781250641372039
UXUtxvsOH9PXPwIGK5Gwgh37yBu5bTb303wvwnJBwhjJdzZv3ppjWtoU2iYc99f9,1645781250741409895
Aa25NKGH1xacv8XyvLfSCTuE9SqIZUPi4RnPl1gkzEMuMsqIDViNwab51QLYukGw,1645781250841398418
B1Jv1zdyB0sWqgm19UO52x83NTcFDqBMqUHrRtpbrf7hLtgSL4XN1fRP61eJpodf,1645781250941368182
GtUgmHHdwOIFFyha2Cx1pMOvL1CBpqo5jHjVY06TMOibMO9Ma5NQRmJlnWwaKid3,1645781251041421112
zNWWNaziyfJK3RecW10vnJgYna87Jm8G9cmUClAAPUSSt62P62KrK1Q7bWDsIL9P,1645781251141390302
wts8d2H2UhSNmVksX5jp47xfe8WuRdINW8U78l9dQcyC5j2cmkSqrNTTVzMuceI7,1645781251241391843
kmEsVMTvyS6198dvs3jiOC9rAVmk72pro4kHOBAKdGLkNwdDyMvMX5CfYyPgyFVm,1645781251341384626
HD1fPBz0SKlpGO2ElwZGzlvVhIBfVfPmsOPHZMIze1mtPp58jeMgNHB2aLf502qq,1645781251441401093
QD60aMxENk7mXDtGpFwBV5D5Qt8OvwFKALIkhFw4z4oWFfm2tgDOkRRAIZXBWmVe,1645781251541394801
5nOm3Ko0MaXZEHc7ypTgEuqWRNgv7BZCxxwyGiyaHVAVlkahX3NmxDGOZwKg6tr1,1645781251641390454
plz5UvdlPnEAXor3pCpmN38wyQb4IQ37B0AfvnOIZcQ4OF7DRwxpy6jwWKyoi1tu,1645781251741382088
11XupwDOWdQttY4KS29Q6tKaBINuJGmKIJF5DQRi3rbuNfFqfMEjDZKNrhF9v1RB,1645781251841366926
IeGW4fE6Vn0sQDg4avnlS78JmLQgMsrdW69bjLfE6f7WtlYRgMA6RJOEcosxghaD,1645781251941364745
nhmV2Rj84ocxaBMEVXLwoj8QX0NCixNTe9yeYgkcSLY2WuHzRavDJ4eo410kxNEb,1645781252041379786
UAE2qydJJBJn3YmV8giPkKCmMAXHYjq0r41g1exIpG6snqLtU2HEMTzgdUx9DmA2,1645781252141381420
qBipnf8auCSh2maXmrj8IinuAi3NUBQJK687mGhgS8LTsvyelfk3OXxYEzugAIzT,1645781252241377869
O6Y8MGmnM7EC3CqmrYnD4lkIicyqswJE2sNM699QHNcIXQ2Pypa2YIIGuH7kBOzD,1645781252341380114
EKZKTjii4Kyci0zhqXhMq0diFiTQ6QdLkAdBtMsweoYNpV4d2jzqjaXyIyMNOzi6,1645781252441423045
ALH1f7xKwThjwjKxSHlCsI88GVVcSDiaXycC3XWzzBgvu0qNGcX8udE96kjZvS9S,1645781252541411827
OjdRH9PEJ59D4yYKa3QSfeZlOJKKlSk7BNYQVveo1mz5kYNIZnkERK0odI6MiqRs,1645781252641392739
CzIhvvTufQxPyKfW7PkWhiKIzQehF5ZR3q6wlXoQxlnu5SQAp8gXrzpqNSVcV51W,1645781252741393039
t5SccG0YznS2DqC2yrXnoLb9l7kGAln1pDdPSdxROPUZDeZAT7xFQXPBe9RmsCnh,1645781252841396025
QO7s12HNQjwdMVnnaj30GQBsZbePlP7BnC1oEH9c05GKa18Bk9B0ZLs8uUXftcpg,1645781252941365882
moSz5bb4erOFtUOddXcCsSKkxqQqQFVD3vC7VnB9dXMU2k5fGhq8AAt7yHvNUOaV,1645781253041387534
KkcnVlu8HHcJziwFNmMXvDcrSWEwumRCW2z2ls827lJ4RGKo0eKvpulHQzBJkaVE,1645781253141356428
cTGOLNQQ6kUVymJyQbsDWbSuYdDIEjXoAlAT8ZtCJNhFAzBYa1m4cCx9qAR2rwoz,1645781253241382432
izSoYL1phi2rfDNGD7InKFw8OO8DKuD0tfnPzmCgSEV8QqOdyeQGsNMGjUT1Oe0G,1645781253341376251
InfHZsv14O9UEV7A8WQ0tmEcEfbbKbrcOUrvKkvP84tMYzVeVvcMgqwsTXTn9INV,1645781253441378922
lCR5wMS4OKPuHuYmnA6Ty2KSZnDg4ZCplbsgvJkJd7CuzienriEpkYFHKRyO08Bj,1645781253541400408
h3PcK8txF5pFmR0d9EQtlg9555R5BaosbESwKLtZPhmB8mmGzC9kqGnvLCyWmnMN,1645781253641394727
zoJH8BqXsbgyNQEKcM2RcpKwzJSl4n71bQIjZ6EPhsO5IcNtwQKZFeVDxvyzi30I,1645781253741378491
UI11PER46p9NPXGMxatAEMNAHK9yN8GpOFrlRGqW5xtSS9oNjfWv1r3HBBFXHTKf,1645781253841380588
g9P8PFeSAVvdeh0LNUEOMIfXRs2iLNL2Wk8wzkMAFHltzjCKEQiaiM57E8pYTBYx,1645781253941370537
tgrtOE1dVkUSTgmf6TFnpJu1PiXsr5pkjhb7vaiOKCrmsbRz4hmryetNMQDBU2wB,1645781254041352356
hVJa61xOCmA4Na1QFlHDQ8akXnw1nqCTJT1PTymfkuh6UjWjUnuswUdTFXS1LcUe,1645781254141349990
6V2XSoCCitGBams5anxUHYvV3LWOxy31R5Ytri4XcKgC5ZFdMB7bj06nLa9GYCIy,1645781254241371976
Fqp4Zta9CGJHpXuBizlPzrAIQKYwUquifkkCbKLnbc2O9waptLDsAN8afhVAVPqA,1645781254341395980
7aKjtdUUGXsNRQBJjOBslIQPzvXUJNdQvx7obcGp77AWVLpFjz7THVqGRNikiJ8d,1645781254441396225
FGQoqgdxnlRH7HWoEbFV65jVQPF8hMmwcAkSqLNc6mtB1N0FwDi2HRYhplqW7aSh,1645781254541386304
kA7aVUAZF1lGOjWKwELDertTajzgJPN3ZVb2xkZCjKT81xQyBj9nY2G9jDn0cA39,1645781254641377697
dd9bLjn41EA3BZzLG68p7NwqajrBrsIVTS6o9rrA41BDYAWpFfcM0YAYF1j6s0bL,1645781254741352943
Qh8ZXxhbwtmV1JIEwuawSlShkAlaANwa227Zzo8vfvOfCgt8aS40DUfveRWooQMq,1645781254841381725
STOPGUIvPhYbNShwujw5Ecys3Uhps3fIV1hlWygtfDT0fAwXutc8Ta0U3fJvhwCC,1645781254941393414
yrxSpbLUomTRxPypGaxj9vDAZW3GRFSN7Npwy8PlvsCqFBfWjaFsVR22v6IMJkjQ,1645781255041383808
7WL4fkpaazOpA3LsdZk60l9vpRG8AzXFWsH9a4hA45xC6H4jqnnqWujLKzRUxyhR,1645781255141376979
oxaM1HW3KSGQjI7X5uLbp4u72KbzGGQ5DyRDDwGXMUx5n2cqwvSjzKq1ePyveMyr,1645781255241376965
KP2XJJ4fnziY1IPwDpdB9UCor9hVVfLq2NLMeOzSNiyNyNHCCuNKOX8EepjAS4yU,1645781255341375654
QHq4foU1UTOSodc1XxJuTR87EpFgsB8ITxM8lp9FIVf48I3eFMYgneozT1dLDmbg,1645781255441375103
jwoUlwh3PM7WeBAsVgYJIKGjMu3ZgeFNa1rLvYMLsSpXbxN6dtNtEecaWd7CGMZq,1645781255541355645
LOAHuUamwPHVMcaxWxqkZQI52PFIjm64AGJ2ltnfG29cfjXBeLtEm9JmYX4FJAJS,1645781255641389964
PbU8SFljIuLxbt6GCxSy6jicGmrav82KjUSCkDv26Exh51xIyPE49xeNhVxcbxuL,1645781255741373079
SMVAYOAea7Le8Hw4e86l3k9jF6Jq2E9Uacc80mkZr6DxL71zD7lHruy4yHs0V0S4,1645781255841382973
c2AbovAf1LaMSbJdg4uVwqZt8QrdQIf0Kqb9ljmk2N4UwN8dQ06KrgBx43YUJEUd,1645781255941379866
44knlVVoqZIkuONINUbC8m7Cnfe6t6ivAQgwvBkli0WbNrtiJSsPFzZ0cB7WInPQ,1645781256041364444
D4K9D2sw3MXOCO4Trwr4tQ2Vc9zsuNI8RdFef5YgQ32cS63H0uJtJLNtTMlNh3T8,1645781256141372541
gglMmJ2CN3mn9n28iJ1zeMs5hdROgsXNZGhJZhTukFhs2h0i0zhdMZi3C7Rr0wCZ,1645781256241360472
CrskYLeHYK9Yz9F06wbSUJTeRtVPpfy0Woi57MKfeTBcaQagLB7pSYTrRxGHcCF9,1645781256341366476
0xC5HWiuxuWVI69dFEShnuZEppTP0iW0di4vCmp7eJcxPkaey1JjtsyigR5g8cel,1645781256441365888
KieVTTc7mD29vdlrc5bVvZBZyGF4ssqBYUezwG7gR7oMkZEKcnnWMy5IDJN39BEh,1645781256541364800
dshX7mEWt2rcZ3wCqigAglSr2nvBw7tayY53IJZBJOltRg3FOhP2SquTdpeYuV6s,1645781256641337101
1BvJTTTmrEdHueUGLuJmiDFJ0rruNxlO9eic7BMxN0CGcgWyYpkG0xa0oRtBPcYW,1645781256741365179
GE8MNUHkST059V1iKlyJgWHUy8eLkArzOxLjPcTs5SvCvwsFfpWLLonHwPchXRgv,1645781256841363183
Ozcmb4eeWXoRThe6UBRpxC7tahY77E1VBdHmhtOBODarsDvMMKBJXGC5wlC3xBW9,1645781256941373021
nmtUdIe2TErLPnhl7q4c5Hhz0s0x1W6oG0HsGvuj7j2XWhIcXLEacuZcmZZn4eaI,1645781257041366674
crAqk4ZrmZMIGdsly5MYztAjRhUTJ4lvtwldyITkrp17QrrOwDwv44cVm7y3Biz5,1645781257141370808
ciga19JqzIwN9nm4ygz2lcWVhUYqAVvmEcLDje1gux41iq5gU3hFdDiKfFAqk4cw,1645781257241363405
ev7NX94R48RlwWPQX6eAJMSzZbnKfNEHJMeqTgGXmhIgDi7jmjt63K3dvovaB9rS,1645781257341354594
VTJy8ZUuEkZPSg8DN0JQKK1F6wnH6cib31YBY24mmd9DHIQeIh2az4n50aK4A2gD,1645781257441360525
1CNXCPHw2R7HjVtzCvZ9xMCwuV04XeFXqa20zKxzj4GQa9Pk3wsyG4uAZtC5XPaM,1645781257541357103
0cMzuHxdKD3uLScOMUKcXFk48u7dIfxGIKDCZAotOrnjIO5cqNFNcxQiqVK6BHMR,1645781257641357404
ZZd9kP26HonXCs90FMMqImW8HqCQ8Yrh7Topsrv7diepYmnm89cQv6WBvib3ERiM,1645781257741357760
uX9mM5uznWmMIZ6PjgpcmKlh0LiFmPZguiQGnKDZpzt7WzUFfKqPcb7awnpgCMM6,1645781257841351931
5nKq5XNsWEy1DSGqk4GMgLxa8kFJ5ZNAMiyQFKGkYElkhzaR4omi7hGEPVXU5scP,1645781257941383361
aZnot4WPIF9xEiNGU7wcoDoBgLgjBI9mruaiy48FJHAXxVmSci2OtqaaBEHKUQ6M,1645781258041334644
Je2FiASzQdVL6Hnjxp5rfdPorg9K5DgOsgdYp4YDh3YlIMSF9Y4p9TbzAiJFwxbm,1645781258141349907
dCISGqfvrEh7Y9NffRSpt4o3m7Gg2rSf1l6IZjDPvuWT2r9hHbWAdKBOPP4REX5F,1645781258241348616
GBXpujCodjHdYOLnyrvZA6xXT2xhZ2xnBSc3BprnW7Q2TlqRbj1jqyGHyDzVDuIO,1645781258341369731
MvQWiHJCMhCqR2F2mGlaDzpBBohOixl3qBZYQqinVvdwvswf7fDIf3Rqp6CY4xZu,1645781258441371606
66RXw7IR2tMwjIZqyl6boYRdcd9gZgZfm0Ag7S68LS25ibtgKyH8Wgk8IrnrWMUI,1645781258541361703
KfxP53VRTXUB7LqRH5YlmGs27ftdzLuJ0ri6sEVLjxUoGIGYOmJ82BA9o3lnOf4N,1645781258641411096
UlRMzufgp9V5QjboVtwX26er7NcT2hoUSFqP7T3wbW21FbpiUjDXnqMuDwLEdAi3,1645781258741359119
NXQV0URb0RaG1PwV6A0t0KlDH7RsF8wafK3doVDpun3vBxPH7N95guJxzinCohnR,1645781258841349309
2q3qJGdC1e5AcSQhqZnWR4RRkEbZuM0wB3mUHOeJ2kTeAtM0Q9UsBtHv6sU0FTwQ,1645781258941392035
Ugsm4V37DUjNM3MmAqeLitHomjmzCgNhMDRPiUWvwDHIHd5PRhl9b0vLjfIuLdZi,1645781259041376132
q07XSbQOmhf1KkRmPAtyAnHrSZloAIU1IbWiAw5wekywSNgrXYqfL5UnfEbnW5on,1645781259141349433
eIVmFYjrIfni0SaX0OALTe86siuNlgAOxdACAr1QWm9WEh1E59XWoebeKTz579T4,1645781259241342678
lcEvTFLy2USGBSTEbyjNcI0wlz0q7Rts37nVN6TNZtbiL2xv1eIdwIYfGYTNzMF1,1645781259341326609
U0Wp4xCdqnMAoH5ptLSpc0SsWvFWISXkQ1ZUyj8mUSwIjz7cJYPvWpl3iyX0Q2iq,1645781259441312632
3HIzyQlTsilZfr9yPWtvJcw2aT0yTjoW07VxVFQMx9ta01ZNXQJp3Drbfra8aMfZ,1645781259541312377
R8WxNuHI38r49QPfogUruLTZC1hlNKKpRqkmk13l9unHKDw8tQynjPKvQ2gnKyal,1645781259641325307
mKYUJbGTV3inEet82ptlEEecEJQYF0I2JoWcPk3sold0NU8PK08WEn9Q4XwJXELq,1645781259741317460
2qRPaUFMGsNdNT1fT9BfuK5yr0GNCbBDPccy7qKLifw37xia7sE1AHy2HENUnYhB,1645781259841339668
9H9E7RZo5TrCRYkWOyVYGTYXfvzTSgebwlp3CMrHphREDCkZAG7QhgwNZvo1aQcW,1645781259941311061
BPXLlNdZ42nFEYoPmtnTZjq9fe8D4ljD8GZsbARfCEsRkeoWYb05JoCwRL9V4qhC,1645781260041333010
4G4gOTJagCzQolvKNtQehca8vhczXJAbXCFveZTKjTiXEdsZWGDEqlKmSwjxDrXk,1645781260141332162
2mfgL704agamKQKoeV0UHLEhFyfTnCDpwrTIyRKW8sGQGaEu6DPLYd2nZfGLpS8k,1645781260241337963
Jc2F3Kl9B1ZRamKezjzVKzIsdXDQzJAGvAVxTE6eDe3lQNPP4MsNMAFxfQNcjWqd,1645781260341331541
gLa9XeljInUiAu5DGxaa6nVjBrMuNCV3W5B1iwk0hFhs7k3LgdukOPTZGpRb0xdW,1645781260441328731
0oXiiGhQTOGa6JvmunWIB0pRnG1nDeHEQnu83bWUxm443xovlJBwH0L4FKqSy5eO,1645781260541332643
sXVt81N4mP6nLsj4Bs0StJV8cJYaOBxHiQ8oPUs9twxEpeI0WGRPYuVAD2ibDdqv,1645781260641328036
3zjTRaaIWXVJBlIg0j3YdZgobMPo0Gh1DOScy3uTYPmkB2OBlRhM0L8ZfYLdm0fz,1645781260741328467
P5ZL6TofrZN2ZlBLCqfB9oioK4S6453RAcnF3Zuu6Hwg25zCtcN0O6pi8FmAIpcQ,1645781260841327341
PPfTwZN3qIjqLg1FIOFhS2NaFAlXzLyNidqeDDh1TOqp4r2LFF2gGPEVZx3XI1u0,1645781260941310790
eidptIrNhhAjYC2lP2PfSeBzZCUsDMqp2TfwkUHP9R8fb9O0BoebQnZzz3pAOgzQ,1645781261041381239
7cKr4bGD2NsdWHcf5EHT1qSyrI8Dw5e1gyrka5yaSoCw5ma80rZzf2xWI3kE6MDm,1645781261141343262
I4VqARRaFbVJN5PLuzKZ1F3HInTO7g9QjeGt5fRIEwbbzzutyEQxRUEjHh6NLFn4,1645781261241333433
r1vwfNCtHoTFnN8jaXg11sjGXpds2OvtOon39zuRlNeWlkFJHtKIl3ZGqC7sZ2jx,1645781261341332289
qW00UsPFG3kznxI3rcLaeupU5wNew6bmbZk5R7If80euyuxnVIN9BCbE6yq23Rnc,1645781261441326627
yXfNdv3lwffuYah3r2A0DlEJi4KjT7LPcymFtnzpRchzDM02PA2atGrZIBGlGbAt,1645781261541360261
Xu8Ri5G9iy6tK6vhExF7D5fTEvEVVMO2GUTwai3Ge99wF4cR1rXCuCf97reaB0dP,1645781261641363321
U4M2mNIQXRNkTzCUohejtHqy8UZHUChwG1z1OFRtfme8jobWVFDMX3KdVtvx3ctI,1645781261741343640
dqJz4itjTVrAHQgmgr6BuQmNIhKJHEbs2ss6bjn2EdCV3rFhiLsbjdyzKHJaTuQV,1645781261841338830
lGaKzNMD0Wg2Lvj4EadwDZvVqE3J7UnskLCiiWvh0ahMVQQi01eDYZhPmkgrERhx,1645781261941310390
mrfTNYAN8rjcF7KG6wRfT62Fri45Al0wcfNxEXJMM0ya8GoCCDrgKrtBayEijFcK,1645781262041301209
u0H6VYRqZPQfeErqPhUjYOu6M7m3KPLCNdJsBkgi76NlIFaiu4PSSIZmPJoji9v5,1645781262141333232
kCwuwcc4h0nzDNf7S5ZsN6dkQRR6YMAJZ6BTgnXNlJLygy563dzOhc651XCZuKqR,1645781262241327236
Q1u4nQSYjnVNlaUnBT9t3Gw4n6dfQS6oTztGNLn66ITpqvc2OktP0nTlu5PKXT9y,1645781262341347778
S2DpL0tRILG6Gr8dZz2ZnWIfZhz6B62b8FRTFIsVd7cswiVViX2T1K8a05eBChmI,1645781262441326856
wBkAUcf5hHvd0Q8gwA7vTDUTI8cSnOliYVs05X5nnzQlPXPJfWF6hjZxpBQdY9L6,1645781262541329324
cD6hi9UV6tEWOdn1728ojhkZr8ANHVRtgVYMc1qjs4FGi2Hn3Pam5KJuSTHhwiYc,1645781262641341476
D4zp5pWxrlDZmTNnqxXtFrnfK2MFisrtwoh2bDxTxB0hcLUSG1KVq7A98UOqKDiH,1645781262741342554
2PHbaE2XN3EzMgQdgk6WpFdxj1m4FUJFraqRotxCu99GqZrWJy07De4ufowsGD77,1645781262841319874
nwXanUmfdttRTlxkhyrsaukFif6zsB4e7bEs3yXfrP6IA23ryujYmTlV8rSz1Wd6,1645781262941302082
6rz7nUketrx1ryspsZLd1689wY8x2j16a0ELTy0KnvMctCRjmkMnpSul01g1kf7J,1645781263041317679
gLe7IcR3XlgQy58iqUTfvNOtM2u5h2OLN0QddshAbLZXQhFE9gt44FyOFqTxsrGE,1645781263141317516
shrTXWd8pAgGptUzaM1cZx0poSkgJ0s9hicEEEL4OzICqkBQ4A0e6zRsRBWi9Pqr,1645781263241343521
