XYFVmwlg8eXzm9Kqn6PiBnxXv5xHcZ875NdrIMYQ15PlChb0mygxjdSfiPwJy5Q3,1645764740404809899
Q1siMQ8LUY6gFfe1dKwNwO2elwvjzMkQLd8h1H2Tn6A2lm2P5yk1Lmd6gZogtY6E,1645764740504381649
9Cw9TwcE3kHoXJBaFvZafCfMjT0cz4p7GjGifqwgbDV6UegiaFGDPvZ9MXjMbYRs,1645764740604351229
HfavVWb6i4AAjosJ19WR44YRbHlBoC35rdyK7aPpeZ0NOqePz9o2BMRkcCvQMwTB,1645764740704597650
XSVf0uSeSQ0qHcDEj2GuOhd0rYODTsM0IsdIk6wCUu0jXEyGGC9esmdjI1vltFm9,1645764740804360145
7NRqTM0wG1fnFb2VmB7evkLDkExdUhnZ4CPWYQSpR5aefc7RlE3gxOuhbrI5Y3ec,1645764740904202468
G26oQYbpcCTHmaiYmjEj76QixhlTkO40QAnqhOfJY6YLgErQx5A2CYj7FUZysbyG,1645764741004590313
jj6Q6jhepFxTRouOs2R2YA7ocgmTFijzQqPWX58LK4mmse8kgZmDhu1IYlloRUnp,1645764741104685348
IALqFS9aWvKMaS5E0rRfjQxG9i4bBpQTzkHDAQleM50uV38TvY9cy4q8luhwh5Pf,1645764741204598583
nfsv5dZPgYHBbOfUwm5sovyZodVVjtAUW0QbdzzJVGT7c6bYsePgaNEO1jria0C6,1645764741304399935
0cgcafv5tOAWUk2KOPzynDKmuCUVCgZAHFmrsguk25EVpEnBemARzUBsefNoJuzY,1645764741404605581
AjP0NIkQLwtABgLpTTEQwPIY2dNLYKug3HePXNpsJi0UOKHpnTGhsWGsAdEgx6My,1645764741504413546
L0NtNAlfqm9F6P2rsIZjnpbxQndLrxJDvf4HnnweX3rbStTJA02xnbsDNTWEQnRJ,1645764741604665757
STaGHWsoajO0cpJmpJhatZlG2HUQ4ukVNKlcpbPPKnPwchhPyOzryk7y1cP3W7Yr,1645764741704624939
PHSEsrbCcz9EgobeCaW8Ib7JDUMhbtX0AzD3qoFSnMeRAF6LpaT7BYON2i2dbZcm,1645764741804391331
YpnMd2oPNSqVfuqUSIZcqvzte1UDZ6x7tkUVnGu8hkdMdSp5kOhYKgRwgu7F05Ks,1645764741904626925
pmNa3HikzM4cmtiWIP2a4UUiMbvKgDCU0Z41onlo7nOth4NxSPVWrzCDY7YDKkhK,1645764742004496799
IlL4W4sbsFSXJnUlDzF2wREUWmhrUM9k6TpcVfELuesCSKxfJBfFcti9dPy6k5qq,1645764742104399075
YdS2JeNBHENjYJMsU154tnBWB9avDRll4BnLo9X5NsotBAjd9pg2arXlz7gCWPvZ,1645764742204634445
ZhuNoPQ9IC2RMm3TZjU9Y1tV8XfdxbCWG6r4UFDmRDBlxEEWvieUhXxo4dRzCdTS,1645764742304651432
hKUBXfvys7jqLwKHeyjKVg8YHZXTA1tpJN1r2wnv1XjNR3c32JNVxV1F2ZiAYa0p,1645764742404655491
xzgytStvxaIOdsRdBn98GALJh2RDcR3XQhVK9OF6wVUaLuDUhKaxTwEAygOY5R5W,1645764742504702878
6boGx1MuUpUphfHO0rJTlWbjCxFHMLlTwXhrW3l0qDnXt2truBIfhrNrpc69vqap,1645764742604667609
LHhsJSq7gcdXeWOWfgCKVX9K7GS342sPIZFb06iegLBKqXpTBzogWxzbBReFRVdj,1645764742704426647
4sI2w1gcKpvAKkeVjQADL9oVYRixwLhyCz18yflJTgRnO3H5RRInY4G6Vy1RIiOU,1645764742804459762
gPcc2LvVzLJLOYQqzgbXlrbGncg5J4XxR8ZRTTxRoEmAmDyjtZEcOprAPXDiZldy,1645764742904671450
tDPKgKlUYWcIjb1a8FDV24fSZs86bm4UzTndoY5K4hdlIeMPsXuuZXM8NTEzFGRC,1645764743004653524
hEpTluopZPZq1tFtO7oxe83zbFwoVO0AapeLhQ9Hpg7oZMixRUs5av2CAz0dLznv,1645764743104685837
oPFUpMlc0qRZC7UdZMg9HgLPfK20Jnu5D7Z2RIdR840K9SvioZr3GBQtTSukFmpQ,1645764743204485812
tNTKf6lo8j6HB0xxZmynxOhOoZ81LySCLtU0xFo5wvK5vH2S3yEzKtN8SW7lSXvn,1645764743304716802
QPlNeYSYRkdK1dk3by2vrP1Ht60Lev64KqQwMqUnb75akndJmdCb1DruIrEwnI07,1645764743404448770
8Q2SHWDqeIQM64eqhqPg2GbK6nGt5EyCd0esVsi7A8TEA72qwSWyi5GosWfyicAL,1645764743504489932
aoB5erCp0e18j4wfWRbCWrzNLcJ2ETLnFXssO5hMhgTQkP4EqfPLVMiqy1sBSEyf,1645764743604722814
jqX7tCSYtvzbK3o9gDUBZA0VBqgb2cElRmrKwJrpEqPWrDfXO7hvHfQQV51WhGF8,1645764743704648043
06RwPIkb698xKlSgt7b8k1ZG4Ykkmzsm6HjTXR3bYBWquzWl47up6T3BzntmklYq,1645764743804656660
1FIWgL8CUe2ObYAed4TkVUtUFmEzVnoU26zhR7tvjuHJSPx6ROowsfP5Pd4uOsNP,1645764743904694523
yM4NRvGApYTIvOMNmAHcnehCGk6ecR3Zn5wE1BNqhq6cFSzzaHcNtHZ91eoe3pDr,1645764744004479985
v73wIQkzFraSJZRso1FiJnrKPdwST7HMFJGVj0Twr3M9aozPnE56zwPOYLpzT6Lg,1645764744104462698
PZ97Zc1PdOWEAVbxhg2faR38ms5DxQrMx1RVbTuFrORzr2wYgwDENFN85QJ0rBLm,1645764744204413112
CmHlD902XP1MPwv5s6KEJfMN5fNuoihyVyki8ild8k0XgtdZxvnHa7edkzYZiDXD,1645764744304459403
BFtHyct6Ntb3kCah7NwfSYHDYpkG2HRBVKTTxMXKD8LvJwcOHX4k5Lxb8hr8wGJR,1645764744404482079
bksW4PoFW9An3nBLID5NW2zehomb543eot8rHu6n3Ha72jQKxVfTVe6CRqnUuo6h,1645764744504468586
iEYz8ck9tIEt1eDy9tQeVWowMaOFOUw6gS3o4lww3Ap3n3zwuPZPtLKGviVKBPOr,1645764744604450921
rQgtBanDkdGXeDSWdzvUKDiGuBa5awwPMaHYA4ltfzQHCqnnphIAu0QoCyrkuoAH,1645764744704743181
MRnXTWO9VoQhdCTStlanjyavwRgpDo4aDr5gLTnqFCVqOyHFhr0RqaKk00ZDmblz,1645764744804462941
QoelFRbTb5Jx1aCjQD8GlSylTWxF7gDYVrJiGtBswTnv10eRBkfwDeieAdrFJ4lm,1645764744904274281
v3VAwe0q5nl7nOYw8CtLqZxyCpBTtxGn0jvuLvkRiTYUr4QyGHH4qF004CUv9ii7,1645764745004509118
Pd1kWjBFChj2k70yPH1FU1EYBgUKMARlmQVI9fVKKEM2KK1jZ2w418cDo4XADxvz,1645764745104980730
LPFV2lpKx9NHTOy0Ot4P1fcqh80u3urOH7rJsebnny3EK1FiuH6wugkcmiWpaOCr,1645764745204529803
T38Jik6Tg9g19th1Alv5SfhEOB2wXEo0HuJxcOPJV5Ieyzg6jbBBFqNb0PXXdJYt,1645764745304502910
EpoqDD7jIPNEN1L6bUFqJcRJ2wqfGMWSCLGPYO8plU16TMA4pPs80HR2EFfScCuo,1645764745404476847
XAB3WIqGksMDCXG1u67sOWuamY0Mis8D2HGXZ7nHx7T9cj9XnGN9nIhXohrWZzha,1645764745504542578
Gv7o2s5xzY7aFG53WSAHismWZd07ahhpdmbdcgbbDiBQwGRQjcgPUSw14w6ccnRD,1645764745604755118
X2q9hPju5sK17mSoM8DqY9pc4wDeherFffMM55EAwWC3Gcrci4QECEpEA2spgh4J,1645764745704731854
MPdRUraQOkRcMIF2LdGXr5j17brmGt5cGj2jYc7uMZXgrkgANwfF0OE5x3pDvtoB,1645764745805120298
cqu8S23mbYQQI6bd0Esyd54Y8tk3mYFMO7To9UYk2y9I2iv0wmzXr14zso1dMExi,1645764745904742465
LQUVu2DuyKCy28yxuvUjuYilKjOgvLMHkqkcqxXoGhkInjFfciOVE7GZoeFkxazf,1645764746004395831
QjIHen3uUoBIVOx76KcLPsuBU7tSfs76ZNLEAO6fCHvhgqnmAN5XExji3c8iTEm2,1645764746104523503
b7GkULPecIKG673FS6mg2VN56VlZhYbJdq37BQmng64mB51d9oIBHfEN80wqWW97,1645764746204736579
MADVYzGE3I0CN2nVo5e5itRrrLhLroSByfgWcxidFinbib4UeiYNZzEQItjAhCJd,1645764746304742591
p07Qvp1AVpjEOni2UEP3DbUWUBe9NxmBvtZqgYzCNgOjU4myJ9zUjT0DdcN0Y79T,1645764746404736281
1gIfFHraxFKPK4LdBL7um66PgTOEYVgXAyDND4x8IFWcHrDTAKLvORI5seHR8xwI,1645764746504970863
v9f8CaHUon63cJWlbqeyHw38ZKXfITvBdaKp8ZJuKNyweSfDIJBYECglVDQlgLwH,1645764746604781382
tE61lNw5iu0MMfYdxjBBwrwP2MAgf6yYJ2X4ORA6LARgnzHkgStaHpzH99xmEtKX,1645764746704697937
usbGJjKdtlHfiWNNyHxD4vSC2PyGHJl99NPQ6j3yTIbBoyWkFSvKNNWPnUe2lPBu,1645764746805127010
kaJrJKnmdOwPMQAas5uFTOdEqHEcePUPxnGE81zjPt8jJGJCKBPlZ2zQHB0wYSLV,1645764746903970012
EZhKae3xX9epQwzi7OTfPQ3gb1a9TvchSH10w2xRCaGaWDGbcjGz9HfiIEpk9RRa,1645764747004377853
gRacRW2d6GBaURB48Q3Ffgxyumi2B7csWCSygUZmljKD8UHHuIWXySVrCBtOHTGl,1645764747104703439
dgjKBH4uyP56tMLlesIaImRUvIsCl6wPnfhwulos8txzDIip81PQlpvg7lrrqnEb,1645764747204671642
QvVJeJ9nA6kNPTCXSZyDOrrUagLQRZzqUU76lGrvNcIm5SHV2DgQ2XudCD1bm1RE,1645764747304463371
TYLFnCAAoRurt9MvN2KPYC0kQ2LC1lRUHkh4wsClH6aAEv4bxM0TY1Dw1X72GWUX,1645764747404464850
GCaC2mvJrWT5RVgMreqQd1KeWRemx9IDJsOLeJeTn5YCbCZSpNqSMB5tchfaovl7,1645764747504697096
n9SQT6tECSRncyDRJ4sfFvYpcCPR7BWtIzJl3C0DcPyFNCgeGWJTRqI22gT7pz07,1645764747604502484
wJr0UpB6EALZM0DaUW1wKHyKvPSkMQqJihHCWSGkaaHuaUS4yTyJjwdeJ3PgSFxA,1645764747704457967
wEKQea8FAP9ircnp3j6meiRxjobB1YLvmdLPETeOsl7hNsWPZbBDHa9yOkANJTI5,1645764747804736850
7bSL46husmbDe6cEfmPuMYsjJ26cUNfby8u3Cbv4OVG0bsCEec8zA0iR1m1V9h48,1645764747904625987
ny9zZ22vXIw888KliSktRQIQCKvKzzQmvZjUbjQ9zKF8SYtByb2P1InDcgVZdvLY,1645764748004336458
U334kRBklQsBwjKvKMKLd6WFm2pQx8yQ9zUuQfc93UL0BfvT0DodHIq4KdUGkSer,1645764748105090542
S8lqlN0mpJkyydRwpFX6WMAoze4h5iZVoILXgJKTc4SZgtTV71bdNmPKOU2TAZwx,1645764748204500899
rISVZmzCpPjVGCyNDZyYJOriqr9yQ6tFMMlv6i5t7oMN1KjCufjD1atpP3mp7d4T,1645764748304487649
znM4VSxcEIyDcfOUI7iIfZ54crrhTvASjVUCvQn9ilLKOjpeqVwV42XfrOMKHVly,1645764748404953566
0FBvfy2LhNg54ThuyeN2gufVI2qYXbWVohOUdOpKkTNow5jsj4tNzYsFagn5HIY6,1645764748504775916
zwYdJLv3pJrjOYc5bVQY3GlcxXfEpEIo8qPPCLSzcIgyoI3PlRxphjPeG2t5EBrN,1645764748604573605
0FmAYD78Tn6H67hpYceFJ1uZ4lcIuSdufO2DZ9J2xPJ1Wyq2ZTHsS9QUu2npSOh7,1645764748704697745
mkIJrZLoydnSbcUA3k1VtR0mRlZu9EzuyGDqpXcmAOEj0hs1RtWIKU2lFbdNqbHm,1645764748804458984
rSaezBQ7ZdrXIjYhc2zwX0fmZJ9NsOAhriLotkwQLnvdWTK6UH21HflrwtEoHMV6,1645764748904492513
3pvuZpLucGV6ipCA6CBMpwBmpPY5k2Bnr4hOt0GVFlZvaj5evG0jABVyZ13J3C4u,1645764749004735534
HjGAiWgxHDspxvUqBUZJe4FD6IU7TW2kFIuxnYs4miuhdOXmq76U9JhFa9L3fNnt,1645764749104719210
dfoQEhTyPLf1hCnXJr0RBfelpzmSMZLyE8MQpnOC81BpEzLVoJwzybinaUEv1ZrG,1645764749204495494
fBeUz3f52qtGnCkcVeZTDIFmkTfm0W0gfe8cfliiaZwNlezEJXhUpuGZLvJMPJ05,1645764749304732182
w6hbqNHQwCnfqlt7Ibc5Tscpmw9BF9G9Dwl3J0TGCFv30p8GOkLrbxgLrpW5wlE8,1645764749404939567
hxByydE8s89qxI4J0NAbKpwAeRFZARhrPqpLT2TJAd95vDMvaWVtJP1yoGVyhCn4,1645764749504741934
0bPUdtnlWvoP6AIhenYyBZuznPySZlXZKu1xnpgHkUeqcxVHi1DtY7rLUnm1WHar,1645764749604425936
BaoxPTC7vrvYmPnUQ0Mx5DGZ02aWJ8NViAQ5dcAYT64FTrirp4ouH5TF51lPA7ss,1645764749704777813
HIwss6OMATZdIHT8LF2aKUpOVZlfgdWvtSnlWB5hcfIvul1E11oJVcf1BQgr3Amu,1645764749804472600
cXe7gjoJM6CHqBVpCH6itmh4CNtEWd86AmDpU16q6G5uRYjdqpJjZ0mmMf0sH6wR,1645764749904701020
rAGL9M9FcF91nqdbewLDv5xFkv5121RtBfCL0LYaYicMWFx89GK2LHH4DM3FOU6Z,1645764750004546135
AIs8bRiA7KUdXPmfg6hzLz3YJ5lhZpFh57phYWpdoHHMg11K5iIOfJxzOgeyUrdZ,1645764750104552279
zREVx19lIO5zN6HQnZoQtjNHQ0DsrrRoGeIDfPwyn2v86CYrmMGd4duUd8KTxlHD,1645764750204530161
NXO3wIzhIspN4LEoiSRk4KEfQW8NFOYdvuesCdZVVNqXi2KOVl8Z3KETqLo6jMhe,1645764750304468981
GLURw2uRPkw7mGUF0co3v1XlMLp3gWfurALnCFCbx9gkNAxNlkPglwP5FD8vjnqZ,1645764750404451919
v9K7PXgKeN2zV0NGkmuTgIYtVenCPblLk6S7b9SFUUCzUZECJ6fxODprrc4HDpax,1645764750504517983
t25U9XhdzudSRrejxKeKXTBN5FcI3CGwCJPMo4znycFORs7PClhhFs4I8eb9op51,1645764750604500039
6SNuXMfTxtrOlwlvgSctLfBRJma8Zd9f6WXdqB6n4wCnsviYOKRhzd8HNgPvJWYN,1645764750704714768
060qF5cJzm4rhkO34pk2QqHmWgfqADDAHCyWFYpEKr30bR3eFmedcvN9Z2xjG8tX,1645764750805150658
Ip4VOrjgjlgICiwPUa14VOD4R8lhHcEXSG3o8kUpV97gr45Jc6N6TbAuhubwWnUw,1645764750904503687
2Xk8HFxlO2RD6UWhbtn2SvwApV4MGYII51QLGN6cQVnUzJ9YAwabsWjf1nzIMIYP,1645764751005095084
HziXKo7iHuBHBKpLFQw7wfkwTkCn0kCHhvm2htizltEwC3FRTCWOpGII0S5yCGFu,1645764751104743446
9zuoqclbWzVi3l9Uxdqkt63sY6qjK4dT3XGu71Tb1zJ2iQUd1JNvPOlyVbhndIFf,1645764751204516084
nVXuW0UVxlVdA0GBJe6g2rcVRHJ2ZWhK1EDVFhzASUocS4mjgqOhi0C7IT9pzr8y,1645764751304722777
5LSI0RRQtD1KHn1wdPdJQnOgHYTENbBQudhs28JtLKDa5DWgc700vMgAuAOFjXge,1645764751405122188
ALWARn4m5FKASpr5wp5pBkz4sMHbtvF2GkChXERdUmluZaxTN1JXlGbbcqCUmQW0,1645764751504725958
Aggfv7INr2FQcDs0CBXvR6W2wiWg62hGgNubSCwKECipNapXjKSBQyDKeh1ljgzP,1645764751604427399
1tzT4tlG3S5Q0svkCNtaJ4vwluhUaerZWo0aikolCuACk5uxTnXkrQgcKL4s0wRW,1645764751704528050
kQ4QAsCKkMUVRPSsAxd2OJcifhZdby7LOBmW1wqmGJHfihYqc9s0QVh5AGglEn4d,1645764751804494654
yo70kyk0FzgvgClILcHl5ypFEV0QH21Fr9DZ5vaKuEFaO0rhc8Qh4FuGjug0viDm,1645764751904647492
pPLuKtEF5RnTReA2kbhooc4VUjVPPhBE6V8QOKfSlRvA54AodsaRSdvwMQKl7VxB,1645764752004689614
y5cLNFn6giEkkPYNH8njlid56xoCRlNPoxkBDVFrCUbwt7I8E3pxjS3pOrzpdNCR,1645764752104656203
IvbTQqLcKuZB2pJGs8BbZEOx4Okfju61pfVGUosmiPyiEFw4M8fvM2qOQY37S88I,1645764752204741216
nbWFPM26m0oyFl3ZtiSDkGc8odFFlMVXx1mLNoP7mD60y9Zpp23aIdg5GwI0GnXB,1645764752304678965
mHU74tFq7Lo3SOtHOupeXWjlQ1jgmGrYWMgaDtOKEDOgbFvz9lbeHLNfK7J7LAdr,1645764752405091304
UHRiAq0M1M2cbwZihAMwTibmpurA2S0VkPBuDBHEYHo7DNquWAoxsPjfHYqK1onl,1645764752504668171
DydP9udfASlNnZGHj4FcSwFjT53UrqD5mqSuj5XtVIEJrUabZnB1kQiBUkfJaqML,1645764752604685049
goFPumGP5VgwzFVW2eVk3EvVyYoWOBr5z6SrrjFwEvqBAKgByBvzNrULPHqoShrP,1645764752704679042
mJFd0UXCNNMWf2hcDabbP4unLkZlQQ8AhNlgpIsDdEhJGOtSyU1OYv9reic28jCn,1645764752804503732
6vTwBK7oYo5nAyF6RGUx9bplJPnR8xDFsg930EqX2vKCsXIJllGsM3egTR5bPIoF,1645764752904462584
xxHxB7SB0mLqHc72LOvhPZLsyPULfGZcCqYLv0Xtlqk2Sr3nDwTdTmVR9xlpEKPO,1645764753004682006
Avj3uGwf7gfXWgLjcoM5YqVinGXzauNiq7jkLfPQK2yqjHZL5wPdkuLX8qVglqMZ,1645764753104699157
v5JHkgf4ibuPsSjvO8Z60sd8h6oQxAzsFI7xwl0cMs2FKlAgrhmrYOxFUldPtcI6,1645764753204493276
sN1o81QVuQiE9qt0Yfp63mJWXwvOWDUOZUCfVa8Nzqa8hT9F6wJAjagEUbd0n5MK,1645764753304693445
ZWz368Q5y0CdRJqYF7gyhMD9vo7gtTyTxyU46u72tHgKaUsqcYoHszPmnWShyR8v,1645764753404669915
NcxRU3TNK7ivcYjC7XTxVsjINAzLZ5EwfCNADoXXuDQUm9grf7oAyYSLgQeFTsB9,1645764753504446894
2WHDImlC09ekJIbyQN6MtYfZwJoQ9xZARoNia6sYGXIZprVDFbZ67Eg4VSUdO1nn,1645764753604493334
pAVNHOwVvE4i6XuJ6TPDg3H9WjmsiXfVgBtvZpQS3SA7z4O5WoGApYJLF4DybrTH,1645764753704690017
2KCb9c3D4BI1Eh4kTLsIrBc6Dn2peU4goFFyrG9uQPte4yOXJEoAPOGbBHOolSSX,1645764753804571598
hiTXwaPM0I04GMaZaMjykyZtFvfyN8T3oxaiXz5VF3YWQ65ySnuAlR1yMhwknNlb,1645764753904679430
KLJqIMLVQt1oz5kPsfXb6ZZTETBzqwa9FrzVCK0aC0M956Xvj4Wqb3HpUQoIKMRZ,1645764754004464847
CQ2Mj0wvyI21OZw8eQwDRB3vbpEvAfSK4SgnQcgPsiQEILKulG7DP860wIv4yLO0,1645764754104699694
n4nEeTbU91iPM3J6HPHhVNfRgZVcurcgvNsXoT1xUiNpjev01CfXXJwDsSnkHNQD,1645764754204488778
kIiYjiUCQp19Tu7V4l2b4wpuMaeey5pgLXD5FhFdWGkx8qSCZSnbPaVlB9N7ECnY,1645764754304670596
k0bxfqZB4H9C7ZOe09FNkk6tuU06gleOkFKP3tZ78gJGDfuDp8aZshQkBOrp9TCt,1645764754404455814
hWHkNoqVU9jhpcvekTBaAbLJzA76bJyGnDzA1pfVyPAlz5NjZWJh7cz4m49ON7eA,1645764754504697772
KdILSxoPKy8H2W0Z0IG8uDAhHJ3cOhkiJ21jyp6ImFYojYNjqbplpyQ4HThe8RKR,1645764754604479661
SMBQ9HgvUEjDn4vbgkKVikXyDCcMewl4GuUOAAJeP1qA5lljT4CAok80wiKYc5cr,1645764754704686414
y6F8FWmeVcmZLVIpZVzOD5M9lgiLjIChPPpeucGPC2yYXFL7iKTvNp48VkRC3cuS,1645764754804693558
1j4vJIJWKF2pUNuCfN70AA6duXqx9kNBTP4lhNH1dHp5cjIH7NFFXLtQsjN2RjBs,1645764754904690898
8DdobsnC9cFlMV0RtFgOaXoRGAThtcazpDnO4ZYDBoxVJvwABbZj8NAPVb4OBcM1,1645764755004691409
o7Nsgw5qi0LzwIA5tjoz4xOaWRwi3GjrO4h2ylsglEghUqkLXZKZUj7084g9IPze,1645764755104455023
SghQRX7DllsFZda4AtdcclainHr5eqk6XPXwwc7iL0vubUyjNbLxKtd7AUBpJvvo,1645764755204713607
IQkE0suLqqDPIB8dlRY3IBBTdKIwDBkVaVjaLew9S9YiJeJ23r5L0EodY4YlGIEq,1645764755304711733
lyO4aID2SlijN1lQsomq3YTZbzJpIXd1T163KJ3k3lTQmCrc0bS17ubitsV9P8Br,1645764755404699629
AFuUYyEbjf0Urp6pOXrTPQCIIfQfobWyqPQMNcw4HwW6jbt78iaX8knOQD2EmYAa,1645764755504687228
vaxGCtLRnpVWQMbW5B3DwpaK2cYnAgN6GKMQBfpwTIQte1QjDRv7EVPF7v2FbPJp,1645764755604476924
ieFrH2okKEewG2gRRZWg4vtBqvORIiG0MTsbVeMnqyj6yNVPw130ww9kpWB8EP6Y,1645764755704708569
sw9LaV8RRqVPD1n80q6vlEfYkrgwGnS7jbSI5ZjWPCuaBhgCVn7G1mnjbTfqE7xw,1645764755804340755
gNCjwtEJ58sHpYTKJYZIKM1unek0jfwQ287x1LE4T6LGdmZuI6DdQCVDpFBYu7wu,1645764755904695274
D2rCN4Hr8a5jLeedipE81jKoyVLqbFloHazfeEUlmZU7C8luxx1xhLjdo4SPKBCb,1645764756004503763
jBEONi79GbFQkyIfvJaacKEROeogp0GY9UuWB1eRdtpLr7ymPZNztZOFBDw0DCWL,1645764756104717248
gPrpQVE1O3KD9J0WsLVjssy35u1G4XbjwTYLwnKJqfWxwURmnvVfnTgsMh6QFi99,1645764756204697064
9iS5TnMHQrFKLg67bZmO0REM8LlL1uTAavD3gYL4PYOiCSpo1aA21NM9g7Th0wpY,1645764756304707952
r2aWataxRxgbPTNP3WR2tlAXtdErZ1NO3xucoTZDQDpphCEiidlZPt6GWI53JSRL,1645764756404470997
OKvCnSQDgF0LRD18qkhDdoT74WAOzchNucXh4xsiAs1a31iulN7NBZUG3fc2FJN7,1645764756504712737
ttovqec1UdZYcHSOeXjo4B28qe83vUAoNwjBaLA3xjbZ01vdYcRboRhc5peyHome,1645764756604689553
jToHnyKiivFgw9JTli4X9lACYoAoauSJMGZ7Dtnvp2bj9tCtZEQjxYtWK4KvwkCG,1645764756704709972
zlNCdA5SBeBIXMB7aaoY6h2RjKKg4Uw1EIDrSGHbvQsSm3XLbLtg3v5mFNQHpNJ3,1645764756804505623
fUs5l9feYX6IYcd8xWmyPrjcE9s1U957dvDM3q0bL5tthXzc1lbPcKzoRrqw0t3c,1645764756904688251
oEwr4vQN0KHfpEHo0qBa8BNa0BW14ZbqmXgoQ6CQQR3DfJ2d7BEGMZqNkKMmrvcd,1645764757004495685
QGSrNeHl5JzkazMhAaxV7lqr3Cbv5BYVSyMpccYfvXOVUkAdI68PpwEt8noDyKiO,1645764757104716644
J3DtfkZaHv3kfBNxHTK7PW0VJmgH4MgLPrF4bmcrfdZKpuF6NZBk5BDMvtd0DHJd,1645764757204485134
7WfiGIXvt6Fi0SpLz032AGO3721JHLuOrZ58pc1jhHPfhEzhD2jLH8MM8OfPhZmW,1645764757304714355
7rcuRed8v3maFlHQl1j276NFS0c9YOffDIZfwBlpCXNPIfo4eX4lbPy1QYAyvob8,1645764757404774881
48nyHZlR68pNndPP8R8ip6jFdsBYgkgiqUg81RX5ZMQLxnk6Ftm4xVHaNQ818njy,1645764757504462485
FP4GocJMwkhuXPykIkmEF1obRvcXgKWvhY9W8Ss5AXxgwvODdBRqCDRc629mKdf1,1645764757604513797
AoVIFLLNsI3nBQyobPdla4Lf4TPO45OEttX8DqU59VqIvo5UBiGkkZPp2oB7tZJl,1645764757704716439
RqrehLhorY4mK9HUrVEa2bP5PYAH6T2VIr9xDol2Kpmfx19mWLMZwjcJIkaMDarT,1645764757804718679
Q0Qdo9d9xPmuPtgvE3S8k2R2m0MyaDR0Bsby1C5yarqziXsuYJ2ILTJ6Rf20rTy2,1645764757904448552
Ja0Jk5HKu8JcdAW9TWPmyisPMuPDMODfwEygHEzAKImxQH4tnTglCWBWRYhnwuQs,1645764758004553406
6PXMbWWvmGqDXu6JNk4XHD1imiTgbrZfE61paViMmYZHQeamOdJfqJLazmHacoEq,1645764758104311802
sFeSlMmVtKmJwN5K0NyogHNf2cEeQSSGf6iORStKmedi1j1z4xlkE6NEibq61JMh,1645764758204499918
N25oVx8HbmyaTzZVwIF8PaN7ADCBUYqsbug6rpLQZJ00GXVAniJCIeIQrUaK0QCb,1645764758304759467
Isf7fzXEGVCX2hhqNy0ecG4Siemj3yIJowRUvyi9SteUaKIyIHavVeLEH7vI5Dbr,1645764758404479260
70L0x2APvmrT6APPPzIued8ti19lDkcKjyLg0T5tFwMM4mjRlzMNaSEGUN1h6dzp,1645764758504722710
ZITXlYOzSlJVV0wEzGcXjonBCoqGPp5x8YSr4rqUc9z59wJ6AvdtiQ2uCsAciDXo,1645764758604660754
jzflqWFQdFVn9ntJiVBOvDI84QikdDYKAD51hLPLYt6fgxwMS5lOH1ULSA53LdOV,1645764758704733807
oRUWkupIlvvRsqlLvWhCW9XyHazcDL70ncUXUJoFCje4ZPNTu2fQBBOSlL4xhAvU,1645764758804505833
mPzGgnVsV9u2WIVQK9qUKCu3YxyD7thtGg9wUcoxjjzFzVgHcUlufexBbuOil3b2,1645764758904483463
jiwBKl83S6IRbwgDPQ7442DfubLgewgLccVwLdxnjDCI8tTXJYZLZmyTLJ7xDlIp,1645764759004790486
OnjhPgT6rfNzWoUnN38un6N8NT3aEMPa78GUojbeOwdtk8g59nzxrL3Fo7p0RFZY,1645764759104483292
Np3AYcmuYPnGVUMfFLa6gbLSi9R7O0ejpfrNHdHn133WVN9kjjqNJAozJF7fFlM2,1645764759204481626
QENfpeSqhTLCrUuYCjvVthUAwZp9K99iLWNB9pzqHK18ntgzcZSTHudBUQJmaQVv,1645764759304731712
xs46g4uxMt59nj6PIWtXRUhtvyfTOAOL3TPjVKerDjz0S3OiaHEzjtqerV7DeUXh,1645764759404090321
vwOOE2FSjCQ9Eopo33llubPj4VxizSNsMlGblT1SgPZuEPgFQP0LyO42tzlqR8io,1645764759504546936
syNbPM25lbxx0bBR0BmyXqzOokCFqu1iqMIGiKJUvFRwqcLpm5lJtkghSsxJlwzZ,1645764759604505380
JFp1Z7VTMvNAXixJnhbeRFMs7J9sD6SWMFYtK1MewhpSNkl8RKnrZ9jfQqXdwxAG,1645764759704491418
DgAVfUAaAz2Xhlg96T0dchI0XodRlliwPqS5IcfSZh0GSeNW7NAh2ShZEI104huT,1645764759804798132
VMYnwBGTsEiJs5pxRzeTQJ1eb2cdhX7CrdxonDFdPxwF1mCSjov77wkhwKIbrNnj,1645764759904728496
zlVmwiPKgMZh6k7nY0texdJrxbTnzEUyxxkuf7CLRl0XV7J26Cg1nxsiYJTXWxTT,1645764760004573072
sBLYJXriHqEkvXm1hQ2SNvAwCeRiZtAS4VyL1p4GfG0bnncSBfuZY4TigsRElZeo,1645764760104524505
2c91RBH5PIgC3GeEtWlRZEAD5ZRq63e8fmA5vRALhoVk48xyegNDtVPy4qoAuRHX,1645764760204568493
BRc6qkPYYtGb1BXdssplOEhQ4VZwuqS5F4A5nZbJSquR1P5rIuce8J4And5fTXlg,1645764760304273578
ZvkMULgvBYMByR2EJdsPuwYfYbLz66gfzQ0TjgMtEj4A84MQhEpa9LFfwae2eKgd,1645764760404583649
ig5SMRLY8NhFR1f7GShNou2iTgj7zPjh5m9PDSvKpaZFcCKqezDQtD9MrqSqFBWI,1645764760504817574
xdh84aQrBx6n9QdmPoAH1Hdq73fMCBe7mJEquei5amsjBTTaHepGtR61UlNfu0mf,1645764760604801301
J0VDdBGDy6w9ZOhq0X4tyBuQuG5nGsSXsvjV7zi56dEdzvSzQWqOflpYzuJFklkb,1645764760704780154
eT4lTloXO0ALwcIM78jkrYIoQb19KmkzFoigZVDvVMGPwWm3fToUz4JPgKWy6GvK,1645764760804578617
5c0e7EYcYm2UJmWwFIQCMhb006x6MsORSP4ZbaA9MCbfw5b9N0Lifugf0dkNU8mw,1645764760904732831
VoW6OeDlqnOksytGwEwb8cH9EzWi7Geb58fTkrCaeZKWXBkRPe2YHHhVEBBKRnvU,1645764761004783240
uayeR8F3hXYCjGb6veeAtJf6SoQubLMVtIAJRNM6suHZBsg6UKGMctS4hswGBJm4,1645764761104747258
buN0Hk77cMhnENtjf75HyVMdNGuWZga9Yw9neEuGab2pwtWc1btz6DbRUVx19VAh,1645764761204776143
PKU3YOI9yKyuDUUC3OA7ZlW3GT5NwF4MXWN6sfDqxBj9dDLeZVj9EFAUgDpcRtwy,1645764761304402218
NK4GxH4vQl21zNdWrMf5boYF1NsSFoRc6Tq4jtx7ez7dKkAB7nFgbnwb8m3NYSyf,1645764761404559091
umhbfegKbnvvY35drKHQ5B1Dx3ZWTV9NHqwvSdF1Q8uwCzX1HpRM0TYyU7SxaZLr,1645764761504789577
PFkpszqH6kDIkjJzYiMY9uUdzubZTuOq99f08THCESUwBlvhUFEd9iH6bqf2k4tr,1645764761604947129
DWrJ06WCZy8ik1QCHenQK2XtsAwaEnSPJHjHODTvBbbtd15udtIwtnpmwlMAYmYq,1645764761704518919
2H7OUbHdAsXlsafTRwPLhF5dyPmVAKLCZQa31peAhBvXkZ1BTOUAdZmczY79qQJP,1645764761804563524
qrQqg40LEttwSs5vGa4s7qS4MXBAxUZlLxb1zZLBTE7v4BrIltAqjcv396D4bkqu,1645764761904830238
hRue1FqSTvNV6Cnp5ygmYbpgh2kGkaBR056zKuRlpmEuz1j2xPpU0eAgfsuPR3pP,1645764762004863545
8tMQnn9aXLUWLEXIbMkcysGblAzAEoZKfvjQgq0DCTiXfFnGZWqXO697F6HRuolX,1645764762104507038
jSxPJvbTOJy3WjI5F8aeFhjUn1vfpeCX59uM5VpRmlTGUlLitwK6d3YP2R4s4HN9,1645764762204572531
OHVRlItV3KmX37Du1X1dbX2dz6T3LqCk6fBrx2M0M8VNEjIFGJqposTnxwoIly2r,1645764762304519423
dCiaC2aXB4uNnCc1TRrIJK3GEsXzqXqShW2uZbRifL5SWfRz6IHOcLepB9ozhdRO,1645764762404584551
9SGg3hOi1T8X9XWDqmbQ5EFGN2D2ddRm5fR6NpmOHuvOPPbFBDgERtUmtgpWJEHM,1645764762504556867
tiSGVEcm6VAVtml4xPJOGl8APxgiBx23dUH9iuvoN4KGo3JlSa7iJFqjDXPMSSP6,1645764762604801239
wfDfZ6RuAjBymShC2otL2j2DESZhsxlocwR92r3DaC9NerZedQyfA0qOQO3ILm7v,1645764762704566262
iW2jN3uyG3JssqXUHV9PTynuMpChbHaIoa19dt7ruOknDFHUiOtBMe3iTGN3XvJL,1645764762804588759
VIT7Bay5xgsAv7cbUVlo9oVb4qecmvvFDOMOxLTs1K2vPeWt7HgE69p8zRijMexZ,1645764762904792360
0JvvcPnchnV6RzyWFelJnYRkyAUImRskilgJARvpFOweNsBcWuvHSLzOVRhFsXzZ,1645764763004592235
IdsR5lGK9CyU475Y10nUJnqoCX1341cNeSojB41KF0mH7ro9qbb9MRwZxxc1wCMZ,1645764763104542613
eAGpDI7QGrhNjVUZ53iPTewQaWPWgm5KwM77cCXs4DDngiKjj07Cf3aDY0jEmnXg,1645764763205030464
7cmjpHbrSoc7UwqEwvOZzxmVvUjfHGJOr55gLgXnS9uv3j9zeVXbQJ6Lno022KOt,1645764763305043307
NTZi74UYBMTE5aCk5hJUyQpkEomE6B8TcfAkkcItyl64LGmOx5svTgffSQuYb0zB,1645764763405203743
f7vNjBFiwLkFbUcWXSP183eYTW62W4DC99XtImZF7HSgl4AIVaHbduA4QE6xIJ7S,1645764763504802336
QcJjPqwU7M9qPH6urOVSIfWguabAsiaIJrzghtAmGHcfZjZO54rLiL1cubkmHL4a,1645764763604792972
C2GstPe9gFmDwJczMRI4kJeesOQAhTksV1kMOMW4ZGGVasSuHky12cguy64gXpW0,1645764763704354128
oGNCarEA7SdfK4ZZoVbq5Fj4JniraErMSEW03jABBmoUoM3crcRxrAzBvf0WrrsJ,1645764763805200076
4NJ56SGHC3l0PnaEP1BH98Q5nQZeFPvHmDNsdb8ncrn1eLE4NPJUWhZH56uIWpaG,1645764763904595134
0v9dUFO76B6lVKnsi6KEnsTqyN8SBijBbqn45BBBLFwqYjgGn0SYstOpHXHSD0bn,1645764764004821427
oOrtY05tFzjlhN1UNR1ELP1auI26Hdt50ixYi0Pvz6hgTg9o6A0PX1zQI1UZcNcc,1645764764104320501
3X8lXXeXdLB62It6QtVyvUMDTqk3BKeEsmxNIbuvx40xMt3nmYjf05qTtaU4t8Ij,1645764764204478903
vD6Doz6l36gNxjAiFtNFwEgpmBrfH7OAKTL9SSsVWZsUG1AWsXjnjOcWXS9oZWzs,1645764764304599808
zKzRkruHOmjflt9eOsR8G1cnTla1HZrErqfchZt4Kaj5Tshpi8vz8XkbHKaWrRlj,1645764764404596342
FOLvyCzGmgLDY12G9yDHTyrkGPF8p0p4OAxKMwa8cuL8tLP2JaInW7VnWktJiiM5,1645764764504595503
qJNCGwIqqbzjwMjEwzzR6UCbD5utlEybYMlmI1c6cZnWtUkoUjFYCR7PU2IFEFom,1645764764604554419
ZZWpY9vAgggaAPOc8b9K2GhWGyjVBXHk4oZcvSmZ6Q7EpTrw4yE6EuaVqJ01qFju,1645764764704535470
1GUuiEUofZ0S3rM7nZE2ToXJ6VIwi1pkHJcxY4jBejbhZyoMX0MynrFtMXn3Wcll,1645764764804825343
uNiQSPZ668ld6X0bYMXJEmCYJxbpYMaSiGq8dNCkVxNcULB0ghJuTVQlT0Y1M9R2,1645764764904610786
NFAzcMj7J4hmQrm6Y6y1ZOm0MLzjSOjndumFETLYY2Iyt42P80RgMBgjUgQu27ig,1645764765004573897
1StGwCmSF2Q66QWDOvtk4ZRZDpTEx9uwalCWywyByMF3kjE8e7qheIGq5h42pwzP,1645764765104355604
f9tb4pm0B03tjF1MMr3z7HpDwtDlnA8SI14KqoKzmMqWbrqwjrvo8kz2bBoMLuob,1645764765204559125
wqvkdEiPaYv9Oj55aytgitjH2VdNPQxJGq2t4iJcGCmcuphUob9USsmULNpinm24,1645764765304607819
b2vfkCIyP2bJpIlbru6Jkql3Dbm1Lm3woyaYBqWYs7pfOYHFTLZBBIFMr1LBlO5Z,1645764765405179578
Lf7UVd0Ljp17NGMobtykAB61CSCvoIU9vbbRCbktOj0kzLYYCUGMfLOpnYkZoEhk,1645764765505086300
pI90sttGbu0YDX5P1Lmhg8WRgH1TTgDHyKHoBA5m23LDaQdajNFQVlr90qcSWnjT,1645764765604593976
70HJ8K3BOMOwmzUUMjupTlxRcXt6LcZQarhj9lsX7ESsEwMYgGM9zJaZoSg94FYf,1645764765705199557
4FOE0Ej6SBye6KDkYXtVoR5ctjkwyIb3VxFWBycb8YGEsRyOyptmEwM6f62cMbds,1645764765804576620
WsMfqyGyWWAMx8itvZfAW0G96GlRrOJNGf25bI15nCRkI7cEgHOAFcKKs3ljS24g,1645764765904621312
f4jGKlJ7vkqDpSPVhngxNyHF10wT208h2rvNaESVwIjli8GQuuLHscVucRLcQTJQ,1645764766005194591
JCntQGPMW65FCLd4EyK6Ypy8EIkcj132Dowb4JxZN2oXLRcXNwcvja3vslYcmZcx,1645764766105193144
NWYSnT1ATnioCIKZCwStUToNEKxytXvH4Thrwg2PTiBd0TAAPc3u5rFHCCF3jAKl,1645764766204815899
b1dVhds8L1lJVtRuVUmYJ1pVB4XtCrelrHEYs6fB6OUZItRlNEKhF9ARChIOXw8O,1645764766304640714
CMu4RZGXwi6EcXzzjJezRpOdUgz1a7PmUKrvr5QnnWzP1zNjG1gfo4IJiGIGNi3r,1645764766404411248
0skrxAfiec8eZTNqS3TH5mYl2q1NW2DWuxMp6zYkbeOB7jzZmSopCMaCBcafenCX,1645764766504789515
iWMoVsZ6WvFbdEBNhxDrIn4TNc80PIX5oruJiROEKdoxszLXuWOCJQdf2mfP2AVr,1645764766604888549
zN8hoUu68i2yfLVZrrm8IPnK9QiCaD1aa7FMc9QirSgUn94cyolGBWZLxHVVSW30,1645764766704638781
bJKDSkvIBZmwioZhcIvomU7jjcDB6G9hZTt0CmGNM0J4psjP8fBv7Gcrqp0w68cf,1645764766805078945
bTdnFtAbuSehKL4R0GM6WyvNmtHs1rVdK7OY0X9szlZH7ei5s2BMz6jl0zb1q6c9,1645764766905185130
DzhCUo4RacifEPk6PwSO0A909i0xpa40XlA1YDS8p9l3YV7xPZKQhROoAMmxxqvS,1645764767005078824
a6U8JuE63z9ZSEVslpGTGcHOz1JuqFMQJoYcjkimjpMB3r1oeFFssXHrYajOn5m6,1645764767105099027
sIib2ONjBhtCWuzAAE10lIpIqYeebPiThR4knQTz7M9cF8kNNlN63AMsi1UJOCn5,1645764767204831736
bpnPFHMLbVxoeh9zTU5UeSMMRogp1RucGizWxJpWnmJRRSOsxTNbthyKUc9V125H,1645764767304863530
i5ldMa79KQYktwcoQxPHdLc7vjawlfCRix25WAEoYnYPj9D74bPhwzmqiMmS2yrk,1645764767404621697
uunQ42Capj0WsDcuozcjyOXelJ4lIwVAqJasJmS6TScLeCGQBq77CemxwqgEkCOa,1645764767504626030
TwQkgrqAHQTvdhKmXPui4ef0UKCFUYnxSCf83VGKvkEWPWJxvBdxpGxHa7U4fGz5,1645764767604851646
SeCV9Sn3AzXaTqVPz8MoOI4zPY13o18GfIjnlVotSLTwAwL72fwRv0OLWNMLOSb2,1645764767704587684
lJnUoZNEupA2lTAo74D22ZLYwhtL8TLrk8LWhikZXvaHMi5TmGWmprKjXC2ddNUN,1645764767805234366
TptAVdi3WGIryNKiboUOgm7BwAoZXGw15n9YRpZv5rm1E5hntBBZwJisTUSykMxn,1645764767904626066
A5MZuvUynFxzKflDowlkFRbgw1feNaSXfm6YfZUQmRO469Ht30dJSCxMDa0bBQ6o,1645764768004648874
ABMqioEUGcYKjnDnmp4C11YFaWojvuX53stlg8DuijFSVSDHHFTJGzWoTKXOC3UG,1645764768104828760
vLzZTDUAwjaR9ngR27iG6E3YWawgbOuWiu4B7YJ1FtROe7neFTvJfwpBWmq68kaq,1645764768204836297
ee0jAHjPBAmnHXSU1LmgHbqnLgtUQSI36GkHYRehbOUrwwJxH5dYhRK07BUWdlXk,1645764768304659252
zFzXhbEI0j7udRrvUSR9ulAzvcVYN2GNIDsxp5FnmLhPmWIEykOqTYqOAJvWK9rc,1645764768405244226
NjZAomxY5eyr8G46ySvS0lo82jcMtTwGBTOxGLWLxUB5iF9hf47dnvjqfMAWp7m0,1645764768504674310
a8woTS8OuHRcUaH9dOmOIVCxpNTfUDd4LXrmzzAtGZWk9ltk8d9Q6JLwgmZ8xABI,1645764768604853365
i22f1AZFj3zqoqbuRiKV1fRgRyoO7zenzeS0m1FV2CMp2vjRb4xahMG7J3VQ28D2,1645764768705208261
kd0XfE0fQKURFEqoInPzAd6Tgarhg2hOfhvItwyIGShUeXIwLfuTJyuzWjeAlLZQ,1645764768804852070
1UhuOdCf5t7kPPei3WBMV3JzmyAVJjtKBaDaDPDHHKzghbOk8X4bYOaKMipdRgwd,1645764768905042223
H9BSWOjnggRNIn6OIAxqWV8qEvSfcOGtVRJ1n1nThCpx0tJI1G7YkFMyBobnAqef,1645764769004637228
Hxh3ySWeeJbeCtvE92ktH6pQvRD5HrjWpQXls4PULz7Ys2k12UtHYiiR7vVMlEtY,1645764769104839322
cQJUShwmg3IY32X5UOL253UCwzZfDQDpoVHFAD1qFJMIJtOnGhpLkHXeG4KRSVEH,1645764769204831472
yVW8hVwwmGC5AasOFfjxxGcBJudlNr2KLWQ0zNuld6olfg9uKssH7SQOM39htA1C,1645764769305233563
gSCen4POAE8nsHiA8YPD0qbKti1ks1wZT6BEAacJmk6d0mn6KDHK3qeuYefRfZy8,1645764769404308216
e9Kmhu5UfA7dwshH5yZ8oC1KqglVDhbrqvcYpf0Sp53kxk13gY9SkAnaoW30Eep4,1645764769504508697
XRaL7YlubpeZXfaCChewqRVewWcA9SCgrlzyJltvYXS3B2FLhuFXJkADFmNOEa26,1645764769604613569
L22cltVHPxKaxYtfQ8AhrKv67IUJqWN9WOmFHHWgDpEAN5nnEyU5INBNefhU92eg,1645764769704741379
QOvgdQKqFX1ccoNqkpv3D6Orj5Jr6vVWJQAxoVn32mdeZyVJoOKzVjoCm73q3YNK,1645764769804418902
xVHl03n2nQfMN8eBWw8zfwCQ3DG4mbPh7eQ5hD6VclpztR8POGP1CZRDmgIWFfBK,1645764769904622380
JcQznWSNFHK6jSV7gs6sPW4ACMePzqiIQ8HDcjZpztvgMOl0FrteNvoXFRvEHdWf,1645764770005247334
jmqLTP8QJ36dPpdehUJ2N5acWTql6LQp5F8YeGzvH3YgtALYcca0h8aCbRxhkMWp,1645764770104860534
bcNDsK97MfoFn7nQjLOQUyc3NYj7sDwTqIgganowTaBGhweQG0oixRlKxUQpiKGW,1645764770204881275
cuCBi07BYHPFB4fR2U9zttKoLib32rXdjkoRivaHC0UO2An4cv2ToKF92qB4fifO,1645764770305249488
QTq7POOZOsvO0hRacT1QlGXn4gpjNV8lywsLKEth5o55VUe5vdVgs1RwfHg0komg,1645764770404692684
ie22ttjyhn1BHdGBHkr9jH3OYjPGV9wDnwEepxaVkag0Du9Sc0ZLFdilK51oEy1z,1645764770504651672
sFeiBCDtmrtyl2QM1yhEZN0tS1hexhequGY3SjxFaoDJpbfoXL26i2092fnzKPnD,1645764770604616723
dJG62DJc0Uup3ZbbudhdefkgJXdbvRoYk5clGtNGLH3Ppe0jIfKuJ4YcaBDVa21J,1645764770704462887
5e4JVParfbGUGEBWtUOCYwm670Zg0bx3D1MiOuZ1WpTk3fEv7c5fYqkdoJHouEp7,1645764770805255824
DBqc6NbaD5IEiW7p6DSe3CFrWXdOjSWxbKXfh8DsBV5tzCi5NBhONxDrSoG9Em6q,1645764770904609381
4bTjihctCfnCrTHDexb0uprKd7TsrYgv79dnqDh1sSBjtSwYPWWHJNZuT3mKZQEe,1645764771004635973
YrSO49NwZYdS1YyO4UeNqDFJE2blQpQyesLgzicWHEwGkvcmNG7BSMSeM4QnrolW,1645764771104888144
e4Abnl74z3IjwuVK9cVbyyFJ0d6rPpL3uWefHljEnzvjtQ120VbwTpFRSJGs9ct1,1645764771204638439
6YgNHNb4MWmFunGsIrmjg0A7JRxQ1qP7M5SeQ1gmVQ0NEEDU5zCkxKpHjmfka5pv,1645764771304648546
8HXZGDJleJ8qXLIbJULGp8VYu9JSE6NKOute6BOiSWY0qqZ9LsNA0tgs2xKE4iYQ,1645764771404648848
aQ4gbQO3xu1llYu4QFCO8sGAqbMuHvKpJMWsnutintRYRJaqYkEhcVpQ4CIJ5a8M,1645764771504637347
veEgX5OKynqO6OEe8SLiv97xJPGOyPit1uZWzvowieKo0WS8wmpsvwnEL4aJRIAQ,1645764771604654687
Ajx9cj3KON6MrZToJIeEERQXTypuGzJOhEXJxbcLwigmF9aYRCmdbAA58xxMxGkc,1645764771704847443
UGvSpXljERVTY32zFmcpxlu3irOd68FaO92BgmvsBQMkSMhf8KU33O5jETNKbcuy,1645764771804445988
lv9Qf2IqRcatyIY5a18bNDKbghvGIoC1hLRKMiAnKjgHzCMXBS8ZgQAK64YOqkPV,1645764771904655431
4ppQVxDngr4d1Q8DtEmXfwplyM7o6WH8J6Yo4jciagKa5SnwhZRKTE5SaCEhgUn0,1645764772005231148
aKmc3OJc3bC63z2iWT2zf5PGHcvw6iue2gH63Yg69qCApCrJdrIIxgYCIT8MC00E,1645764772104685690
hFIklwoumy3ZAssnj95gpct55zRF0PSffiPQfBJR9KzJCr4vy7cnhTqnSH0QhS5K,1645764772204723700
9Siod1DkJA1V25P0BzmsScdsseJX4MrDpXzQXBBqLCMLGjKRi6JAgx0YZH3besnT,1645764772304910460
Qktxv2nFF7YVqsuWyDed8fBfwFHa741VotSivEvAJTdAMXeIjJvry5VsKmRPoQva,1645764772404725711
JLGDXBLrfzzzUdHDwB3sGYlaIAx6aqeuAv7h6QYjPXiuBy5598yPehxwrs0PhfHr,1645764772504649506
aMYen5MCc24l0Ap7GlUvSRpHIqezTwq3GMf3R1E24Gl2QaAfJcYl2N0KBdJeZ7fp,1645764772604906692
TLrtK5tOLePkDXNW9vGBGETSrm4OrkCJ33AN83kRf7BseYNlRbxipQ8hBC30uFJv,1645764772704930343
ITJOW1qA8z2kYNVxyQforlT0yW0qkIm2l3RG4FQAEQskoNikmLYb7zb5UZtErfEb,1645764772805333756
idrksFs5dipR6XAqtiR0g238ZwMRcY2ICr124t7hcx7gSHWJxvJdxKlWH5vrcx7m,1645764772904400908
m8oq0uYapfEHuiZrdsTYBE4SIyHutMggVSUTM039fHPXxyPaos8z4APM8gE03sgW,1645764773004455317
L8zf90pmFEKCAjmyZsyd2Ny92C935nXOvU34Uqrh2BtCsd9RV54VQ0eSDlTGY0eS,1645764773104773489
SfWwULbWUUhM7qlavo6LoimzSDFyErQeVxbzGCVlfA5k0rJtdNDR5xRVAeUMUu1z,1645764773204958594
pay6kRrPcu8alRSMoforaDNkpr5Jj6IZgEfOgUoGOuq8LGU9tG0TTLCJAHauNtT1,1645764773304707144
56PlYBzu3o0O4VVyjUPBpbS0s2sDtLCzPaixjirnWs9YLfW29uDwVfuMgmZZ5kYS,1645764773404942896
KFN3xDoR3yzMdUOkMcerFZDvJlVNV1nnGBqBOfaPbalE29wOlaDz7PuP8PkbPXOd,1645764773504655107
gCp4pNRQvCexMaJ59V4Guzf2MPdjvzNbBAe1X5RTI6OeeihnDm25jf555ipyhCZq,1645764773604926324
KDrrHJKZNjB1PsnacnfLSkRVQET5O1viCnZT6s0TbBS02DaeyD0RxPuLbMQzNLhZ,1645764773704714799
8E3C63dfD4dDFDrEOpdLCVgnr4kEQPoWephiqKO1M1EcD4obrRv4wZpmea02zmYb,1645764773804695571
ZFKOYgPuhcWsgIUVhPXcwNOavOcs99UiMm4uSUp74J0kcUDJrltn6HM1ewrn5LTS,1645764773905322838
5YKX09f4Rfm17zIwkChqT3p5yhs10KR6qmbqtEsKreJwdcsMoaAFb0LZhBbfT2lJ,1645764774004854717
oL7gZzyPbILFuEZgojtPhExOOY4rYn9N8E1gEz5pHQ29cZpOJjm0vjNHHP7pAGAH,1645764774104694865
U9xg90UOOWYz6LNN29LwsgD73KvEY3V1DQhKOBimgGjka75cEOY75kC825Kb9pcK,1645764774204904982
DHebRMM7b5pBAulPIIUL2gU4kmdtaDBnVpNu9hzkmotxgfKwvoIvUkxEWb56mGsH,1645764774304664606
3F9Dw8vgupbaSvXNjnGCVDO1oS6bgwqk90v36qj1dJZ3C4Oure6KsSMeuQDbK4JT,1645764774405254627
2CW60D7eUffhj4bZihtY9DD2bQdvSuOS6sZ66eiaJOH3Sqa8VTfdfsfGGGCjAYBE,1645764774504654628
RiKVN35gRLhrBHxfjcIMUxcjBmQJJbXkIrDfsILHb18lG4QxggJ9busmeI5xrcf9,1645764774605140870
RsoI98Zk7gTNkrLQXcZ8WPuBhx6XXkgzaTHjZoSgUv3EnMdIzARVaLeFJjkqTPn3,1645764774704878231
s2lPrD5J66YrT9ASJbvruY7BHr0iEnj6oUTdfYwmfUb6blWvKRmFxrQEhOuvAe0y,1645764774804658814
8Tbo0XYd09jZvFUDeFSc4rolDjfNNdLT6uF4QnhOxQxqdQ3IfUuhJgRWP6skjBCn,1645764774905252202
6RsUDXs8ynybDzrqRjYiQzDn35WkGgVK7NoIveQrQMQbKISj1ySPvfDyihiwNDHU,1645764775004719650
Z3lSgBH6Whhqx7Zz3zOyeZwKGcHdoY6LZrlF02JWhzKf6ucAty6WY1omb5OPbUiB,1645764775104677809
JTOHTimBf6olyQtqO0MuzAhaE3ypXgyo8L3Z1pigwWPsuJiJH4BGDqoPtmCORBCX,1645764775204897465
UE6V3nBxJaqCrYV8beMmV9BMvNlKWvr09wVBje80FwC6TfD4IXongx9cIsupoknv,1645764775304884838
gH6NvFLABWFe9SgRzSCePMEiC8V0sIuWX0rTFDbPjq1sGgIE8UsYo6E1Chz3xtZV,1645764775404664972
uRy7eZULOUBeATqIygomk0lxhl0fcXAUy8aaf4t1W5ggWUxSBlFvmysRhq6KOEoK,1645764775504682947
KMv0Po1vrfcOAZqJI3E205Uhva1Hnoc78V7XH7T9k5VscJBuLQxLVP2Ox2ekoGsw,1645764775604574433
lxU24x9n0efcyrUJFRciqe6oekWSyOPjMtkOorBoWpOSgsjtILb6xhscQP4OnR67,1645764775704894021
IoU4fds9SEb65IzNbaRZGK9ehB0Sd4ats2yWfof63FC8XAT9iugwCpat0ZMbduVW,1645764775804679474
wT0ZFffIuqOQypXekDbu29o0i8cM07quYqTnV74OvSmrIJV0U6uWGgUym6ImB8ej,1645764775904690795
y8XSDZo61axHrSFLZ8pnmJjZO2JZ8yJ54oXHNJLMtIcikp3Hxq2k9mHXmY7sWOxa,1645764776004676292
ASpXl8rcQRK9HLQEBTwJDBqxkvpGHnpRDcwxlmZ9DsIUDjhPAbiLnWIXQ7lhsa94,1645764776104685806
B31upa33SMVe3C1BohWbDo8bttHkSQobRpVHPWIqqnUt0T2mAYLLKRxEKEykckL3,1645764776204554163
ZoIwLakBOE3Mh58pcTBuu86CK2vwmExL3GGMo0VCDYWsceiC5t6xzB8JD3D0FAJG,1645764776305278729
OZcDa6NlcudCYLOcCTZBefSpgfpwo7CCgnPEtnzThdgDw2n9TLK50nvhQibEpnRW,1645764776405288586
YoiPZitEJXSDZDM3Yf8ZQ1Eqkp5ZaU37GmWqSN4jsUwSiHTEwZnKbzALoDuNfwUw,1645764776504669688
iym8MorEHlez27DyhzGIyRblcT8GPaC7YwDsi45zojwqpAnU73k3SLm3ouJESTJ1,1645764776604673584
NXr5Zw5Le1CR9xvE0dIRy4UkxlwPEEOZjGeGChcojoFqj85jlL8hPcQKLMiXY66F,1645764776704558097
MlWXS8J9uZybh3KTOT8l3Y4PtmuRs1fDkBiAH1K9aGkGJ2hfTpOVOSsFEme5nJGV,1645764776805287850
UygjzysYEaoVdTA4IWZexRt9EYEzrUVKQB3Q9uwNSiq3By8RUh6P9xZLTlKLEpde,1645764776904707646
ye27WySzeG2pE8HjqL8xIfGmRa5fOgJMKMSpIsox9okNx14lKBgbqwNHUQus4EDM,1645764777004676823
YfBoVxjemU0hT4QoD4P40kJU8CLCQYYwBikgfUJPwJ6PLUBZYabWIszO4KaSq7Oz,1645764777104901670
p7fSZysVFysbR48zchWvZVJcns4dxRckWFC5C4YR1Q0SU6R5nx0NQHxD71o4QQmw,1645764777204875689
ez1q3XF4yEUQKwV8rTTGjQTqPItqgfkIem8gHMiDaDeu770yZREIpg6Fwz3afntH,1645764777305269113
XzvpLe2vpeowkosJE5b3lhGffJFI56Xc6TPP5QLs47oote57jgBSMR5zjJHoPoOT,1645764777404460461
FmtKCCCGJy3Cb8KKnTl7sq6b9NNX9m0PYrhi3swMozXP6pkrITyAH4kRP7wYruvN,1645764777504700455
md5nV28Jzfj3SRsisqs9saYHiUoXNjv9Mywpy47whox9Fqr5giEZGnowFcUcKNjg,1645764777604676552
LeUKgbEOPBVc1Lhg1vFHg1EuciWw3EaOs4gWfus24Oe5hLliFyxtyBnarIWuW6HM,1645764777704508294
9xqmqjps5RxmlhS0dPtbZfBQxfJRkaltXbdLKSDPs99doZdRzU1Y7Aw4oFTYpEPL,1645764777804694360
o2e8TsWLzdynDZCA1Dg7Mc9Aqdifp5yd5dkYTErSrnD2KPCKbsRxTa7JBnw1qvcv,1645764777904693254
YMS1aHRQ5eSP3dhcT8ZwheFsPCtD5W9dqZeRq5pvhHJku0LM7sIoVWgugY8l2FOs,1645764778005340770
o0Hc36YkOpSGnnasgtg9PL33r9otMAl8A3lB9HvV6Lkr7KklBOuYhvbY3NRPXBYf,1645764778105094431
CJqLYjpe5XTCpBx1apXHk9onUDB2Ojha0YuYFhAKEdU1pP0NEYcxfQk9evB2crba,1645764778204453866
NV8cCGvOuNPhnO2zweuZ3fihYsh9jIj4lqgv6ZJyxhdi5fhzKaYNDE2l6hsnycpj,1645764778304873828
QWfW5wT0b6igmOd4yBPBOPuU6nG4N5mnZPHdJkdvpMZZiDbgM0pkNjDTURWrWGc4,1645764778404695269
dshwaIrPcPwKcX0wVphsXuK1Lqrp4TthJYdurTJTsEoSlmOFa377xP8GDx4HRvyk,1645764778505101173
UacJ1umt8YJrJf6tjC0eb6vn4x4Ts1BMZofagQRowkfFPk88w6nVBgIDdLgVKpqt,1645764778604691461
bTRHrs3oaj1xR84LEpqNV7a6QEZi4Nbdp0tgswSQfUN4cPPoEEChJmljzLR1g0eV,1645764778704497365
yXCqUcE76ZCgzZVBnht6RenQxCReC49AZJy1wA90kJhhqCserlkGOWhLi6xvA53k,1645764778804877932
M0lIAsHs9yZ0ASczBKFZqutZ1qS9tVrGTbYeRpWbl4ZtW9shT6HK08tzyL9so06I,1645764778904691534
Zcu1SOaBS75yGvej1t301uzzD8p07vIgYAfyYF71MCxc8bK7UN7VG7TRDGRIAjzg,1645764779004696153
reeQslPCwKp2u99OUFsiKJAXZbqhJnNAP1YHlxUfGHhAOoYq3OZNfhtFIjwZWIkt,1645764779104664842
JGB2EdfSsMcG986AXdWCKPPb6KAacsTt9cuLFZn5uPL3VQD23jDM6axCs5mSwEM5,1645764779204943202
qEO4nB9fYTi3tu4ubFGgnBsgFd8BpSEfgchSnp7JIoKBgM3HbIvNTo3gP9rEc5rG,1645764779304704378
hZiSOojec4nIOqXy8RLaDMGcV6o59dMpA2FYqzAQ1xgPoCNudgUq2jQWnEbwpvl0,1645764779404943441
y1WmyhBzerMQ1iLeOpUPWsvJ4UGuQzuMyQ8w7Jtk9GAAyVpKJHjpAc9C7N6XM0tL,1645764779504921591
RzFWH9GQNRYJuLdDbL3jxAv4V2Zr2QARQQyfXE3udbDYxojY9kH5uA7PChFF5NeT,1645764779604263835
nc8IpBCSnNyiCiEJSTOLdUiq9x3EJhi6IqN70ZXlxWT7ChQe8nxlHgbObccuKIzc,1645764779704422035
7Mh7vEsqiJxuyMX69UrOARmm3MgLfdvmzcrtrhjZ0fUy1z28TtWeIGOKc2fHgb1f,1645764779804959607
BsY2ZGaXt2Vu1X0UPU6fkUzMVfcBEdoPULQ1Z0ZS02K1aKVxoacY2csXFUgR6VoY,1645764779905293439
oCZNA8pAB9BjRfeFFGlHqbn34TSAwFgkRF7cOwmX3wGUZuhm8S3x2oy6IREEguz5,1645764780004577102
94hVzS22MGVv8ChFdiAfX8lnZx1DryHy1wS0MS0ijVbpiG2JxCySLhFscE4RBLPC,1645764780105255654
HrAeKAK1euoK8rd53ZVMEkFqxHH6ceGrUQTmYolCgZWoQ9uSgPou81k3Iz9sePk6,1645764780205004062
nDsLzdWfC2UbAM1ojnjrpRs5R1y3Og99rzTrczUmzyN7IMw2Aftx4k2TlyU8cdFU,1645764780305138497
aiJChnzfmKm4hi6pLymOimrRjMXJxnnYV6iBufoe0agfHlUahEyPyoof8Kz37mZa,1645764780405303346
rIjjxXNv61aNm2vTEsqDgdsoxpr4cRcRhMAerVaxW8IJ9CkN4bYkEPW9ELBqknFR,1645764780504690278
7P4xucsRk9itLSFP1n7FCbORwZFhLV6SsAPnmGCVPsOkKd7MPCZbnw2jTGOolVFb,1645764780604668908
dcMQsYvHQHzjt63IIct5Yun28Bore3SIgpgWLZokonThuWxA6pEdh1fpARgnV839,1645764780704964603
xjfJGT34FUk7yhH4UVhBUK0fmgSFpVOkC11QT2SiWCpSs4XMYCY2VYfFF5S2Yqmk,1645764780804721995
pm8Iob0JnnldqG0MRYOu429H7bJgP4OCqXVc6TttHfV5tVRI1nC5pJLxsedHgzUU,1645764780904702747
Wx7cQyUfbzkVS9lTxyWmHrhAUIP8IrdomiPDgrsIqblGkWhfUBSk37sVQFdi5EUr,1645764781004669504
wt2dkvvYUgmEATudfKNgRDBrQmZT14LxvNYeGRAk5xxGQpt59ElYPuOpfvJezcZt,1645764781105329907
x8XEXhydett3ik8pwsOLkm8PhP1fzbWxh19Ei5rLziOhQUXMMtf5dmSK9Ux95T4m,1645764781205005645
UB0BGqUFYsvzKQJfJzkwjAEseAzhb1R6CQFTGjgmZZjrz3WG0EChPPX3ZVjAWAEh,1645764781304927223
aR8o8oZfMIXLJ3cHImyh9Wii1RrVa3C8VKxd7UJTmqm4rOL99IoIoVznuoGSrTbM,1645764781404606467
lW0q0HJk76oySA6ZSsqELnzGbFiSgHpQnnGl4YW9cK52S9cs0Q4LD3ZoHIEvX1JL,1645764781504495440
oa6q6cxiv1kNAKGAkKUxM3jbJyWrzoCmOGaSrWAmXs7fDLoxgIt0JabdY5UWteGF,1645764781605323549
sqhjKpTribVtwJoaZhasI9VoDxK4ZYISNz9hndZVE2M8LAjusHk8RGwcBFgjny9A,1645764781704952711
wIqhtNC5PWEkgvcWCMebaZDkmsTXoagiqWPktZnG51ymuaG7utiTQuDCkehWELF4,1645764781804719829
pcmgCawFZuzUUGZN9FqZ73jrfOMtkZvZBgGLGCbn5YFXoouv2kS9l9zQYLJGuDn3,1645764781904720888
t1P7CyuHW8oJwjCyRd8Dm5bIQtWI6KLxLi4VgymB4bS1IexhH3u28UIWNpoT7AQQ,1645764782004961798
sSwXOiiTHAUXmPF2T74ZbM6y9uPE2nftFZQeH67XGZ20yH2PN4zyP5vYxIn06QtJ,1645764782104956509
zJxEP2jdbmbY3exOiuN5zGevYPvcnowk5rySui3TSezTGxsxpD2nTei11dcoPYWS,1645764782204649266
PVsHBtlbVk4mfwhT9hGaKyaLZC8wkeM77EPG7ArcswMWq1zyjFY3B8MiKSe250AC,1645764782304724398
CZRHhItXCE33F01yDZzOgK6ymi1rgB2qiT7Pj1uwFyzSwyRAVOYBidAVJBK0KMq2,1645764782404306157
nyPXxJTAFQcCO1KtQs36TBZnKuleEZe2V1XSIyaWOBgkC0baqefKpE578qlLPNLv,1645764782504910707
MsLfqu9C5pwFpXofCTxzh27osq7GCS9YKSB8MKKP7GfwlRavuXvZa0LQoSeysnXC,1645764782605299299
GgIaza06of1a6bVy6OVeMr3BHh9ATeKhJbHGBFM0uLYyu3u1QOdmDgvUM3cnfvUy,1645764782704388546
WjChzZfrsDonFimf6NPJ2JmOMM91HdynMATJh8BYMzLZf5CkSb3UunqEAzERaAFv,1645764782804747735
KgE0oPY8Mrh2wrmMRnpJbdYjdm8BwL6E1JCqikw3bc5VTpsuchEBKmuvW35QOBcO,1645764782904731677
UpEBZAE9mHeE6W8iBMuW6mPanU0AedY6QkHzsT8dklrqHxZRKRxOBKzxnx5RYdXy,1645764783005332828
LpwBG2o1ndr3bOUtnPHxjEuWCzxiaThtIb4WdtXRUNS5lwyXLGU2UMZeJUNtx2kD,1645764783104718495
bokEfHdAc5FM1CtKSLNuhwX0OsrMuZXVNHh1XLB9OOVOaMi0h5tMzQKMI9gAiDd6,1645764783204454795
TK7ydG70ebODv4Bd84x7UIRkP7u8LVCoqHmRXrR9QnKMsWx0as538XlYeeex9qlx,1645764783304736480
7VPcLojjc43SY0S8rX9z2vVhX9egzOc4rzgAnQuNSxp0wF6nlEkn7GSeP5INTuRI,1645764783404889775
t6TfUN0wIquE30zoCkcJy2xL7GiY88r2EIfidfcvTW8XU7Jfptylww73ApaIvRI9,1645764783504963178
hvpKZRD2vLXORp3Ei10ev5g3sGKofaxMWne5Cr56BbUcQXo6WmlQrPTkflWIMTeq,1645764783604953344
EGtP7yVGXzqvUf2yRnOHAqzpbV7xwjnBxga4d5J8294Wo6SErrT1fSoGxtCtax2X,1645764783704643182
ccZFfsNh0PBoTe0KTTJ8v5MqwWkWUm16NZJ2PeiP4tCXVCqyg74ZBPQ7vAcPubVF,1645764783804734278
AoGYTyxVp92LKqH0wMX7jxEe5o4yQXDYKT6lR2GH9GaT5rR1Bz8uwKX29b0X6B5O,1645764783905212164
fA94CPJLetpjlGkuDqpA8KAHv8mzJsOy0V1CtKVXEIExXyrkmeuuy2ArAwrUmDQm,1645764784004743184
iRwbmQ60iKvFGm00RsvNv3F5z4XkFyWvPRV9rb7Zu2n8nl9Cd4ZW5oa4q7o53JzR,1645764784104558650
iUaX3g6xir6TcDfEFFiK1IOsOBvPSuq8MPfQ3jLjbPDBcsNr76B9MYzihs89lwF7,1645764784204967790
JuVKdr4CGHOr7jiFpsMAQJs7ByEwtT2ALXVwMX9bmVStEA622QCQj2Xt1jpuAp2V,1645764784304749822
NXSh2ZIo4kiGvmGvDSMwVrpUZdMjSODnudVwCnlEYRSRDjKQBeLeUA83nUkEtv1l,1645764784405358170
YUhiIQuorND36VTFAosex0fiTNwKJw5pQkYgBSS0nf3rBX5JJxvGxYxOvtiCnn0E,1645764784504948461
WYshyLhkylb9GgQXdLmZtjxnaezOPzavVSaSlICk1lrHQIm3dYaXHWKs8HGXFoRk,1645764784604937488
G1A2JKkK6bZWtMXXs62AcK0kZEFo2gZGijI120K8crcTB9y4F0EpIEXsQngSTDiB,1645764784704979794
vzBxzT5ZKh3Wo1a40mrIyPAOCpod2WpvVysTRv2ja5FP7nR7XINTfWrpLdTLAGHd,1645764784804756115
E76d37MbCa0HLPMtgkMLGCBbpcuxs9b6HfjIm3txduCzHZqxJCHZMQ8A207uAgyR,1645764784905356629
Kfj4ic1MUEJmn9h4JwbeMjoOhtIrYEIstzwcaww28DotMUxdQYFnF19wtQoRe4HY,1645764785004753841
2B8c74eDHR6bt1CJZS4mRChKcVlEX2kZEs9JwmXBDdm6fxNCPQxoce9C7uOev9C7,1645764785105187191
1JQw5v7GZsKCpiMC6J0gx9q42EhxNr2NASJEOQUvIp57VPHbjIHeR7hRJMMhDO4L,1645764785204772514
rLZDl462tB9MaRxHhCw6HbYaxuFAJHT8c3LO5RQwaXIAwDQdPMigxGGs8U0RlTXM,1645764785304632145
UqiXF6TpdjyYwO9Lirzd5EVEiVdRw9nRzVwFbO4D70l2OsL6iLhnXCzFfdgckS1j,1645764785404959875
xxyXL1kR1TTQJmU17CpeMmr2PWc7ydrtYpOso6JqZkErUiscsfEFS4FpYrxWSoN0,1645764785504542546
bmqQs7EQrSHM87wzn8EDAT2iIxCklYkLIbj8gxYYNnsVtmUesgr17rjPpu7YSqrk,1645764785604990171
Pas5VPbsARM3Dqh4VW3cOm0De7j4xboMBfSh23XCVtEgitiDQlnoWlz8riDoHz9T,1645764785704231443
cZ8eadp3X3iDuOOKAB6ev5mmmxY3xhUZEaCnE1qj2WwwvIF3TLfOPR8BPhCKMftb,1645764785804777175
F5MR4A86h21cKGdmbI8yhH74yKOIxIrCLDcQOkW5lXf5lGrLY0JFHRIDjgVgwNqI,1645764785904962612
aSiwBC1wie1TuroQr8e6XwJGcmwZ7kpgDVcMhcIPGHr98fZxlD3G9KWk7QHCB6sM,1645764786004753575
bViG7ygLDVUK84HsFJ8Pdd7i3OvCSnY1GEHNAvjOQBiZFxPVGXssAxYCJROlDxmT,1645764786104777172
93pKxWiNhOuvJJQYpGQxDw9WMYFZT10c2pwxLcJ1yDwIVKqIaEFlAPFWxU3OT40T,1645764786204944017
rvRDVkCUv8mOSag0owlwL0RGSUevWcMOXnZ1VlVRrFpJpWHbQ2Vl0w1QPdJtFfHl,1645764786305334488
RqmwZHLQUBhHfys5yLoyInMfQfYdLoOmc8iCP2arDI8qGytDKf9aSWFqBlRWXqGA,1645764786405202044
yxKMzuBAAKyPIrccWlAwHPkR9BvgzCow98G61RGBlEa23AeZwpTBCDcJOYyMimIr,1645764786504950432
tYxuzB3lPcnSmPzgCQsNdSezycLgPbVI9QA9bDsypdOa0LGBl6WOXAMVnfAAHfSQ,1645764786605398321
4aXdnNabyyBxKP85UeS1omUZRejiI97MjexV0X4yWDtoc1r4dH5Q3azVCjDUsIoa,1645764786704967240
vm5vH7rnKlZukRzOi4mkclFpSQJLj6teqwX73MtN5SHqrGCYLyIxhVkAv2Tc8KEw,1645764786804747848
Gj3J6wgBNxzCC9kV52SnXBvRDM1JgGFwzGF3DtDYoCk0KVVPVwA175QIRRb5fq1d,1645764786904750426
4EgF7rnw2WwMzQlUMwTRztjPJKUy8UZCiGSo5Dk7jeTi2DBO7cn4WWTnowjuQJ56,1645764787004744695
XVucgekQHB6JMFgRsTWMyx9ktsfJ9iOgBIHrvzFCAMTVb9wRbSnXQuHHluZucxZl,1645764787104731177
FqdApsKxCoSovPFWp13DvLVgD4bozAZE0CPn3jkFVB1RaHvNGzZBI4sT6RH5ZrHZ,1645764787204990370
3eK6M4KrFLIncE9qBi2RksuoJCts1AP4pj9BlT0zoHkPTrFcXF3H7v5O7wE85bBs,1645764787304766621
KI14j11VIjulb8N8LOORKTnPQ2WTdhLwxMygNz9eg2NH8jOT7msPDgpbiL4L0PFv,1645764787404981322
lDZ7Ailrk86srSKxCCMQs9zaS4uQR7LBLsITb1IJ7PCxpWu2iEQbMN9oP1Fr9Y0U,1645764787504755456
RIv0HEJOdTLQzFQgSqFoCOcbQpQXMQ1lgujx82MjWfATta9LPM9bljA9Xbgrzfcg,1645764787604998082
ZLdiLxPpdZJW8QpVnw4WdEdAnJznwbTTu4BE0Z3b8K5EjujUqn0T2dcpubaqB3H3,1645764787704726238
6TF60Jh8bkNIe6mSsktuLThF5G3EJLFNmVRmo8sNqDgUKQuA9o4UHjiKzlWH4mco,1645764787804742287
H4Y3ARQ1e4TwTO6cC86RqmknYG2a2fPJjxKtMlu1nOvEk2qw8vLyh5kDKmmMR9eA,1645764787904767471
6y2RhuQTILf2LUwUPGQ4JAGdv2yMBaVFWXgCR4diQIijmdB9tcEAkSmfSi0dGVqk,1645764788004690001
2VwRZZ9xqqhcTsmKSySBOEoquoRAJHvJmplKPsHDiwp9nZTFVwOr8Dh3z8BHO6a8,1645764788104755159
wJSJAiWqcJ0PrRdKLzCSCrVA0gRMlzUfJvwRbQHDhFbYhEr0D3SOsxYscxCLwhyF,1645764788204805597
cueBKwO1BzYqBPrNQJlIFH9pELA808Ma00lKuAJ67puHClec3NtIc05oLDwKLIuJ,1645764788304788793
JgdDouHtkCAwvoXw9OClOHZhUW1nmw63ahHOcWHKgQEaElWO7j7V0hBVBCGx6N1g,1645764788405288850
4G2ekIwRiB1uuXG2GOVF3giEty9xL8cOMc07uxWa8XV02j2H7YW8EEK5CS1WYdsv,1645764788504620985
Fs08pWiv3Bw3vyK0Uq7h4RmFtnjSObLeTLmHrSCse6tX3EVX4cC74xKvi3L7cgj3,1645764788604963571
zTKovVeXZY2cmY8o8KtCHD60ER7q6ou5HCuCfYiF4krqIzdRIWbXkfXw5clBQdEf,1645764788704521446
p6sVdYkhIZYZXBypfXMPDsKGS5PridWXkM0Lui2DIYkphicNDykOo4eH738pfeLN,1645764788804533204
1Jiv2k6KHo7yWjJih46U6jlEmr1PTKmUeUOgDSyUH5QlokTTmYvsHg41V6RzQDR2,1645764788904744200
ipgtGeNXhlGTVkvHGq8XVCY0IzzhBRhrEOkU25ziqGBKy6bEvjjQuFOADMpOlXFx,1645764789004692403
vxSv2PdqdnAbrmnmTUANiXYvtLJcsWZnTzjTNKJ05UaxELhhqq3YNZREuiqnENYf,1645764789104731071
LF8iYRidtIa7eGnS6oyTNPfF5T0JqZwBm2tKRayLsWQUmDuq1qJMFwcIPcZG9VPw,1645764789204966306
XJEztAIjhiCRu6IvxZIAWsTvS29cWZW1qiyhtGQYxazrhFmcp2kJuBENCOxivRhl,1645764789304733047
9gS2usarRYi8lTiaVQrOc6lmSgSN796GpYHkOpZpNIv7jdhE2XaebJO3zqO6zULn,1645764789404725554
2cVOR4EnK9u3lZGn6qPhAni7b4CaYXLY7oxWt9JDIBF3jVopLDVTyBZZGl8oGTLN,1645764789504930521
IGr9P9KhKZj12XpOjKphVOHj7PWNqri67YFWhYBz7s1AQqW7AJodg3LnSr9JipNn,1645764789604758239
NdH4BS4GL3Qjtuq1Eccuexf6omNUclFxMW2Vz4lI7A1y4pzGPb83Xo8JYToAC38Y,1645764789704445078
Y83XApnFzmD1ZCIylQ0GC8alZOtmPzKx5MSF9FU6zf7YpNXZmVpybPhAlZwBWF6c,1645764789804938553
bZpkmIqmxvIlJnK5I91tZh2KGyTkBaMm7CUrSKbPGuAXhUa0cbr9ItTWqvF1Vbma,1645764789904722655
lGRDZ3bnxlKcEuaoTSxmJOG9JV9m5vMo9m2ipdVkMpMYhvMBNHveg9mzdvmio6Wx,1645764790004939377
sWgf7BPUzk0efLp0ckeIsQGVJ0B56f3zChcJq0lpkkUN5HLh0z0sOGLfGWlKBoHN,1645764790104753082
VufJuO9c8bxBqItqHrgd51JJV4dhqt2Jnfcf4jFAICM7UDvj4cN7beQ5g1mUumnf,1645764790204971777
SNKU5ZcLlwSD9OxByIIXwicaiM4c9pIZCa3F8dbra15jP2tLIBtEsTmaqqAxfSWp,1645764790304768571
1X59Ae0if5Q35JONSFZKjLsX93UoT0eUVjdfLeO0hm3n5S8XfgqM1itBjLxDLbho,1645764790404997816
IJSdxoccafPf5WAlC07DjzMSKKdetJSAcunXiP9G3Xv836rF6xQnwnEE5rswAJ6k,1645764790504730833
DsHuHRAIw4Rz8GCCDc09NCOQ3ENCXTwjLCbbbjtXnIUvZg6mI6ueIG4JURT2tQlE,1645764790604979068
aMnB5hirxAkWqqJ6uBkARpUvExv7LgKt0544kktiubEiSVpMgZX5Mz1ZuweEbw7Z,1645764790704806179
2AbkuUSn6fVW8KqnsLsCKtlDoORNKWwMgY7Z0XM4CpaJ8P60kwA3qwGcKfzc9vxq,1645764790804981284
R4PQZjUkY33gQ7eA3pBrjRT14QdEKa2jcP9A8cuefvL32zD3mPvVoMUrl855g5oH,1645764790904947733
UwRaYLEBEXEGVRHHoCldXFSGLXL0a7H43ieb1qmFO0TtQkACvtnQ7FgSkzSK6hOA,1645764791004743314
N0jOrUbDS46qpE3i8q8F6ofon69rnVzBUhXLB9WdBcU0oVguLo9PanELrNDeqAnK,1645764791105030088
rJd2Q9ebj6aYbGSw5aKdNYzEtAqjKc4AthAJrouauU6VlZQo9kRUGOg9YUqr6s1z,1645764791204989657
aBIPyBxsf4MObkCkScCi0spXMfORWNQ6WhTSsQJVUfu5N6npixXhpMEAzcbVxzZR,1645764791304757346
e2uURD0tsuxFyk2fiZMVtadqAEK7CtYquSLLdLETD9g9uioaH838ihzstHx58Uw2,1645764791404874122
uHLYaY1lhiuZQj7grBoYqlOj2KpBolBi0XEY3EJkuDIIuPykalIOUe8XyxgkgrRe,1645764791504753137
MfAPtT8leQ4Zp0HOlXmGBsl8pRsTGJ5dxF0og8aLWesMe7iOeUcnNNtAmmc23fd0,1645764791604752389
vcnZkNsFzibbpJzRlZD6w6HgsrhuWKsPwfxf0puzYTbLkYnV80a26rjxgQrCihad,1645764791704982834
NXGNM8LsbuEJSzmYzMZ3BGyrgn2MVaxs7DDRJYIsSWBtTyPSIyTUESJsDJDitAYy,1645764791804628028
MmOfKgYlAjcdf13w0WOCwh5AzIqsQPpmBDSTt0C3hogLqjFoDdyAK1IHH8AiXzUg,1645764791905029483
Cu83sK6Y9ktxT8lejhm3j4J0BTigQBNa5VdwphUwRLtsRcWAKJB3LU1UxiBLtYvw,1645764792004789922
1WsoDMlcfeU6FzGXISYbwZ6sHHD8n75obvcnGLPvyu2DtIk9iIifpoV53gDqlGcN,1645764792105195556
AD8QYXJWPJhGcPNIf6vVsQYw5lkq2NBAYJa6prbEBGTlgq3JwzmpNKjS6TH6oSGM,1645764792204619554
koRZf2lqGEZu5dEzaymxJVONxdRl5f8nTZM6Z8vpKUkP5wNfu9bBdxYaaxLdcRR3,1645764792304782889
ylAXt3LCV3ZbzwEr4p1hmZHKXay72NB08JW2MrErslQpifemUfTFFiXkGVpGq0Hz,1645764792404788839
JlzdaBTSwtFeYtO1ZpEmXlUoFJ43IJ2b21DaCe29XFl49A3izFSXywJBDLFVdH5d,1645764792504756166
JIETwEcRUOTdYWJVjl2ifJtqd8MEORrhh58bKl0o7UPdyg8iP9O4QHs3OEFmd7RI,1645764792605381389
AZrUIsGPKd0GJ7wiGKkeadgypvkT2BjBkbf3RuQjXPzpWuXkCGOmt2kgyS9ybt9M,1645764792704716630
SnNtflcA8ZzeTVMejjQcl9GhbQgBHnVjYqaDbCOkjLMBqjpZQD9BMQrwoX75Icmr,1645764792804773437
SM21WQjFm6QanD8BRFKldBhRgmUzOEooYqo4FXI1bgZMufXLvs4W3mwkYQhvdVhB,1645764792905364323
JVGY1WXcC5z6kUPdMUAOE66kUld7GLHXoX6p1dQDiNIRrh4C9CYLIe6lPhqd07Ap,1645764793004761181
eEcdq2rWP9xFo0RwCzHTbLC012b1AjqmyRQoRHIrOG4CEV6OSMp3h11i4ciCJWyH,1645764793104794824
xO3PdME1aICmlIADcyEKzF01piD8FAOAYRZAll9J3L5ocGzEEDWBQVBFBOMOWkZ3,1645764793204801457
96DvsMEtgKgGYdSkrztFS4TdRp0xXZ0gdDZTYoNE61UceuMTtFjJICvjzvgUShA3,1645764793305407583
ukXQWseat6CX1W1sjiC1s5kr0RLQ8TT0B0Rhs3Fj8RH9vGzfy9gqEPfEqycwR6ub,1645764793405173152
4JIvLYeTxtct9ZW5jCtxZYANUmHuqCVvTlooHQHFKr6RRcVAmO7MvFjP21HqBmje,1645764793504801892
YXRnyi2GY6hziC7VZErUSYrSZ9Iit2NPXoDVUFj2MRz2b6XAJMcltUDSbVBUVWu3,1645764793604978453
I5WmKGnefmfGtAPCV1xOT8q2dzX7TPAlUeWmuHPX32muCB6hA15c9uelrBsLY040,1645764793704850573
eYnXpA4rColOzq48r9kz1OitYYC6YE7Ansfa0kRCWDYW1ccqkMpjkXaG5kNbzSmk,1645764793804767487
IRKI9kUgv0AwbmmL6a2o5d5BNSkMsU4AwPS37uh2upyVZkofKrUOSZZpzHArmEzg,1645764793905251472
bRhiJPkBEgfoPTRhIv5kScYRuiGeuFKUe1CxOv7bZmNyDogUilCAMkaGQquJ4Cni,1645764794004785090
Bxeaql9QXWOiI2C0mP987jMYZErbQcKZZy7QhGoCkCu1D51zU85ZrP7Pdw01YIa8,1645764794105394396
GiWvwK7fU0gh5feXoh6f6C2j83ifLJnazHVtbbY3bEjgsNBg3HL9ROraPXFko0Il,1645764794204846240
FmfoNBryOacGwlwz2F6Sbv00TFjHD13QngE8r56FegVYRPVSfbuGVuHy7yDIxEil,1645764794304834503
uwtmzyzbeT94scWVEQmhI1dPzqfu5NfxHXhETho58v9yYfUk3ERLF4iCsN6xiktx,1645764794404813777
FaAiFynLtxKPao9e2YxFcePVzTQiDJdQsn85luRdpl2PXA1XixkJZ9oYcCEoUsEM,1645764794505222938
fLRPFq24Z2R6CRdtONCxUyT7Aitea7yDSOchEcjodBspaUgypstKqMP12IdcPcos,1645764794605019882
yOXA1FyeOpRyJ8u8ynSn7poA7PkXzWNxvs8u54YTtxRA3LJ06jnCZZKgy2BwZWtU,1645764794704968221
PzOU2uwtpL4rfNrl6evdDFK9IT5r0xJNufpwXlqM7uBmF2VJePxreFzui2jgx01s,1645764794804744997
frmCaaXfUiPhjv1NKwDwBCprEYWCZX2CMoNxPucra2ZJvYhDUu7f4wUIT0S2WSCs,1645764794904822187
FZpeRQT2Q0LJY0W2ubfyY8F16f1c6DVLlIzCgQE4RYNzYr0RTdNzlaysGzUMAxfv,1645764795005034012
Ee8s2KxTsIRPARqb4BaomYg0V8Kf4zZIbhAd157sOYHYx57zGfn0BT0gaIJeHsus,1645764795104838391
X2UX8ZPW5e22j91xmpyxGwbqFuSUlMLGNpnVOCzTo1TX8STuHRrWLQKaIn537OIS,1645764795204762292
D5xZGw04vTa3v3vBSkfnAzMTkPUqnmIyqGX6AX86yi7rl30BnfxwfJPPgrDTcWRS,1645764795304810480
kwWuReyPL4E47FGsuDoXWBvA38dfe25MwbFNDBkYFydMBtF641bYDWiGfJtHLyeH,1645764795405049717
Xrck2MHIIucUlpYnr9L2g3IJK9af7Cuc1UM4qdK6VwaEk61ZGKbuNrDf0lK5wChx,1645764795505077780
e1zSdJZ8E7LyEKXSf6M0xXgxIy2C9jAni9GLRpSfunb876YkCul9PR6gP6sYn2KV,1645764795604647607
AarbNHEH2pQ7vws7pdEE2KuPOnwBnGgxqVWDmkSmXquSnmXcNlqP3loRWkcH0HFo,1645764795704882982
kjzXUSH1IBS5xxhKjWhmFWCjEm0D3F1oxzJPRaQhmqnhoS0VwhFBBRuQEvbF8a35,1645764795804637820
ZKS0vtgfhTMTtMyq2EzDfsbrlC7tn8xMTPLMG11wSLPJgO7ic5tFxV5ihCZSKUnl,1645764795905045399
u878784XSSq8qwoQ1hdyCiessDKBi7waD2gIAlpaBeg1aUPZC2VMj9CZKVk0afam,1645764796005042337
hH4p0sQBW6A4ZZdjZ63GDGqXjYYJD85sN8iL06WWAeYjB9QlFUzSknzTMVkXcoQz,1645764796105416929
u6JuApOKUw2f3SOIwMie9f5VBq1ncPkWV3OdrmvJgxwhOJzIffxmK2IVqHGQgzu9,1645764796204830096
0Imp2h6gd3N1KMJx1EjKFzp5G4Uw1O31hprhVxO6yl7I6OF5dzPqwFtDHN7ImBJR,1645764796304830374
y88R4UX0GcHM1URcRrSO4LbLhgbRrsso1yF3Tn1hNI3OlUyCJOaNi9gPqHohAgT9,1645764796404680807
cjA3U9krSnEDGANXZytF7ZcvpQdx444enEiFNQ5nCJySRMxyKqDPOnLBDw8F0Cum,1645764796505027081
Oczj24XELVenpal7OzXmmqxyk3DiF7SdhSNiWsusLXfB7QIVNnI8bD6LHJ2UPU66,1645764796604750228
wRoRJjHcGunLI4qgr6mTIsmZ9o1YJ7fDYRcpAtSOnDj6Hak7eWawOKTV9V4Qchb9,1645764796704803539
8EwH7MftaPzpxhwZDUWZpz2wS6K3nvCu96BFTo83B5q6mngxHAU69W0adKdOGnGN,1645764796805020231
tPcKEkLPpCWZzAWGK0LTVL16eeUuRjHJ8sdMczkQBGz8QUOkShBx1D3fpWXFDmYL,1645764796905420319
e9gF6QfFgcN44kmXPvSQ8U3wyaBBLhWzoCEvcr8GSUIWE41d0U26w50ue93zqZyd,1645764797004797478
kBWK0eZQ8rxKuwwsQywK1xCf6FevnbWXk2pkeMBlC65621wRxslznyesBHlysHVc,1645764797105260701
JJKxfTirZmvclp1hgkgRgIJsZ4qPJKzcdKYGnE6NyzxkpwPTg5uNLCDtG3IYNI8y,1645764797204283567
aeDNtJipGdX3ZwWEzRZLbmEpnUNBkW7KAKg1bOrs0MvXJQlIpIbQ4nFqId1076JH,1645764797304977487
RzH0L6sJSmrlAa2ztdPvRclhDkhKrycGvrGFx7YPrP91yB0roNmDzWuDGaX7Y7LS,1645764797404296196
wahthFJWdQXbbVSNsCbpiT0x3W4abO0YyhRdwi9X8e8h9Y5zjemP7nM9JPjsnjQj,1645764797504635609
OqMIWTqd7wKGVNDC1zb9myI3Nzu8gKr48BMdeCGl9YzcwCox9N4uJMvgLpmz8b3G,1645764797604488947
mQtQa79hg8HaI3XQRaKkwFPG5BFDnHRZfJyFQ7v4ECeUGAuhkCReSosV06glN5I2,1645764797704569095
OEFnMArYNU2devIM7h0ZWt2UxgDKmVK8kZv4kla5FcirXyBffBCB2DfztsHfMbo4,1645764797804625939
9h6tSgwfGcWmafPFrbPrm2pgt4JFg7HppLgF1cvFCP1m5Qzu0OjmRWSIbmVHrm4e,1645764797905104540
7iu6InLUCLEFlD9larWzNwHygmDYWFAbx4fDp0h2JvF57PohEKgbFvYvhlRDzcmu,1645764798004886120
eR8UPpUjjjmo6aVKt9w84U1lDTwC3g7h7D9U2dDjNzXTY0mR9iXDAYwL1qW2Wdkb,1645764798104895946
ot6qVHYsH3Jp45EDllPtJJFJAlLeM3EAvKyQZWIqaZdcdrpOaCIsWVBeGUGcWUkR,1645764798204613322
mirMD7AlemNHdAeELu6rPFTdhjDDCxcydTIqYTZDFuUq362O06DNJg01PDCb8pYm,1645764798304706287
GqapH80W2UL5bNTZSgxlKxki9xHHkp1yeclvklQkElqn6HMYwJIGF2yMxGdf5deh,1645764798404293847
DPdvB3fPmTCqlWNhofx1fuNdAyIDbuvoKWhTXNqJq07ZWUGK9CLp6gQEfgREbK3t,1645764798504899927
qkMN5AeuAmTeGizOuIByzbCcHbqswrjka58fDkZNW32nlz9dFKZCtloAKf1EWiz6,1645764798604664447
o5kzpHNMKN73KEeZYDmPwYXFDWTiFQm1VU0JmNd4ii62wkcSwMrquO56vXmAxWBR,1645764798704498237
zBilXLpF3tGzeqRYCIO4eS8ZxshuNqJM017XKukNo0MQoly01K3gk9Dh2taPjrlj,1645764798804691206
tqEDizZWxtumfskgBlKtvYbxR9K805srt63b3c8zV0jArRp2D9t8fU34bNDcQ3RJ,1645764798905325985
7Us96y6azpiqEXqRfjXICaLnvYNLZpcgJVpORtyQieGvA6Mpos50QQnKw9dVyGAF,1645764799004914605
jxbArXZXCpSMun9ifEi3dTNZa13WFDmw8L6ztdX5TzPLmY3PkjTNAovlnwH271yF,1645764799105110586
N3FEgmH7jgSWETtyAKKL9D4w9LxGLtVgwkubUBiEr9i3abzlwJ43U8xdRutmmPQi,1645764799204827540
7KHcTyqI7YLf9JQ3aU45c0i2scoezDN6XeizaYHh4dLCwlDWEIboIKqAudntqAzL,1645764799305123604
mgKNCc2HDLR77ebJuD7AVwJNX6GNEDg0tzL6bMLmhmtmQU5JfBT85mVcsjx6xd5o,1645764799404865067
cOsBkBxQxoCMHGfuP63UtW6lG3qBevzHJqQ21MSxAcHRswKF0Njttnd9oRITMGid,1645764799504869676
66d5S52diJ2YDMoEhV5bHii591WTHC5LJiQlmRMSiP0ujm6RGB2Xskczj7RyJWJa,1645764799604898735
CiMy7iQp5Php9nGPxGwpyZmieDexjyWwesslYJYegERp1fFwvBjriWXMjCIRAoLm,1645764799704726138
gDVCU3oAHF0HuFDnOvf7RCTAOlZWZuID8nQcpEn4SlLMyXAMSpTr1xzOgZuETDPZ,1645764799804869743
ypCn2xqSi9ogew26jUvlPv95U1HvChVBUhwUcmwKwlyafyfPSa8rTHvxGAtTrOeM,1645764799904901775
3YqfLnxFWvnBrQaKzi9Sx2OEDFf2bJMepDHAyCNS79byXCGUsOxoQJ0bYfe9w0ll,1645764800005140032
B0u7CFZJM9FuJUMBsHxGavs6YUFSSyEey6jAJHRgQfYj9uszCoFkj5rIZ6k23we1,1645764800104952464
0LCKcd00IYjPQaOaOeL7jCNHG6HJ0tL1EVLp6JpNpXmF7BqVnBaULwjb00v0tGz8,1645764800204944260
jIxpbkCQHzeO8SrtbSLwM5XM5QKxeK3NcyDCiPc0MEMSgEJHefD0ijMl9eioylBZ,1645764800304892757
hMlQkLO4aiXGuoWYThY9QsvYXdKTNT22qlQY7ochV7vPwPyN7UXVLS1q3LJQpMTd,1645764800405106913
7tBCgnr9vnYpAUCFzjlIBk8D6Rdtl4Wrwf3aSvjLgFAokN4h4nzEX7RbY2UI5y9z,1645764800504855187
dAX45GNjTYYBtcsvNr9uwaWTbylgxufY4Cc8Q0prWN3NxvIKlSDh0jAZfvFcnsBq,1645764800604849686
2lyQllIF7Jc2CvLxLYdJFlruf4VSxgIxREMBycO5v177uS3DygUDRL66QbXLFnIe,1645764800704997032
0cpyEE37D8F5bIIXwmlN8pSWQzrfm7Jmk7kyJl6UuJZTZr0VbjqjYIDyF4b2Cvmw,1645764800805081484
0VsHGwl8FKbm9cHkL8SsOfqekSeuLOqJtga8dJGqdsdkSuUl0udNaSzIsdCB10Ut,1645764800905491131
g21JLFAw5ngXfAHe5s1dK0vAb5La5pTjrS1AiB6nwmJZxaD0QEbjEUtnZFOc2rJs,1645764801004820930
KK22V9pPv8zqgCo7PPobthPQun0xeKpwerw8ymVusSkXfXe2wSdo72E2nDxQXkM9,1645764801104920769
ZJFY3lSvDAQqh4qcUUQaUccIpXiKH2SqLhOMQoGczgSejHGBlglDHLT4s9P9Cr0V,1645764801204889957
WMsvB6X8mxmVE1fxfQBwme1coOmyDkTh6JcFP9NA78dJ9IHmjSjT4i5q4roHZGye,1645764801304707917
ZbtxiF7nNk7U1OEkovDsdIjf8VwfltJJSBEAOLyl33D4RRmFLx7yEoeMKYz3RHMt,1645764801404847159
Sa2qtyZv1kxQ9kfUhkRtX3DpbDs1UFsunsifqHapzVF8Dsbtd2m850xeDpff2WZo,1645764801504880248
OHTFW14VWIbkACdlCPtHPquaeZFg5oUS3vhZwj4TzeBAqmt3BnIZbA9FkPunBMDF,1645764801604921178
IumCcrdbTojJadKkQbJzlQDTn7FzRSCjLywvnXUGMEYurqeFPvC9MPa9Up6wGIfZ,1645764801704723980
FZU27wHRApJzdwC3rPCBomJJaPDogsNvQpvVlCuuzDtd96ezTqAHaTYArlyVcJQ0,1645764801804840846
6JVsUNmTad4ihihAWrQ7JwF8iCdIV1GaKlSm8CGgnIOVz3fVv5aC2qKi2vyVwE3E,1645764801904713311
xT13fFjRX6wW9Z02faCfQWNQPJuLXxaURbX4qEVNIPsSzsUcShHrBcFbv9uS5UuU,1645764802004915156
5PYtd2FwP7MOxq0NVFEfrSEmZ6Ceb68eVfY9fl34sPRnDPAhfNKUpWHOcR1DY9q3,1645764802104913636
mMAP7BUxYtkmIuRvFlO4FdTr4U3cbteMFolMyDJW61INthG9QeDfFeXK6augRY2g,1645764802204768754
Ll0JzHp3I6OBlfKCHWrXAMpHwjvNIx1bi1ufIhjan5kXk4j0YaVjxKyr3tDJoEuU,1645764802304893601
EmAUUr5FwnmfpVfO485zS3oTu1liEfCQSKuuBx76kulaNOwRW1Ow4DPwCAeOoomE,1645764802404726690
7h8IcFMN77vVTpuzqHvsSJocRQzFClTJQZa3nwOu2HNV6GTwXMmzdab50YKAKmUk,1645764802504934314
L4l8y910QOUWevQ9HC8vki0kEItY4NHQR2WPAVOaus5WnVg2gmvQSv9hC2DGPUeo,1645764802605117111
VBBfeXDWPI3AmhBQR6qs0zXCzkSMD7AiGKLsrWPFpSPZ7YzWfnOfltrkeH7pMFVa,1645764802704914847
ZqTRMse9I3gPadtFRGuC9jwn03cNJ5xqvOFGGtNYv4vVfpk65cIELD0JEaeXgaMZ,1645764802805142870
ybnFVBnQDhvsWdxbFFnYSnrfOWA26Wb48PHbY51jmuZGXWrkmcICQ9rmd2ojWNme,1645764802904877263
k3DG6Ezq6Z6b5vLpYb0wjpiMpU4MpqyYrCoyOmmVLt4OmOCIzAEixu3nM77Cv3kk,1645764803005145367
FWicIT5bM9y6VAPVIbBFWE2qJ70CBixOFdyX637QB5VgDu9VTLixXjopqmzzVwOi,1645764803104941091
YMDcOK1ZPWDaON5rionDXb2LN2LqwhYS3m5P66yUaA4wX8lDuYQP7RkVR5JNmsqo,1645764803204913825
etDixACXKFRpNC2HlQgspOLGUfcEVS07JCpGK0lcDCRYMRp7pTyfrJvJwXWRxUWE,1645764803305509804
eKUyIDYVNz3kOqpEJnr85mQ1IuRDOvS3FuzX8Y2TV5But16CmxJrhjrxbGBzBd0R,1645764803404926440
V0ybYz532EvwFz62uPra6gXhwgf6HfVndTO9QRBTg4Pt4VtwtlWzP4fKiKQ0xvnZ,1645764803505046203
M9inbtGFyf8082w1lTzAVeUDwsBrnyQ889vh09wwm2wu4runKtwnVOyRHAI26hAC,1645764803604907046
q3toCnlwqfrsWleocaZ7wYWDgoEmTMzHOq6aepXSUMIz5unhSNmPtIcZ4oLYBIpZ,1645764803705266109
9t7licDBwTA1OvgqIQDBiqklc4HlM4KVyQEe2PnxtxyFtd393HLk53Vh5kTSolvk,1645764803805468027
9APAZA7Q65fxgh6kyPU1TxgYh7yTtuE22bCblJ2rNfo3MtlIIDHjAyGp5EJw6Xz6,1645764803904869584
89irRihmNVpiOZyfmGOvCckHp1CtYB0eIiUhOBTjeHR3qOgcc2XofG3UHFLoOLQf,1645764804004894292
1uMP3q9i7YjxwPXWR3I4JMWYZsMwDlbFdvchllPqI8lCXJjwM11dLXBvNWpZHQmu,1645764804104931915
JOb58ytQ6fadyJYIJZve44XSaKzpkli29H7FG0dMdEyZVWro3kR5pwVNHUDzFv1N,1645764804204814215
C6cS5GniSlIxF7kGsBLf7r2MJDMZ8NwJUWjZkWFCFX8UdsiT3488t8VCMplSAflc,1645764804304920658
AV9u1P5FuDhX5Q06S6CLFfXbUH3dunF2IPxHo0WgBECGcCK4JUPWAu7c98F4vV6D,1645764804404992013
s1TezxKA9WOlhipyDCUL5ZxEhBGbgLmWKFAIDSSMxr8eXvai6439bzLIAaroteKB,1645764804504922237
tST4uwRrlXVIQ3zU72di1xz9XqxQSHbMj5QczpTkMx0l0zF60rmzoj9LY6j0MKM3,1645764804604846241
NlfKY92t43e40r8yivyUe5nCBWDVpXZCGEVpLXgPaKSZ9YVsTTK6W8IgeTBTzkeD,1645764804704945876
x92GeieD04mAcH06jKCDQSt5u5Wtn86iF7zund7ohrwH6wNnEX1fyuiszEllNpTa,1645764804805134669
wSUk3ZYiQS0XOLIarJFpExhBAQwVFQ5CqYus7QYWsW1EsJohd2Urz907ZxcmLgw9,1645764804905468851
EqzJGYp64qKuA9blB3a8CaGjXqWqWS0iHz2VVrcagwSo32ZE59LIjZ1FPX5uy3cD,1645764805004878046
1ciUUK48HVwIXVXccquLPuYmRceNfHaerH9LbBRqgN9BseoUUgoraMd0yINcXwEM,1645764805104894321
DLgoX7dBVmNNQ9qspcjQyKQvalX5hjSs58fcFIlk266QFuI3WzTUJrNucsxIcPAh,1645764805204906127
VnHl52T77XXKRnNxmoQ6dnyEetWGJexmSEXVEzdLW8gyw1tiqJmT5ihjcBxtoufG,1645764805305375931
6BjKAKggTKcNLW5BnqdqYIXASU3GMjUSuDn2YRizlJM6pRGaFrRo9wwZP0plhHCZ,1645764805405517231
Vzb1QH0BaMFNlVy1KNnSHj1ghrQO8cvbbWczma8MwNkgrghB3SdIBdzrUPFa19Ca,1645764805504913206
fmZRNfmH0WxrAc1B4cTEFS5hpIIoRSO7CvWZaGpZmmQuPP5T0ZhDzkvp3BdUb0Zn,1645764805605587903
t6LSMA17wPzJp5lneQ0dBvQE62ih2ITvMoNgwMlqmlAZotMSJM3UGSgKUN0UdTNx,1645764805704948479
FjdB5N1r69Qu2kKK7NmLnTfHqflR89OLszWxMWnQfBKgwe010mMnD151hoSnvq9n,1645764805805135796
odjA9WZnhtTbWRcWByJP0MQf9tQ4hZqVBZeK3D5i6WKcxw69tOYrkwWrpuwVSm0d,1645764805904935356
JcvMp14uXOWTJbcCz83h2XZqRTLtFJWYwSslTwfyJARcl1ok7pRAM00lRLfge9Ca,1645764806005166252
b4K21zzK7QusSgcXV2hp0haS0F8fNJDyNVzMVyecMWTmC5Kf51U6j3YjGeMdvYaH,1645764806104935158
3ZdWVG7rmaezdyejx7neAJMQxg2rEc8G9lmeztVmT7j53Lo1Sbdauzzpg1esdm8m,1645764806204932867
WvOVmrFEzyJ0K5zmedLWcKJGJy9ukHeEA2kxtxBqwSrGXq0BRJf2dyIuwPoffStn,1645764806304960564
SbkMZtATJzjoohzF1eHcbYXXvJAam4OEd6YAyhdHgK6U03kzgzbHX6mTOx1AzNMa,1645764806404950106
UtlQaMfGhjjhnTgRSFgyKQPiLQqKmAvE3eeb0Jqf3ZMo00DSEtOYHnEdC4xyEqCG,1645764806505055135
SorR7f68ERuER7fd039IpNtzRovgf5u5tlWyPd5d4zqT7T75WGLJcEG33BhgEbl7,1645764806605207941
LG4kr9Lv69MDcRH7gcQIrfJsq1Y5aHAtVEbMLxFS4cdh1uofXCxMrHCgGiloxtiT,1645764806704832559
6JpRE3rJdVyePmKuwFEoUQSi8BX64FZAWMajNP20u0dIkvAg8PSdnuLw3s085XGa,1645764806805121862
toJFEJF6JqM1jXfsu6Vhyob2fbAi8OI0DbDRuQXBHsA0NqsHwLwuAWwp54XCToCg,1645764806905376370
PN5InaR2Sc3pSt4MFzGNVBAaFhmgVwKtHP95ya7OC8Ee2GyFFFaiOkJdP3ItycmF,1645764807004952466
2vKyVQMgYYKYpHn4WLnu54VV5nO3Q8JQ1bOW1iAYHT66ks8GDt8Jxbm1N84nGLBH,1645764807104951581
vXluFwSUPZa9PhNcaTvW4fXRnbC3vLIqs4i6yBaNi9U7qrjQKdwMIRm61y7wKQkA,1645764807204838849
SSGQdplJyFQm48CMl7i1YU5ZTDTlbDt3eARFxCZtRzfT5rpqwXqT0v0R6UChf5iJ,1645764807304705120
D7Z8J61i5g9BWyzSWptWjuvpM7VzABHMHoUauWHxCQ6gN67tt0NasGOCNrCV2RrJ,1645764807404847166
FMs9q760VBhsFoj6o4hfK5rfw19wS0EfK4o89t9c2qVHeCNQF45X7vD1wMwNKA2d,1645764807504882565
CplLgsviiQxKbKjqNoLUhYWcsSzBazokmX3SQy86N5PyQ8mlu7FcejEU9BfhARRx,1645764807604947347
xUNNTURqXqmvwYgrdwRHdfknoPUwpwrmOF7rhYhENRAJzq8bkZqOCa90ydxnXmZw,1645764807704954357
1gngCTvXu3rsrxRcXHyhq7iokdZGN8CNmx3wQyUJzJ9rGaRlpPTdW9PEkyU76eUq,1645764807804903061
cYn0UFHUYQJoykam93NdAnrulK1qwWgY2RXWgoyEDH191Zt8aHlk4bentfdp9IOB,1645764807905124976
jvgOheasub2tAt2kAlSCM60Fkb5rtR3dKhz1LZuDBu7Jn92wuU6HZ6UJiZAb0BCI,1645764808004912697
s9KCjCPs4WBpdDlYgsnFwHYcpgCnqO6iWOsFYI7cmIRQUBy81jNvytYlZkZP6d6c,1645764808105522786
zypXEw71DWRfhNng4Aa218oYqLwuy2VxyKSDHZCS5b5lysP00z215oZt9To5VJ2S,1645764808205371533
dSds1pI5QNqMFFMDDOCIBkCKDyQjHQ9stmjsb1xzNnLa1foC10UCkeXyaxfrLoiE,1645764808305166330
aR59Q28noROn6Az7ATKt6rrgmUW5GEKqdPx1P5nDWB0aLzhTR1MVqB9adfgtryhS,1645764808404911299
LeUkhFwBQuljuTAJSVmHevrIZV9QTrroTJXBYTMwL6dFZnWzIIGxC8DlbM95B0rf,1645764808505524173
JOoppAlBEOOnAtlS91NL7Y6jvGo4EdjW2XLpg70uTNgdGR4PSPjYypHr33vGgfmg,1645764808604608569
A7WqEWlgrPJ7qNVGnEol15a58VJn85TJCz7PUq5LFOR5kwKXA8GBEqEKLX7Sabll,1645764808704942063
YsA2hDMwZn0HjKorS40euFxEk4gJdP4AFCCwNYrwLrE2B0tb3uEv7B9pDn8pACzO,1645764808805202428
MBKji9g10s49qvltnxps8wiLkoAsz7GLJZ5zij0jZ2sNybHlY6ce0I0i68b3GrPX,1645764808904897422
QSU99UqgXg3TGKCmOoRP6P5DVgEjYbGw3k3ADtqiYsBoANaZC1wIO1TugidCJs8L,1645764809004971692
aATn1IVZAgNK4wrEvlWKlyERerdxhjGItk5t0ZSAFoSHkKVd50xqw9FazsXgamyR,1645764809104982336
U2KUbncqZ46JOZuSXsGTzW3yMZdwLbOndiFETr32v7LIgEkE40f3Wj2tIfnbEBMs,1645764809204970565
sb4LS7OLChdtvL5zMk3qR3hhgTIueckWDnqdsEz5vawrw1oGjr49skqYD9Rrj9Mx,1645764809305394225
uCanOXsJ6o80nxEUoIdf2UBFba5KkPFeZoPxLHGP3PPoKdH6uulwMxAvXDEFaTs9,1645764809405156603
HH4bXK0YhON1ze6tWrotmwmK90XhUNqjduKACJgsf1redxWApK1ZGntNmP4GmszN,1645764809504927824
kIXwZCoEDeqrbM1Oe0yulpFXCHlx9lKt1soa4aoFEc6oz5Cd58WpyjMA1878rS0s,1645764809605146135
IoQKMCXZoeNnjXPngvaceumd2smrIkhYY7qsJNR8zothMGS2B2eowOPxEBoUtU2R,1645764809705418887
bqItEjzBWqss7KsIMU4HqUE3d0XXUYw4OCxawumSkeIrzA8JcAaQemTGn1lFZfJx,1645764809805131772
sEYm8IEtwWiteqDE1ledY8rJ9aYiGqd649sBR64OakHCbSQaE4BmC13JbbzpPdvU,1645764809904970856
mnfErhaRPpbyI1YW4iGGjHYIsX8IA3kvpN9g2h6RWfQohwIlcWzJnXce3iuDjc8Y,1645764810005404672
zFDzuHQRwoDbjUML0KdmpFQsxI4euADrOOqIdEjZ1vBkPV3Png9btZTopVTjgea2,1645764810104969506
2OKfd2CexLMMrNjc4tDvQfkG8DxmrWoru9UXBg962TSrrBTt2foRKWhShcFW81N3,1645764810204658089
ArYJYgPY9rPy1sp1VeSp87GqkTMqUktdZQw56KdD92C8t1AOdaCmgQcOryELg6wE,1645764810304897383
WrJcBxpIxzRqzZDc9PMpnyBevQzZWun0l5cu2PCzNdoMA1yKOJ7BFJpAhmiBeTBP,1645764810405213114
YlHYAUYX5KrGLqYh7dqMufXZPDk4gvRDejlpBHKEbCSu0yb7aPTU4y2S9mWogv1K,1645764810504981649
ck7n2S0dcSWaR5h1V8TX5VzEGT2wN1EzmMnomlPODvwczdbUj31oYz3mQ3gn5vnp,1645764810605546348
FYd1J0NUuJ7tugNdjMQGJR2kUjXXcIMrqxs9yDcsWjjON417QPLiqNSL4xqgGDX6,1645764810705204680
8NE6Yow4VfQshQx6pIoggEziBpNP0uW9GiDoW8rzlHrTfpZV7NBlbAUkxrAyje7x,1645764810805013628
MIkqQbpCqefUTEzZZ8KAGmuDd4BLgGI2Z0qzZd9QGosj0rIZzdjFNcS1ecKLqaLN,1645764810904929069
bALAlUY1JQlHF1rEcaR0AsznSH8IrRgQb1ZNV7MmW54l7vyhTNhcFePhvV0lweBW,1645764811004787442
dkr8qDtKJv3Ooz5FNlpcPEIJhG4euDAXw1dkCU2VN5r93xPQgE03RGM8WOmOcutW,1645764811105558357
tVG4xGZLLPUOKrm04l3V1QdYmOuOGos8H8CEMjXi804SrpQvaUObs07eM21coti5,1645764811205020681
0uHMep2kp5BeubaU3y3vyBYKBZvzQd2QWJnA6nsvs1Ymd8Ee4IY3T6LedGb3sdUO,1645764811305214127
uFWz2OsvOQf1YuddCBedFzHsEqw6ROSJbyIdKBWibChA6LlGUNtkK8aYyUcNs4gR,1645764811405185381
0z5LAZ3jjltn4c3YzwGK2rq0LTLCV2dWzgp7EsqxbildKmAIhQcjHQkbt3nN5Or2,1645764811505238279
5g9JW0E6ixj2ktKRIuAZLs8CwtXzIO2L2BcZBqdtoMuWECxW773QyCau58tLUtgX,1645764811605176067
5G4E7h8t30PFCMlHRnhPzIH2O9Os22P5JRKO8QHAQePcy9uPwZnvp4vDBJ4EKTJd,1645764811705549685
vd113GBTsb4qiwDeVyXL3SWEkaQ42kfvLgwNu8omhsaPon1KmYdny9zikOmm8PfR,1645764811804935059
5boxhdhOTHlI3kanIBYHKVx2timz7RRB1D8ioo5I3oY4Z6rpHN4Zt2amkMmrmD0n,1645764811905313613
Q7TFvWVwL31u7shOEmv7oVtWqdLcqMNFTqSMLvIgwJY3AFPO1KTnqKJgydGmzdzQ,1645764812005194802
RPkmK2QGKyJSCioB1HzrbGVXtjKqMJEljyW11uIJrZl3GXCFoB6NQZvHID8cUMLD,1645764812104802790
JpDIkTbb2KcGroVdyZyO6rfO4lyZ6KkP9xhrQISRa2hRrB4pi2BpuqBwa8VgQG3Z,1645764812205196394
BkPc0p3asizhr3WY3fNvVWs3eNh2bkcnUzNSoO0g6zNw0rU4Wpx0Lp3yBl0kVaVy,1645764812305168931
XsOMGP2LMOHNFjPkYMkrClnLWm50KbwsTIEifE12cIPqzmaX8IOI3AdYwjYGIS6j,1645764812404988332
kKROZSQ9inzhZXChpZytjbPdIvraNyK5IjTpCrzsewYDSktHHr8yQXbjSTJnRbrh,1645764812505003782
LKXVCUNoOt2qct6tiCs8kTrAu9wJin135WWH0u6Ml6DNxHFfT7nDYdMRmIkS5lWA,1645764812605195162
H0QFuUceYn1V4GAXLxjsY5JKL1lOnFY2FwG8QqmwblRf0bALXtB5wUOHU7fHMCHb,1645764812705363585
8VjXLVTwHtZHSkaxbm1WEPliWPxqbDRhiBC2eewtXU8zCjvnTwJfJ5MpSHd3U4iB,1645764812805204585
FtBsX7l2buzlbuZ4qqh9t3wLLZMne3yrw9hRFTToNSawL90BxhLpjFA4pVrRYoGS,1645764812904977594
xytAPKzmkZi5ggHdLaS4nb6a4w1aiG2dEtodBnNvM310hGb2q45dd9Eh3DHlTHPf,1645764813005195587
8BGJybEIcDIJTtKJvNvWU7DYKSHmhePppg6nFL3sYL92DTJ8oCfJJqreH6Owlnka,1645764813105203946
RqMh9PXgjgiw8z4wChFVW47n9VjuHTSgKmLRCs7vXnrfntZxbnS7rYs01ZsG3JxL,1645764813205178302
5IkH9sAgfzJStsNSfoXVMNTLwMcxdZGir100t8eW8xzzqKPT8uySHSoBmQ9PxN5o,1645764813304974255
O5nFCPmINjFB3eeCWben3Qynq5AnTFapJL5Tkrl5Y0Gbcvl8WOvXorIdvQOMdwBw,1645764813404985130
HGP0583d8KDkDyshKlC9bUmWs8sV51SKGpIJyMv4g8pr4fYPRkW0CGW4OMZTLzmb,1645764813505233737
p4vlQop4wcvyITLhDrhP5BTUX1vq0hSnmLYA9MF3yAzGeLxrAcFGngkIhd9iLZV5,1645764813605157989
u4F1QU2Mf1dHMY6XBLly2VFj6OPPxvUpxioLAqhprI4CpBjyWUuWx9E1VdRSWvFR,1645764813704898877
b3mmtSZjievVpcTJ4Mo1V221dRRANfbwiMiamIJUuEyhqR0ulotFotESLfagK9c1,1645764813804906030
VJbHZukT6gAu58orvf6jWK9rxjXIt8JMRsc0mMRq2bk5hWwcB2KhMTXKB2a4ArQZ,1645764813905358839
j2ZTM0JMZ1SHXOrgPBNjds3ovbq5SGf9HCabBrwksOzNkr370RrbJsPCUDIuUv2j,1645764814005168332
7cIGSE1IaygJnjQo8HPSAnec0uWSnW9v7S9ZeArF7XYuHwiPC6pKrSwpMQG8xP14,1645764814104909264
pAbULShS0DKF91eL7SfwuZlE0zMvPNxCYYgr0LHyYbDicq1hIfbACLOAKj5j40wc,1645764814205450616
YaRXwgTUIhAsVAYln9vzUHAp0DW5EQfkz7HtllL3QWuteSeRZZO4oYrpkLsykXgj,1645764814305156994
cycOhxP5RHy3hcSH9rJxP8m7Tc5B8muiiU4NQUSpjQtR0Li9Cz6a7rhaTlmbVeKB,1645764814405174779
7OYXq0MYOFzOZfXjedJlSzJwk3VDgnOnCwK0ueYIsVgRABAomSXFRrB9ueKYSiLc,1645764814505200222
efaYI9oAcUbndjZP97eaynhqS1PsjiULO4rgBfoo7PZk688GDko9YUyyVLoD3IWP,1645764814605058284
KM3U1rG7EppLvvZ9gNGCrE8LZwWdE02WM60MvGTA3GVzC46sPM4FbCa884lK4moR,1645764814705017271
qnnl1Ev5UO2gQ6WqSY51kd8qhr8ldvARixBjB4meToItuphLNkK6NQu2I1otwyLc,1645764814804971125
uUJ5Y6h1u0tnnY6AJOEep7h78T02PJcJnvNM14Lu2Cfpll027CgwJL3Po2PELzV7,1645764814904975414
vsTuvmmxzRnkAlmIxQEFmGcaI2mb1Igu87n3uZ1tzob9ZLPWlcjXsM68OqhN8OGH,1645764815005001818
V3KPcJGZ7rjeC69wisTYEXeaOMwUiClBD4ZpNpPTf65pAElr7DPJk2s6Oob4yKFB,1645764815105479263
OoykcLBHRG4aVqRa1qrlqjqEXRGTlWe8Idsuy19OHEyk4NI5BAo2tcEP3VspzVvH,1645764815205596039
8nA4mJQ1XMmZj2cvCPv419R5eJsbmnrsY1xKKLJsi5PP62IIRDKSNlVz3Lbp8Sie,1645764815305280521
RdwlyGbeJ14P3KgSY0stmOspjReqrKSGxP2wdbYwacKbv03TywKiIAVzc8pRSGiQ,1645764815405040058
fiKGHsAsTUTOSVpPR97hJdgtlUJBkzbNhtdymnoDGIZilO5AVDrmoXgX1zilyI8d,1645764815504968585
BjZvXO8nefTP3ZZWkQJWvx3xulgq3nTDW081MFo0uGNwnuQVIj1Eg49YnnOpap27,1645764815605454489
o86ANt9G9WAuRaPhKOvyQ2VDqt2Oh2VV9cfWVokcJuUiTrPlFJhfJCq94rYlt1E2,1645764815705404588
brX4eFex88dbz0MCJ1rdEgkGXI1OIDRt4wwi9adHhGqgFArYCg9QMugtAfIQqhIu,1645764815804697201
bEbkmC0TRq8g1zCDfMb2EFtMsBnis5aRH9C3MCVn0dR1adCDxlFB09YsIJY9M9ad,1645764815905014331
Imecw7NxiowIQ9WNujZtq5l9MIIiRsJhdvIZ3fUlSR2sYWDQFmJ6p3DBLVrmLARw,1645764816005034237
4jU7NyqnNsdvOqMcbdgQgta1MPlhYBccs6jF4X2QOdLmUfM5J2Txv1zHRixztXbm,1645764816104985455
dIzfp05BdPy74IALLeJEfGW4yR3qwccZuZEiZItDhpIj8T5R5Mfia9nWYqMURw3J,1645764816205574057
WGz3YrEDgXwmyzD3Jtlt0WQZLk3mh55BL5ErwT4ayyLwyWxHNg9ODZxWH0Iw5L5O,1645764816305004043
OKFIlHthGCbEiWT6CcUN9RtPP9LTVRrrj5ASK39aFimvEE1OqTmyudNIlgjG7a7o,1645764816405035051
dHGyINYV3JRHXSgLwQJo3e4oLn2QM8DzNRvenS9qlY8GzmbtCthDXk0qX0Fr6SpU,1645764816504962876
tk6gAFVvob9nNlgXeLi93gyZfBQldFDUyJ98Ze2LFB6awk5Y5ng7Seg7p6sQK6sI,1645764816604989122
P1OwdQFqcLQW3V37HjEjLuq80gYImOYAOx41NIqxdESfiVmzC0gXuUfsABBvZj5x,1645764816705239053
e7x0Plx1zNghsSe4SKZKmECxNLsx3vsh2nhSYdRW07DrXqtx8THvfTs3nk0qfqXf,1645764816805321687
cD5AqWgobsd8iX5q0KlfobiZJgPwVuc77hFvCuinmLuSsxIqI2W4bCdvr2rMwTT2,1645764816905471287
9gvJad6Mzyorw5iE5CIgMtbDvRZpu0p1hlKFMPaLLMBHRrTU1jBNckbVB8J4983o,1645764817005687082
rO3EldX60iMPXpuYX3w9nVdxdw1k24YsQa69BbG9KcZpPRMwSI6DlhAOd99dCfVc,1645764817104783053
FZmPB0YTc5IzWewyu0CfhK2KU9vgmRG000PByxeY3vYXZUUSUg5By5TSEO61nLzo,1645764817205011424
JOxIJcoMVMs4qMUI0aTyfuPuHTt4oqq6EoMXOAstXkvL6Qe6052fyRXFvOJhE8lQ,1645764817305016397
w7wIGoBlW46aUieUmg8k6dz10GgCOSdIXZanLjWpodNGJ1l5frplSmkS3RfPrGiO,1645764817405633357
pGA8ygvkHI0bJlewaUg3GQTHp8hgON3BdDHbtCJBUKkl3OiesMf7k8OaH3EdQHn4,1645764817505212388
U4dMHxXlHHVKdBwWXbbHixpz14aRLNToS58h0fSFuvXX6S1d3atlYiiXmHw6cOs4,1645764817605574991
T0lRdCgV7B0Cd2phagQ6P7d9MYFyw53P5mqgwUB2fCEJC1ymiMr7RUEn2SmyXnLb,1645764817704837291
X9HSdRUHdiYnhUZPqQUGtj3tBnqgYBH4LXWwy0BbgjMNDtl2IDIBuJ237skd41hN,1645764817805239084
YBHU9R3pAPBMJuOb7gm2zo54fnghnN4JXJogkrWtHfFaZdBeHvgEhkHMXx3KI5cp,1645764817905598994
NQW7H0yYfD6CoFq3AVIqDZAkUE3mHfce38kK8irluvxiBnmJI27VZIE3UFplsROv,1645764818005636171
X6Ddm2OeyLN777OP7Wtgo5jIIW1AwN3TRE5EHTqDnDKuIiHPE830DmGVHIdDdee5,1645764818105445179
tjH8B7LyJdqZJ7xWG0WRlnv23YDgBpj2XyAi4TeN4UuNbrtpsOHdBCdCiqstfatC,1645764818205410795
W3saUWvYyquahnNXBeAKqlWXbNQFvKRRLI2oovMnlELR0iw9L5U9qygQL7fEP4gi,1645764818305017752
MgW9brwL5Fk5vgFGjhQaf60zBdBYhrH4VnD7c7QiK8lFoyUWfs6Jw4G8hReOHvQm,1645764818405014597
hbtJiH10PlGCjiiNamgWqwcXLHtcCKPttGDcYCcvvq7fYn26ZidPcFuvWmYj4vax,1645764818505655865
BlZhwAbrygWVUWb1CEPoSJiy5Gf99E5IzcyvmZljFHEhonjy28nSPTQTh4aqIf8H,1645764818604928987
I6B2dwltBxYxjHwjNhBnAbEpfofxSlDkqOmTIWKRRtPAAJtW04J8eVxHJcDlLQTB,1645764818705749662
mEf4izT9ssI1B9X9CoHoJE5aoIKAinJSzyUhwyrmq7l0EI9Q4RELdKuSaEaHztjz,1645764818805271429
qEgkCVW0aG0pYAFbZSuCkocK0Ab02LxqZdaj74jhKkWrskQRAKbu9CE9Mo7M94Cg,1645764818905237378
gkNnp6S7ozyghO5rhflqrxxBl5Ys7kWnVtaIy3Pm0MRfiUWP9FD0CBAwEimLQJ7t,1645764819005653777
ChB8iZvgtKLbop1y4CwFN69ZovtFE06PfIXOpQ2ikOJXBIVEVRRqYaOKTHXiHe5w,1645764819105232199
uaIjzLPhhgEszj6S9VGf5ezZtXFABI73qPmpiBXPpjIoRMEasTFv5ESzjf9sxEvo,1645764819205265957
cfbKo6keq0QFKfpA646BGWA0CIq7Umt6RVREZBsN9IcTvRe1TiBiEJiObWW6IPCi,1645764819305510626
sbwSmopv4SN0r1zJhA1tUhI3Do7WBIC4t6UesJXwjuuZtusY2tSWakYlWdHftRjn,1645764819405025145
XBPPTuKCpEjg8ZFBShf0PBmtn1YgRGRyPqMslg3YumE1MRAm6nlTxXMkWtQx7suW,1645764819505271217
gGPRwQxoCApWbzJil49iZWS3Ns1SitwP9Lq3lorwwfSXcjDNlN5IrXMCOLe6EaTN,1645764819604981955
uKOd6FX2uyXXhjuR6yhvT37pMjwYHPtBhHnlXKlPIHwy0pN4n4zE644Slyz2LsC1,1645764819705060310
AzmfJW4alzYlotpZxmn3opUZnTZ9LlATiu80ODa9C6uyzhVuRIyD6QktrK2A3Aem,1645764819805021489
5kmTxKd7QV3NBYHapDovbYoSspduzFg4zQWvk708c4TlckMRwAKXg9yXwZRvo5yl,1645764819905013822
VUgDbfLBjmvJUHjQP3w5Aua6T12F600bSfm1K5C1r7KMM3kl7gpFYPMzPMEVKD5m,1645764820005043261
srlAxxBm3V8NZr9eVwt4JD3iZICrVHbL6MV1KgoLBuiijpMFlEJ3RKlzcxq5CSQJ,1645764820104893007
otI6Z6Rjz8Rivmxf0EiPZTO9PFFbfdsTVBa4FznC5Dt1xqgx3OKapjjEwwobYe23,1645764820205036275
pa53YrFd48c1xIwyeGYSxHetCSSk7Vlu5qvbhBFlHpkE8eCkviCq0rkAHAuMdfFh,1645764820304939826
TAIBLVwbLfpRJ0BCgM3eDnoSvgpZJ4GnEWyY2s9NXwmrux3bH6FSr4vlkkK4mYpy,1645764820404792495
4nW4ffPDaB2U735O8LrzNki7U29EYwCbjjfNM3YwEaPJbUijnXhAHPGjQNxyK7X3,1645764820504721820
oBQ9Ey3QWSk8xSrkxWtEw9vMWqIqxqsk1GtDDwdjPNpKnf2kBvy52rRZhkNdYFNX,1645764820604460670
UGkhCNObjEtWrwH2rD8u5XRkFoNn2kIWy0DBObk5nebeaqfP4lH7IirWVDHVva1u,1645764820704463149
aC5wln1XPb9xRoNVXcaqLQKodbJYBISkSVgBJgggHqeiezCCbm0uCKiptzM5Foph,1645764820806359332
ITrZ9XFQNt70qJAS38MGQ53J2PMIC9xSdo1kME9h6GhwXpOaxloNoshoF36PB4ro,1645764820904668757
qqWA5fsBvX5QNU1IDpgzfNntOsIZu8LkwsvzVl8RGEpbgquteaqJvdCHVTpPZA8V,1645764821004597041
01TWmbv0pkcVbWMD6CWzohGHA5hjEnCEofiYFdY4MAYvgs8k5ejtJyAT3pAFcLSO,1645764821104668994
yAwDmVI6fo1Kg92jlma5ilWjYfz90RXwZSAJxQPaEQssXvcHfCKNvq6ST3bTS6O2,1645764821205761347
YYJTyj2A9u0fncwSnGni4u8YvjzOoNOKvhmrOo1Wg0BUc7wNLk6PcCxVwvtiIF2E,1645764821304653855
vm3Ja3pF30jd5d1OL7mxJjTDeKtvYu7TgAmFDaUEYDscqt0Cym7HUYT6rK1PE8qv,1645764821404760730
Ha8UAcjhpZJdSJnQ4vfYR8eITeffkTY14gUCIBt5kCjCUUcYNH6pOi5pKjU5C14E,1645764821504635631
hYR0hK5RVmbzHDXeTbRpHVeaE6fO7hdnG2nxMqNpbyoqAJSbsuQ8N2iZ6NxC4YzI,1645764821604690805
akEvYZk9XZzfqSGjKepheXGlsBxukuDKePDAyyKTVH7LhL210rgeOuNG4K9oCM6q,1645764821704558507
jK1fGJ8laD6GZ7HZywBLoZZsrie42lsl3rQJ8X2hk8xJDEqA80VxX2pMjUQlDHVE,1645764821804608400
6tVFOXw9ftQr5F1CDU9iWw4FOVzZkSnqLI3kpxrToFKsSJ4dnBLH5QXUtU1bwpPF,1645764821904586919
5TzvQoMD2e5Sx96kKP1PpWri0tHughAlA7eYu0lwcqMZzSJHsJffpUMoNdi1KqnU,1645764822004829221
yP1sOmm0b8aYZrqRAT4yxQmJ4SKOJ5rFVq7ratrBzRiYHWxRz2PuS9DUcYrtbi86,1645764822104715420
WFx66nG5CyeTUbvRdIL4SZY25Pvg53lbIggMRuRes37Kd0jEH4GjbpleCgJIh2rz,1645764822204843914
gVJ8PimFkrXNqGZ7JqqsfZXrDo7uqzrUUAcssM7cEfx2tX9CLx30WaphMvbAsSeK,1645764822304785068
aHCSdK3pxypqVy1qv4oPcc6yXh8P7mjh1u8dC9Q97GxbEwR80EXaqcYLHeiPPP4Q,1645764822405203302
JA3VJScRiY2wUR2Vfa5TCcmTGUqdut4B35fNXHmFpmAKDCnrkqIuS5MhXAKP3Mb7,1645764822504876372
QGSxVEBJ0JbBTO2CEJ6fMQKtbcJczsjN6BKbNTuNmVZGrZS4qWhCx16WbN8aFqvL,1645764822604877099
1GuPjnkUGHk6pAAfgrsbqy5RJE0Y2vr39jQrW9LlO5rDDztrolTehY30k3WmxLo6,1645764822705066135
4CxZJIIiL9vY6oOuXrYCNbC6dgqa1eg4pcb8stoE0kk6W802xWEJ7PPi5FI5sx9f,1645764822804911762
XklPdadbIMhoShqQD3hIS6zXJHcBCjohTa74AifQ4MEV13tC4aTWeS3xhe7sNvZp,1645764822904815883
VgtdPX3RrGutHn3LNWr1ysxeW4Wsz5hTkY6958YxOTodEpycMnbIfYwAaQ0aUh3E,1645764823004795329
D7LHDtEZK0CZp899vkSZHMhrlhPFMQTZWoqjf2J00VZqeixXQN6filVTSuioL9Mp,1645764823105174828
xCYcDraDL71xnzUEKZr2KMVlHBZaKtPH4vsHlSS6aU1NRTZl0RoLnH42TbanVz5Z,1645764823205174059
tvoeNGkvkjH9CqtDFhW1ya3RBcDebIDUBz6WGqSyZj8kX1xlgRmc1n2APFpzV0Rg,1645764823305010193
0YCEMcCuJIerHZav0MY17Y9XnwUGvvwvT67ojHi0aMppvPltlHsrp1OaysqtlkmD,1645764823404668864
qr1X8jYi3NWwnFpWWhNJijteZjVLTHYH8XnFGJvJeRDPg2wAjHTPzM2W3XpUnNkt,1645764823505186890
sX88q4PUTcs8coIJ3kj06jX8GMc1iKvar1hf348Xh0fHmvbnfKmk1JsHdSHJlCsc,1645764823605189815
BXGFbMkGKNY6G9rwRdeSuUjYu0pfAhIKCWZoqH4AecEul5oCjSebwM7rKxWTcmnp,1645764823704686761
GMd6bfGDIU71YuCFMqqHAy6VtayTLjIZ5tgeXurpNwovq0ABpyQzwWSn4OHP7XzA,1645764823804695926
RdoyXdluaXnQYxZNwzKqVlea7vxFSuNrXAn3nWvN4jmcgLxaLFPo03M8wKLMCiCk,1645764823904944062
qzleUgzYPl8453eQI3CH4ZN0riL3OXlDUWrwDoUaYaedbH1sID9NkULbAgdWBMje,1645764824005003999
rYa2N3cvdHWDWX5oiE9TgV2q9dMJ06xreXtzYVuAkQNGvS3eeC7Kf7AplU6ja3aD,1645764824104886947
YRC7u5FdTcrP4u3g580kD8XycdfBeFMDeYIZbXA571UBuVpzdnjqvFnVsSeXg0iI,1645764824205518748
X0p8VzDc1hltCasnNZcGoNjhpMCTKumrsbyNb9xapiR1GJnbsNpfkWKXsW1DQl2G,1645764824304903317
Mybv8YTxEuwUBj326shoO1MFVNQv6S9SRkMZInUUiQwrAztEpa3BZNQ4iqxoH6Eg,1645764824404863638
qaD6Oha47WvFTpSINTUvquzYjvK0zYeo9ruVYTZdzUtRHJjdmDYa6V6nQQnOyPC5,1645764824504843282
G6amX9PXcGyrZfUJt2txWxkuNVIMuURAZ0w69JbjaXb7D3R44I1aGjUbCnv6FNEo,1645764824604946826
L8vURWCz2l7FoWJsoIQ2zveBgZFvuTiFZdiy7sy9d3MPZdILtiOsb01HXGBShtfG,1645764824704951455
ULDZDBhoE3ElfU6YASPmSO1ydAOI13XVNk3avkP7lbsO5yvFPIzrgznH9BaBD7ea,1645764824804914938
rhAkPXr98jVBfQP4iOuNNheVtCg6JIe8yosNKjUQQya6OzA5N4Sjk4EbHsfYAJh8,1645764824904899656
7ZUPJwohuOnHNwMiymRiqdJ5TyeeFLkLuCkB9Yr1weIJac0ZORFD3XIWTu8jDr46,1645764825005206571
3oHAL8CFlSXJ5XqTw6ezbvU4pal3Rp9TcObvVlAEEhXHEOiBSN83Ga759t6YgD1I,1645764825105027286
abD5MMHY3opICWRcrXf78lAHcHpISpZ2Qk5k6MJAB6QLaryRMdYUMjjyyXHQKqRk,1645764825204658484
YWSftjp2oFLO4JoOvMrH3aGz5VOPLp7rJYWAHLC5YYSapGzkaq2eOGbSlzr4oxv6,1645764825304887165
VSGmlTqIzIsoYpX8dXk0nMSWJJa8GVCjvSWhtKzscpf8dAEGhxGSHgya0YgE1syx,1645764825404702010
LScCkb5MOiSzqeEXbSxq9vR9R7LSyHPJhzVRYYlxEDu4q8ZPbWGkPfrqmCJkSg19,1645764825504497262
gVbE1M9EY4GMAqllKzVkeKYRVp9xW96AcfMd0UpYY6uiudSEdvwHGTglIoimvmwX,1645764825604800379
QJ8QnywJ2qzwRR84N3MdW0Moo2bjoVECmNcXJYoLMoFoDNsaOCBuDVhzXGhKjvWW,1645764825704990939
G71Zfqs2e5opTgOprZi23P1adisMePqsWsQ9gIBIOx7peVeT3MV6jWgKDZfpwThS,1645764825804906943
L7ZzQjHmgPZIuDlxYG1FliayFDnBgUb0a8zyrHkYeHqWSaS0qTEZ9mXOzIXfl6fL,1645764825904777220
FdH6s1cWGT2i3UjrwvR5hwSgDxJy4xHHaYNSXywnRyVSRCHL7gQodqSoommsj17H,1645764826004770653
ZSj4QfrpbMH0XXLeDkRoarcOdMEKNLbuoIyEvp4VAJVhopJ2Zio7aRUBliW9251o,1645764826105211603
M02Hp4kxMGcA3wAacxhCMBO7ssEsvGgHGgX3lHz5VbDYVM68JoIfxgmnW1fQFLfV,1645764826205077518
2AWlQVov71ScNWieK1JGf41A3haI0Fn2QJlopZjuZ9UwgDZyCsCruE1xvbFvp0wD,1645764826305471187
If15FizosRiWeHSq8fg0thymHBf6CbJSHKXU0UIsvyMYGpMMU2MLkI7zUm5eMM6b,1645764826404954398
ed5e7LV0JrYXevt8vETdWYcyLfch1iGfJLIOenPxcvVHoMNiYpL5Nw3gbeLdKbGe,1645764826504778697
wY0aLNWwJzD5LanuN7xl3yRecnHxOYZJ4ZrOxLKEKXHe55WTCTCFPdt0O9vnfU4j,1645764826604407021
1t7wFRAZwSB0VhTh8fuYGlYfuTQZvSHwLMtYm16iRHgux9b5mTb1F9e7a4fTUwQn,1645764826705051013
IHM4GQlgfRacZAiJdJKqRwyz0bTSXtGn8aqM0Z2fydIVnypQF7Fg4Bg2m9VH0j26,1645764826804861101
JsSHPVuO6Ctt8gHOmW4qhiqRpLip2ltJbMa1pVNvfEomt3AfaCVFvLhkfPYf8Rzk,1645764826905441187
lXla26VgKHSBLcqtmJ6fdlQI9wvHLu17SkhSqB89SYKn89evSla5WyLfuHxGBwLb,1645764827005062607
h24VDAeejxRr64kYpLeJHzxCEsQQolzTl1zxAbbrY0gc4R9rknB1k8Bz0bNmKKG4,1645764827105282731
MF1WocNNc1xhS6YCrhCanNXlxuYHCmLYzK2nwN8ZP6EpAm02SCcFZ71W1ZmDL5kK,1645764827205418749
Qk7M6EtVK7IUsIUKU4Z4BaYA7KMQQ6iqooAu24NM9go1wJJRLrTXP1hXM3vk7eYw,1645764827305656360
QioSkAmuqYtkpDBB4eiTeNy0RuiWWGQwyDMjN8bBgUvWh7fljNDNkBL953gZH4VG,1645764827405482179
HrxexWpc0l6iqlRZ8evqoG0rIeRZiwnymicjEQLFBRv1CKYIxT9li7c0l1XRyJPi,1645764827505045966
10RGQlTZAOYLg6ddYkOGrzEa0l0w4Ne6L4KlnlIx7qInvuRTcnjSmx2li0flMKph,1645764827605512211
M9R9sj6zaNmVHDwr1fJlcKUIKA1gSqOoxpvpW1o6MbZbmVTl8mVi6z1P705ZrRLo,1645764827705167239
EGclGQpczPCmsfXzP2hU0gt7hyfWO0IcHuNVLD5IaH4QuaPKa7oalhgSdLy1LHea,1645764827805046826
913SC9lmQnDJNcdwhPUT4AvhVshp7JNGIRjVYUHyFUFd5qZmF3DHC9xfzeU4xqKD,1645764827905215451
F1inT0jjSzMVptG5uTM6aJmZvEdq2w4Hxm4Rko8BnSgaLufDO0IyH2WBE91H33Y1,1645764828004761724
obQWPYhAyMkHGOUeMmbbm7m1EmIIpoHdNhAkDpuB9dSOzu0JfbuRifSxRiDEVUqs,1645764828104987202
9ydMnVVv6vJ3pJMUvFwbuMWJ3jXYBNOKJze7T90Z4JduczMVEG56bbPeJxAUIWnc,1645764828205034051
WRhzbhYdy9XY7s2J87QjinLziTS10FbWgGTHvzvt9QPEGRXNYv4FjQCRteQrt1Na,1645764828305287838
FopAoi1v7R9LseiPaneHBoi4T7uM6FuM4iWsOYlTxspnWVC4IoLTd2W67QQDfJZh,1645764828405198886
z4XLaInXAcKf7VhOJ1ru1Ly8jNLPet4bxcwXuj23JKgPpNn7OczPyyVfLr4xi9Yf,1645764828505041508
jSAdACeTUKqKgdP4EOSAMxpfmsaUz87iZHJjRyCwG1Euedxq1P0MKqz5iaZfghNF,1645764828605004057
wgyOc9IrAWlm7id87bSQPQV5y2kej7sgoo2OxKF5o1qvjR1p2SFSsiXqkISSNK6B,1645764828705259526
98Y4Qn8Coy7YN6LNYYpQGLEybhQwzW86eeB2RHEGDJmaQ5xydlNt4brdGGZGmfMP,1645764828804875185
JVRlkezxxlVNqRKRChIEG9rVNQjA65ZNZ08He7Faqixe9F5LuNZBVOgspP2tSbGz,1645764828905299954
aNHCUUmJCixMx1fsOD1tbfkO4kHUMWSuth6LBreLZahWbLMxYNp92ZY4JnXdJzXA,1645764829005020545
gcWpT882goWH9tDhE2oHZKLq6qUPpzYTZ4G2AP2rDX6MQJ1cJnts6DjC3BZr87Ii,1645764829105289423
9ZkKyl99IFTgXUIqFChLNOVOZ5FhAYPK78c3tlC9yfpV77KKH1eeP93wCGbLo1dt,1645764829205084408
7Fwyy67ujwOo3i7Jhlx4sy05FbQ1a3vfGpdCuk6deUQgAXzrGuv8ttD6Tb51c0hs,1645764829304811102
oK4i39JhdhLoEKdUFXb6QmAtOFv0Gar2stkt23beluSxF3QUazY1lis7xl6BLxDC,1645764829404929178
qv5rxeVgZvboyzGZymakUQrPCxZVskhhenYbP1Fywqkuq0Tom1YEQOccJB5CtnrX,1645764829505096735
YN8xOLuKCeE2dgoNfNa5jCh2LnCEY3k4QqzoCt6OWLO9zCUeX4kGGPHZATmiVWkt,1645764829605326039
MkiWbmu77GE4Tjj0lTF2qWZ1zLjUpUOAC4gnqZvwp7yGqhHa8Ucz090xVhSK9oUL,1645764829705110090
q97ei0YV7XmwC1WLV6IVFGSivs15eTOScT7ITdob8aVLb1e47uXKAz35q28SVVv8,1645764829805270379
y0QSdE1mmW7LXjPcdwwnuxqizxAVS5bO5zqhCpTyLYIqFhQscLdUITCGQKjqOKFT,1645764829905046784
H38TtbQC7i1MNRCxmpR3HbHfu0UIIjlZks1bRRmZ9ntUC4Sxtry8RFoLFIdVzM4j,1645764830004922672
E3JgU5Dbs4648Wz0Lx8kCw5PCgu93xrF0AtVF647B89Hc7Hy4QiHKmeXQZeTWVhU,1645764830104751697
faxuf2zoA75nENjInPX59CaalF1FkihQHfIwhGipNnabAHrvhP1oZbOIqOVZ6CxL,1645764830204970900
rFFWVxKsluRtCHpreodDP2TEOynSAko0x3WRzqHkjjbtyOicCLnaLGmjEXCMF0MC,1645764830305002059
1rd0htiOcIHYgzArLvRgBBQNiajxY47ZvjYacEzCWGkBEs2ZnRDycbLKB2Fj4MHz,1645764830405250842
5nYhzXtWldfxVfWI6iEgJX0TYFAcZPcfC8MCdEgOrLKLyqb4WqkoNiHvvPWUp87z,1645764830505105706
GSBtgpFV8Zo6OQAuGsgbYvVRL1w8717LTHC76PbFxPLLpUD3Ksdtn6I85CGCEMVf,1645764830605321435
dhnj4Mw1lIKZkYc2QDtDJCKMOYYcu1IVg3FlP9m8P7h9dIC1V5CnFW9e3gGvhWRO,1645764830704880285
Xe9unt3D0iKb0UcUYpHnJQRM4gImAh8gLFa88bJ7IeiI8LmgA1SRQtoUZ4EilMO6,1645764830804810112
bwCkWWpo8X6Gsrv0sNSIEElmIzU1Ms7vmHfInS6v0BAq03psQF9eTsQjrskDip7V,1645764830905499704
6knsDslD1v31wsrM7yzYqNHiGztym0RrlDjy5UB4OC5I3wf8vchlzwRFuLCgLdX6,1645764831005063911
qE2thBx5O2NPx0XqcEbaB3n3MzjhbHmPVmJCyEFKFbjCZG2AVbkecXhyVOe6fOV9,1645764831104985353
AmJ81XSE6BOdQOnvzVXa1CWWaAaEY3Lhocnn9G1DPPpnnaik6DK5PrZ0z9EWAZDy,1645764831205695820
B0lJEmUc9JPwu6fyJx3hmchmjtGtSTqbRbseMNGVedQWj5U12Vin7NZoGpigGYFf,1645764831305275653
78JTTXx5BNcsQ4tQaZDfwkUAXAqlg6RnCiFdGCiPXIHvN9LvgXadF2lnAcYqgxcq,1645764831404940439
grTu19JYSaTnhmiOHG1XHkIRKqG0msoQjFKkPdGpBhctRIHjWGEn0WDLKTJ6L8W2,1645764831505074699
NqkkRyZdf9W4Pnnw31h1VuMqLewemRe7FMqhKNKxXq2wbnqcnYdIQy8kc3OMU1Rj,1645764831605401435
NHOifidAWf47TvjERLWrJdZtgwF8xgpKwE0bwejTJnYkiIw7dTxu4WnkS0qPgfka,1645764831705312239
ri9oMsFegnOM3LSemPYqvLYOJMl0zTYrCidYasCEdZZhs1JcQsQJByhVIRTHu186,1645764831805039378
jlfIbpUFO3uE2BqQ3GkDCRgUq9ml8urqeU8FKaSgcKveWl5Z2pkEEQj5XTqgNfWz,1645764831904964557
AcFSCh8o01RWnU3nJozVEiYk9MQX0wUAWjagPgTPiutVOwGfiF8vwff515a1z59V,1645764832005336230
oh9BOcY6URZqMpV44cz0He4GjeGgjN9W5JfTvEXQd6Gzvk4xK3wZg0pNe34MPDsU,1645764832105320270
WXvQlSqNW4MPmQM6SGf8GTVtWXFtl7NFcGfMgTjCW5ZIUuNuA22PTVIy3VrmaD1C,1645764832205055920
ThYA8FKeLuxnoIhwKjLoCbkD6bzgozrIePQmfiRyaMlMeSJw9ciJESXI4UzqRo85,1645764832304787997
BWsoDHmnbVADxR743qOFGtYILV9nJFsUkiJxx3kWZsjUHpXLftYtm6C5ZJqsYjLG,1645764832405076185
PcDLfwrEmZh4OEN17vur04wZLnQsUj8rLMC0G2D2bu4x6RyDLq2JvwqGjG8BzF1I,1645764832505314146
ZBJpDUpmMujSJhdcWfvRbmfJ0mSyzTGYfXNq1AbN4KpM0QyW5uvheYyeIQaHurpX,1645764832605340114
MALOLwjNFXjFxgj3aciCAgoT4PiwEYRainw1hgPwB898os9MUpWdTL4YimUwKwU1,1645764832704989359
hP2O3RLEYSMKLUfnJBOnUSJCFn6ZhbYO0Zl106FWYZpr3UdLd168UPKjAPGq0nEy,1645764832804734901
MxzK1CrYlePn608j2CpUb8DjXRZXCmTYjQtlciJNMg8ShE9hQzBz7MjelI9y4aWm,1645764832904931514
0PXc5oxRU6rBK1qly1k3NRf9io7mMdWM13y6rtWKzNTKMK3ILlLjD0qvovf8YCUX,1645764833005075031
DQc3K8NJTobo8e6UQSBbSzWFu9NQJqyVGYYagts7hTvo60GUSR5sOZ5IgTg0HeVX,1645764833105096547
C16qswyZNrLTpbxF008OZDeEeLEvzhRAiXyaRu7okTIZ4Dp5ExRl86zlRBgOs7WY,1645764833205323768
cV63PEq9f8jhJWmVTEHZIEKjQz5G4cpf5viU7WckeJSwpERGQipgv8NL7TZB3Mq8,1645764833304729578
GXcN3C8gVacIm3YBkMrfUFybiVkjsbr86RV7ebn79NQwRw59Iwmm9iLpD6Y5fPDj,1645764833404860056
rhqTGeaQ1yKQvPXBJHyTzHIDLrGyEUh59YWPA7p937ayW58oN6HMLXXhModbGLeN,1645764833504885784
tBm1GaAJhkGCoO0BSFVlk1Q7p4g3PKQGTAHhkRzQADcyba71nakXbBeOFIRebps4,1645764833604960653
09kiYj8iwieVIjU5KEbtPDIcWhE7X69VDrDmaKSW25zJoTM6ix05BGifxwkS1rvE,1645764833704929876
j7yJRRoRUnkGH5Nx0L09ZioWdWxeOsq7zpOQECqiyYyDdJAecAlBragU6d6STwZT,1645764833804914308
jyrx8hd6GcJrtRVUcHfRpJttwxMQttrdriY0QC4emOVfpz7PElo14huzeENW8E7x,1645764833905055176
ufxIr0wbOQFDPMbb7PcC7WBjlWDrkKoc0kvpkrP8FeJe0uF8IrINMT65xKwfckHa,1645764834004715553
UCQE2nKHReuRW7ZoxrBJIGMDYGsA0AlTM9fMwycNaWm6dMtYB2pSGBdoRWzQgir0,1645764834105334011
rULlSx82Tu74E0dO0SoFcR33x0RbgIaXnvIFsOGLHNNTL0pJRdY33c6yaWaHo8mZ,1645764834205097592
33nvR3EgQbAjaz21bb4eB8ale80TGn0JqnCFoOwC04vY1yZcXdEilpRQvSrCDpT3,1645764834304758188
dgGP4Cc2EXaGT7q0k3gUq6slYhxlWRm752X9D9APekf8sU6aXl2Lrs6NZ484TsBY,1645764834405339989
uif5ppVUY8aOcgw7PxSGpZdPbjT2ZcaSLDX812cZ9CvjrprGmHVco6zNqQPN2xpL,1645764834504921577
BNUCN6jWHcE8R3MCKpo7wlSkBs7DpxZ0I3Cd7t8OVMUxPp9hevmagFKr7Q2uLbvd,1645764834605107453
c5GkzM6UiZP7MYn0RZZ7orwtHxocYhD9mSrjovEXUdcoANpbxMhjDbbTYP356HEq,1645764834705091024
j3aVym2RNdFX027vOmdaNE3ud4zhLBX2E5WArYbF9pkArp3GbgoxuprVtoCDziDB,1645764834804812610
njLfIvsPkcXbSbp1FdwASldKZqXWWkfJU1wkuo9ePhDpG3qVeld5WHP45wabgGu8,1645764834905382099
Fps7d2l0hypvzeQeP4hvJ6zO0Yzemrnzgf6IfpGKn6FlieN7i40z8yN8WKmGBZFq,1645764835005131055
DJ6q8MBtQQe84zFk3EhBC4HgO4wYbBMoSQdamoTBC6JF5Xx7lfIvhYb4cXaBgw08,1645764835105156586
Mdg6P7FbDXoJ4mOnPgg6CHAomk0QeyWyZC5wJIVVpKmt4AeToKZ1ZinLSll5hF3G,1645764835205140011
P6AjPgCEyy628iTw30vcijw9UfECvHQKOZ1lFDzB93BHmeCpe5PLoJSHxgRsvpAH,1645764835305371053
OA2bL0mV3xkpbucE00ZoHz3EfU4YKFoiNoIio4Bq0wdbqGnqEKdVJgkw9mVTzH9M,1645764835405338854
5R3sUEiUAL31Zppn9QHR7zNElqfl7o7BEA3gNl8X4BWe0KP8kgZrfu3PliAqXF1j,1645764835505104228
O4NlnVGselWf5vlpaKfDCicxRkowyndMs05dVJV941m9vVzVnci0KJxj3jf1XGLN,1645764835605179280
GQ0jiUrmVdwO9trwVaunrsXuZAu4RFRfeQPMuG8Nr2myvdtOBnC2djvDrpHI2hyg,1645764835704683971
7L0zb7MQ96P3iIRt3duhKnuAa9ScqOHvjHuIMFjWL6Z3OyvRcp6uay4A8Vmwr3sb,1645764835804517817
Jkrfza9JggM2fHSF4Y7eXCodfbZWcP7t8xZ7VgQCNlC22eF5BMjiYYLB7sihInbQ,1645764835904865103
kAVGouQBdcBdFQiQnS6JyPV3HBkXyLvjTPxIHNTuxdXC3Gaoge6c3bfJkPoilkPC,1645764836004776694
7MUOjwIfZnra1QNh4TJ62yNmMBU7tuJ0EmMwiebFQQnRqA9tdQxdPKPlVuqNm7Ny,1645764836104647201
tkuZMVmmuaCiiLbKlYx8qNrMFhhzn2xeksE7LyrFY3yFMXZ64WCut4G8jv5Wy3Bi,1645764836204504773
tNnELdSsgO71vg7zCJu4L8A54GZ2JiiC5WOP9qHnCOo82t5CBzGU6PZ8f78wpq6t,1645764836304658342
MUITJZHVv3bvvh74eMYkl6sQD0K0pQt9sBdBisfbvGWovcsayPIhV95g7Pgwpa6f,1645764836404539613
jjrSbU1UkYHe89E6WUl1dqhlFMf2wlhfSW5107UjdlNlsZpP3aOfO4OdQ3dMnIzF,1645764836504548154
p3Fp8jWlSrUKQHhSp67DAToaWPuJhrXWukK2TolvgDD6UvWH1bS94EjZdbqJSNnN,1645764836604632820
77NYu9RaMfepaB4ZmVirjPQLyEcQcPlhV7EPGfzaKdNsoQPZv5OcSmxQ0ZpcxYIS,1645764836704644703
fWrt9oSSRnIEDin8lBjExecxEPY9yobbIQTREvrfiArusc0bljpgOQeapAjnwKNE,1645764836804815834
kqdwjVZPfRJV3K6p1uTPK5z9Fgv9yINg8zcrSCG7dYaeqeRrYvHs0E0EtvNrDjYJ,1645764836905054317
g888KMDvunYkRzc0srqt3q5ulQmw9IDnOLvji8catALLAvJ0k9rlywghNQcUgpI4,1645764837004830056
BBnrKQRDakWidpjNxa9tVnaqDCIt2YxBkj027RDfAiOnV5BSdIL65uwG6F96n4FV,1645764837104855971
nFVsfjYpRwawzjNa1gh4adIfqRjeUz7FCd8pKgcjaDdZw09wfq0FSJsIicuAZ2Qj,1645764837204916305
dYZxCBgmOJJJIQFxFFChW3xDdsNCulvVHSSTe8D0PWJhvYeAmppGsmRVepfWYY1q,1645764837304955464
1TJdZXdz1vgwRL4DAtS0gtVIg8pFgo5fGMIptwmtpRpGmuSunusRlLkQTXf7Linb,1645764837404862849
45PwzBpocc3MUVEGN6h6PPWsw9yIrlrwqGqqQfc2FfNk8Z0Vefc356u1GsH7d91R,1645764837504626607
PrFnUsqiVBSekQ7O3hQ8oK84AN9lW9Cu0ShTIVBnebPNzXj2E990RF2bcCM7LX1J,1645764837605176125
zgkHAv2oUSBTzvWB2dCSsC3UOObhtazsHj7Pd9D5ZNZWG3iIeskW2myR8Y6z83rN,1645764837705332518
lwmO3yRdJy9Z1ppffY9iI67OeDNkFC808sMBono7mwellUPR0Y7IcEgGP31eD7eL,1645764837805339352
xyUmkJrWDWFwyeLyBSGngu26v3i8ANT5Jxr3EhXRDnMBPh9aANMqHOuCPdKZyleH,1645764837905187408
iUJvBqKMbgX1OeZY1vMIHHSgsmDqXq5DKM8TDTpo9KnVyN3xIOFYdfEVRSJwGM9a,1645764838005055878
jG1wjoiq8WM4tN19jEfMtupKK6EaTL8Ab74Ivk73GR77m8FWMuqDmeV6kjeB4mJe,1645764838105045951
rNwm83pMUuUH0hlKZbXMD2Qwj57mpPQhmMTsOHFsBh7COsUvS2Hf2ibmnhYa6wHq,1645764838205126574
Ijje0wX9dcLzTouvqAYssAcdp8Dt4TjLCQzCMULx7fwaTpVHz19rBkSysfrv8ZGK,1645764838305087508
xFUKkqFpTCPwzsDytKn34F1vsrozO4HLHmd1atq33Dx25AyxSl0VyzQqoEnAG5UX,1645764838405043960
p5XNyLOzZLzcTxXviVQgVoVH0GQGJum8zHTwcrv9AvkdsHZZnxDGmgVkxvzGplNp,1645764838504886480
2qlcgekqZUSQjzxUwAkgrERm9Q2z9Pm9EVls9TihvA5f9274Askz49lDZmAg9wpN,1645764838605160926
PZFX2wEy4HbCHiGPYyPc88ofuyM4t9PIidplZ1hbGGnXw1xVyK54SthLq3NjBmzt,1645764838705012944
NncumHW3XHYUHTxFn0JEs0Xi2uPDeM627hwuyQvUiRwzvtEgrVsjTPPVHogwBlwG,1645764838804721480
SsAOJ3szVoyOfA2XftG8IecYSIUb3QsTG0sX2kWXZUtCetjHmyO3c0b2G5eKTUnh,1645764838904992582
SfFUOlzxGs7smrAWnYZPWARmD34eVsMyVbQtMQoaGwT0lbXY76vdFKPQOS3rKPnn,1645764839005054321
yEfKeRtsLMt6vQc2UXfhs28EUB5mYrYW5DohehZ03Q4yqhyJEdy4e4I6DMrlDPFI,1645764839104784443
c4xElUCnvHjjwi08JzDv3V2Hrr04GGKsKF43kHqfWYOQEPYXMjRPFRg4Ih7YvPOF,1645764839204888726
fSIPh72BfObtl8O7rpX4GB7WqE4lbSyGtFdYMfiz4HqnPEvF2SJGbQnScpDCIAS9,1645764839304813189
P4flhNijfYX4kSHksb1Tzmvcb7orHEygGePy17fgdCjLc06UZ5yZrr9QyvID7GrO,1645764839404725501
uGKuLzawAHImGOHpTDOI4Vi1QyCYD4w7IE1cBaYLpo65ALvdYHtancZDYmllofr6,1645764839504761239
tqg5QDOG1UJCpEnLWfwJHVUnFEZ3tQ8lGmofzAtzfC9UPuqtZkCoDecTs9UkZaVn,1645764839604965919
NHQKRHH4UQXrLNks5uhIYJjPSC9zmck7r9SIQhNs8uhRFRJILyasHIHhUQeE0NMr,1645764839704726286
Um7sRUlZMSyZsGrDEQ3UgK9AimMi7gXbQfTs7CPUdO1VcrgqHkIx2S5lEPRJ6xuU,1645764839804801058
cLMjYkBB6Dgi4KWJ4pE7FHqTgFkkCeFozZWVJhgPsK7ufeBhRPmgea7Lqr32VIpS,1645764839904919750
qLy90cZtvenaIzFjM2P1cWKQLLRqeGHUZDbZpAQknCI59WnVYAU8fmX08ypkC4Cj,1645764840004922154
HnI6whpjt5m2bXV7iyGLilJqj6avAkeRYuWSZJBQOxQ0Vu7BsLUa6nPpuxi2iKSG,1645764840105237910
DyimHrDfmbdHVlQN6uwBgL0YIha012ECyuxDl8rYjUnFDCaI4WTipTG68p48pJKo,1645764840205376970
BH1vNqR7LCMYOwqRRJ9GlQMrDPz2iKqrZqkxgB4zOOWkIMBheLyNjIEwhEyNWnD5,1645764840305321639
